year,material_category,DE_Mt
1970,Coal,3087.00441
1970,Crop Residues,2579.882046
1970,Crops,3321.681754
1970,Ferrous ores,764.719
1970,Grazed biomass and fodder crops,5069.649685
1970,Natural Gas,660.95298
1970,Non-ferrous ores,1891.01591
1970,Non-metallic minerals - construction dominant,8930.34892
1970,Non-metallic minerals - industrial or agricultural dominant,633.033229
1970,Oil shale and tar sands,48.127375
1970,Petroleum,2348.051
1970,Wild catch and harvest,47.02804
1970,Wood,1731.105087
1971,Coal,3045.605448
1971,Crop Residues,2656.519785
1971,Crops,3398.599388
1971,Ferrous ores,779.097
1971,Grazed biomass and fodder crops,5140.254882
1971,Natural Gas,710.563086
1971,Non-ferrous ores,1889.9757710000001
1971,Non-metallic minerals - construction dominant,9514.728124
1971,Non-metallic minerals - industrial or agricultural dominant,647.428801
1971,Oil shale and tar sands,56.745670000000004
1971,Petroleum,2486.005
1971,Wild catch and harvest,46.220867
1971,Wood,1747.872559
1972,Coal,3103.192831
1972,Crop Residues,2570.545212
1972,Crops,3337.713919
1972,Ferrous ores,772.231
1972,Grazed biomass and fodder crops,5230.644544
1972,Natural Gas,750.721248
1972,Non-ferrous ores,2019.93775
1972,Non-metallic minerals - construction dominant,9932.123937
1972,Non-metallic minerals - industrial or agricultural dominant,658.980972
1972,Oil shale and tar sands,66.412053
1972,Petroleum,2626.074
1972,Wild catch and harvest,41.055047
1972,Wood,1754.540995
1973,Coal,3135.834819
1973,Crop Residues,2809.917223
1973,Crops,3598.37918
1973,Ferrous ores,839.17
1973,Grazed biomass and fodder crops,5313.487235
1973,Natural Gas,787.78737
1973,Non-ferrous ores,2089.881437
1973,Non-metallic minerals - construction dominant,10657.168875
1973,Non-metallic minerals - industrial or agricultural dominant,715.195092
1973,Oil shale and tar sands,67.478903
1973,Petroleum,2861.976
1973,Wild catch and harvest,41.023167
1973,Wood,1795.264749
1974,Coal,3143.283532
1974,Crop Residues,2793.181544
1974,Crops,3570.442989
1974,Ferrous ores,891.829
1974,Grazed biomass and fodder crops,5458.15072
1974,Natural Gas,800.26695
1974,Non-ferrous ores,2034.537384
1974,Non-metallic minerals - construction dominant,10560.360693
1974,Non-metallic minerals - industrial or agricultural dominant,773.327938
1974,Oil shale and tar sands,66.58501
1974,Petroleum,2867.3450000000003
1974,Wild catch and harvest,43.338522
1974,Wood,1802.455476
1975,Coal,3355.236111
1975,Crop Residues,2827.984665
1975,Crops,3647.310069
1975,Ferrous ores,895.258
1975,Grazed biomass and fodder crops,5556.977012
1975,Natural Gas,809.283366
1975,Non-ferrous ores,1914.691466
1975,Non-metallic minerals - construction dominant,10170.673346
1975,Non-metallic minerals - industrial or agricultural dominant,769.057054
1975,Oil shale and tar sands,65.58556
1975,Petroleum,2722.564
1975,Wild catch and harvest,42.530901
1975,Wood,1774.470104
1976,Coal,3399.865715
1976,Crop Residues,3003.466132
1976,Crops,3825.222651
1976,Ferrous ores,903.475
1976,Grazed biomass and fodder crops,5580.830011
1976,Natural Gas,844.264512
1976,Non-ferrous ores,1998.921549
1976,Non-metallic minerals - construction dominant,10595.680306
1976,Non-metallic minerals - industrial or agricultural dominant,844.889451
1976,Oil shale and tar sands,69.472713
1976,Petroleum,2955.194
1976,Wild catch and harvest,45.188192
1976,Wood,1832.469585
1977,Coal,3530.501615
1977,Crop Residues,3058.433698
1977,Crops,3911.779664
1977,Ferrous ores,850.702
1977,Grazed biomass and fodder crops,5558.258593
1977,Natural Gas,872.075862
1977,Non-ferrous ores,1973.34961
1977,Non-metallic minerals - construction dominant,11144.979284
1977,Non-metallic minerals - industrial or agricultural dominant,858.723324
1977,Oil shale and tar sands,75.098298
1977,Petroleum,3061.549
1977,Wild catch and harvest,44.024234
1977,Wood,1843.753524
1978,Coal,3578.691904
1978,Crop Residues,3258.104543
1978,Crops,4134.797308
1978,Ferrous ores,847.911
1978,Grazed biomass and fodder crops,5534.689048
1978,Natural Gas,911.23704
1978,Non-ferrous ores,1980.258259
1978,Non-metallic minerals - construction dominant,12014.085095
1978,Non-metallic minerals - industrial or agricultural dominant,910.0160490000001
1978,Oil shale and tar sands,83.000472
1978,Petroleum,3054.243
1978,Wild catch and harvest,46.331443
1978,Wood,1876.6883619999999
1979,Coal,3760.406603
1979,Crop Residues,3166.656246
1979,Crops,4095.597599
1979,Ferrous ores,910.18958
1979,Grazed biomass and fodder crops,5534.793081
1979,Natural Gas,966.359736
1979,Non-ferrous ores,2007.070642
1979,Non-metallic minerals - construction dominant,12180.902709
1979,Non-metallic minerals - industrial or agricultural dominant,919.4904750000001
1979,Oil shale and tar sands,110.800337
1979,Petroleum,3247.252
1979,Wild catch and harvest,48.000578
1979,Wood,1916.200048
1980,Coal,3804.689315
1980,Crop Residues,3169.212147
1980,Crops,4022.551764
1980,Ferrous ores,898.178439
1980,Grazed biomass and fodder crops,5592.809106
1980,Natural Gas,988.641828
1980,Non-ferrous ores,2019.7520240000001
1980,Non-metallic minerals - construction dominant,11988.427918
1980,Non-metallic minerals - industrial or agricultural dominant,974.665069
1980,Oil shale and tar sands,129.480999
1980,Petroleum,3093.324192
1980,Wild catch and harvest,48.036203
1980,Wood,1926.060831
1981,Coal,3852.0321910000002
1981,Crop Residues,3323.551168
1981,Crops,4240.353684
1981,Ferrous ores,857.182082
1981,Grazed biomass and fodder crops,5639.78046
1981,Natural Gas,1012.26087
1981,Non-ferrous ores,2100.674165
1981,Non-metallic minerals - construction dominant,11630.207464
1981,Non-metallic minerals - industrial or agricultural dominant,956.064969
1981,Oil shale and tar sands,117.15733900000001
1981,Petroleum,2920.4524810000003
1981,Wild catch and harvest,50.16501
1981,Wood,1921.130973
1982,Coal,3996.010935
1982,Crop Residues,3470.751253
1982,Crops,4470.775589
1982,Ferrous ores,816.318731
1982,Grazed biomass and fodder crops,5699.252678
1982,Natural Gas,989.8362539999999
1982,Non-ferrous ores,2065.267504
1982,Non-metallic minerals - construction dominant,11480.096677
1982,Non-metallic minerals - industrial or agricultural dominant,892.685035
1982,Oil shale and tar sands,136.506103
1982,Petroleum,2799.241288
1982,Wild catch and harvest,52.17184
1982,Wood,1925.247285
1983,Coal,4033.330902
1983,Crop Residues,3448.2462259999998
1983,Crops,4378.181698
1983,Ferrous ores,780.979479
1983,Grazed biomass and fodder crops,5719.824943
1983,Natural Gas,991.408176
1983,Non-ferrous ores,2130.908556
1983,Non-metallic minerals - construction dominant,12075.709006
1983,Non-metallic minerals - industrial or agricultural dominant,938.224149
1983,Oil shale and tar sands,165.89953100000002
1983,Petroleum,2771.100245
1983,Wild catch and harvest,51.639876
1983,Wood,1973.871155
1984,Coal,4224.391445
1984,Crop Residues,3649.741538
1984,Crops,4678.502506
1984,Ferrous ores,882.927499
1984,Grazed biomass and fodder crops,5752.549719
1984,Natural Gas,1081.562436
1984,Non-ferrous ores,2255.480645
1984,Non-metallic minerals - construction dominant,12500.132853
1984,Non-metallic minerals - industrial or agricultural dominant,1029.735524
1984,Oil shale and tar sands,129.355313
1984,Petroleum,2802.679202
1984,Wild catch and harvest,56.676812
1984,Wood,2023.8569380000001
1985,Coal,4362.683828
1985,Crop Residues,3712.790045
1985,Crops,4725.443612
1985,Ferrous ores,919.690916
1985,Grazed biomass and fodder crops,5771.058609
1985,Natural Gas,1119.99366
1985,Non-ferrous ores,2348.202523
1985,Non-metallic minerals - construction dominant,13212.952691
1985,Non-metallic minerals - industrial or agricultural dominant,1041.83133
1985,Oil shale and tar sands,153.101435
1985,Petroleum,2784.103085
1985,Wild catch and harvest,58.603254
1985,Wood,2027.803426
1986,Coal,4480.263974
1986,Crop Residues,3755.340384
1986,Crops,4780.370116
1986,Ferrous ores,933.398793
1986,Grazed biomass and fodder crops,5797.072657
1986,Natural Gas,1112.402448
1986,Non-ferrous ores,2416.6800160000003
1986,Non-metallic minerals - construction dominant,13986.445009000001
1986,Non-metallic minerals - industrial or agricultural dominant,1026.169465
1986,Oil shale and tar sands,163.558018
1986,Petroleum,2919.722085
1986,Wild catch and harvest,63.094776
1986,Wood,2073.824733
1987,Coal,4579.22724
1987,Crop Residues,3774.256903
1987,Crops,4827.427753
1987,Ferrous ores,958.118024
1987,Grazed biomass and fodder crops,5796.244634
1987,Natural Gas,1195.92428
1987,Non-ferrous ores,2555.933097
1987,Non-metallic minerals - construction dominant,14866.437283
1987,Non-metallic minerals - industrial or agricultural dominant,1090.458509
1987,Oil shale and tar sands,160.370147
1987,Petroleum,2936.787085
1987,Wild catch and harvest,64.025032
1987,Wood,2104.736478
1988,Coal,4674.800465
1988,Crop Residues,3779.99334
1988,Crops,4784.243972
1988,Ferrous ores,978.061108
1988,Grazed biomass and fodder crops,5818.822775
1988,Natural Gas,1253.548968
1988,Non-ferrous ores,2734.843381
1988,Non-metallic minerals - construction dominant,15727.930598
1988,Non-metallic minerals - industrial or agricultural dominant,1131.346806
1988,Oil shale and tar sands,173.54644
1988,Petroleum,3070.475064
1988,Wild catch and harvest,61.443483
1988,Wood,2128.99467
1989,Coal,4758.424697
1989,Crop Residues,3981.717138
1989,Crops,5033.530991
1989,Ferrous ores,997.929261
1989,Grazed biomass and fodder crops,5892.081315
1989,Natural Gas,1316.013616
1989,Non-ferrous ores,2852.580747
1989,Non-metallic minerals - construction dominant,15726.183989
1989,Non-metallic minerals - industrial or agricultural dominant,1133.983771
1989,Oil shale and tar sands,176.00204000000002
1989,Petroleum,3129.528085
1989,Wild catch and harvest,61.879776
1989,Wood,2153.53701
1990,Coal,4622.277352
1990,Crop Residues,4103.531541
1990,Crops,5164.545867
1990,Ferrous ores,986.066432
1990,Grazed biomass and fodder crops,5920.937411
1990,Natural Gas,1375.125167
1990,Non-ferrous ores,2956.195289
1990,Non-metallic minerals - construction dominant,15818.358519
1990,Non-metallic minerals - industrial or agricultural dominant,1127.79988
1990,Oil shale and tar sands,178.102325
1990,Petroleum,3160.555925
1990,Wild catch and harvest,59.435161
1990,Wood,2179.514825
1991,Coal,4452.469711
1991,Crop Residues,4067.6049040000003
1991,Crops,5140.352458
1991,Ferrous ores,962.209977
1991,Grazed biomass and fodder crops,5928.870231
1991,Natural Gas,1409.569518
1991,Non-ferrous ores,2892.548703
1991,Non-metallic minerals - construction dominant,15743.638386999999
1991,Non-metallic minerals - industrial or agricultural dominant,1073.410679
1991,Oil shale and tar sands,190.732567
1991,Petroleum,3141.775118
1991,Wild catch and harvest,59.327552
1991,Wood,2130.973582
1992,Coal,4289.309996
1992,Crop Residues,4185.402491
1992,Crops,5306.983144
1992,Ferrous ores,936.529439
1992,Grazed biomass and fodder crops,5836.731663
1992,Natural Gas,1454.572876
1992,Non-ferrous ores,3036.951443
1992,Non-metallic minerals - construction dominant,17169.175199
1992,Non-metallic minerals - industrial or agricultural dominant,1050.1429
1992,Oil shale and tar sands,190.88540400000002
1992,Petroleum,3168.62131
1992,Wild catch and harvest,65.779785
1992,Wood,2088.514773
1993,Coal,4196.148303
1993,Crop Residues,4146.160632
1993,Crops,5240.291796
1993,Ferrous ores,952.791263
1993,Grazed biomass and fodder crops,5805.946507
1993,Natural Gas,1498.041744
1993,Non-ferrous ores,3021.7417490000003
1993,Non-metallic minerals - construction dominant,18197.995675
1993,Non-metallic minerals - industrial or agricultural dominant,966.613267
1993,Oil shale and tar sands,191.313326
1993,Petroleum,3179.343406
1993,Wild catch and harvest,67.607043
1993,Wood,2058.306769
1994,Coal,4294.6946609999995
1994,Crop Residues,4231.577443
1994,Crops,5372.502274
1994,Ferrous ores,998.570771
1994,Grazed biomass and fodder crops,5854.671577
1994,Natural Gas,1518.867616
1994,Non-ferrous ores,3034.30725
1994,Non-metallic minerals - construction dominant,19183.954306
1994,Non-metallic minerals - industrial or agricultural dominant,978.11173
1994,Oil shale and tar sands,204.205667
1994,Petroleum,3202.722768
1994,Wild catch and harvest,73.496964
1994,Wood,2053.853886
1995,Coal,4456.317425
1995,Crop Residues,4259.162351
1995,Crops,5461.356694
1995,Ferrous ores,1049.959936
1995,Grazed biomass and fodder crops,5885.873828
1995,Natural Gas,1543.598131
1995,Non-ferrous ores,3140.594533
1995,Non-metallic minerals - construction dominant,19951.729443
1995,Non-metallic minerals - industrial or agricultural dominant,1046.261974
1995,Oil shale and tar sands,217.12182099999998
1995,Petroleum,3227.409603
1995,Wild catch and harvest,73.798491
1995,Wood,2081.326539
1996,Coal,4529.580533
1996,Crop Residues,4507.636659
1996,Crops,5777.488332
1996,Ferrous ores,1024.901644
1996,Grazed biomass and fodder crops,5895.561541
1996,Natural Gas,1606.478724
1996,Non-ferrous ores,3296.238967
1996,Non-metallic minerals - construction dominant,20257.18163
1996,Non-metallic minerals - industrial or agricultural dominant,1031.678386
1996,Oil shale and tar sands,218.497821
1996,Petroleum,3311.566176
1996,Wild catch and harvest,73.796665
1996,Wood,2065.349335
1997,Coal,4505.108076
1997,Crop Residues,4574.734914
1997,Crops,5891.535307
1997,Ferrous ores,1066.496963
1997,Grazed biomass and fodder crops,5759.167989
1997,Natural Gas,1604.565736
1997,Non-ferrous ores,3505.097268
1997,Non-metallic minerals - construction dominant,20911.888679
1997,Non-metallic minerals - industrial or agricultural dominant,1063.8546020000001
1997,Oil shale and tar sands,224.179325
1997,Petroleum,3405.770747
1997,Wild catch and harvest,73.607403
1997,Wood,2104.968136
1998,Coal,4469.238833
1998,Crop Residues,4607.326891
1998,Crops,5941.0594949999995
1998,Ferrous ores,1055.431256
1998,Grazed biomass and fodder crops,5765.803577
1998,Natural Gas,1641.160759
1998,Non-ferrous ores,3647.0283480000003
1998,Non-metallic minerals - construction dominant,21557.255265
1998,Non-metallic minerals - industrial or agricultural dominant,1056.827493
1998,Oil shale and tar sands,235.631981
1998,Petroleum,3483.808987
1998,Wild catch and harvest,66.801705
1998,Wood,2093.543234
1999,Coal,4408.3712829999995
1999,Crop Residues,4654.971251
1999,Crops,6079.367504
1999,Ferrous ores,1022.410479
1999,Grazed biomass and fodder crops,5774.562133
1999,Natural Gas,1686.790264
1999,Non-ferrous ores,3745.946179
1999,Non-metallic minerals - construction dominant,22296.802498
1999,Non-metallic minerals - industrial or agricultural dominant,1069.599892
1999,Oil shale and tar sands,245.027524
1999,Petroleum,3454.357022
1999,Wild catch and harvest,73.383384
1999,Wood,2125.624654
2000,Coal,4538.497268
2000,Crop Residues,4617.78539
2000,Crops,6143.164803
2000,Ferrous ores,1091.795672
2000,Grazed biomass and fodder crops,5801.124632
2000,Natural Gas,1726.753485
2000,Non-ferrous ores,3931.103528
2000,Non-metallic minerals - construction dominant,22892.261158
2000,Non-metallic minerals - industrial or agricultural dominant,1072.240313
2000,Oil shale and tar sands,243.98301899999998
2000,Petroleum,3581.019269
2000,Wild catch and harvest,75.624677
2000,Wood,2169.8934249999998
2001,Coal,4760.085277
2001,Crop Residues,4769.423508
2001,Crops,6212.49087
2001,Ferrous ores,1058.453029
2001,Grazed biomass and fodder crops,5788.338394
2001,Natural Gas,1763.2607150000001
2001,Non-ferrous ores,4020.929586
2001,Non-metallic minerals - construction dominant,23339.868133
2001,Non-metallic minerals - industrial or agricultural dominant,1060.305875
2001,Oil shale and tar sands,264.720534
2001,Petroleum,3597.915232
2001,Wild catch and harvest,73.265998
2001,Wood,2127.822029
2002,Coal,4814.476289
2002,Crop Residues,4766.103832
2002,Crops,6320.138782
2002,Ferrous ores,1125.636135
2002,Grazed biomass and fodder crops,5820.062587
2002,Natural Gas,1799.875481
2002,Non-ferrous ores,3992.456468
2002,Non-metallic minerals - construction dominant,24184.221799
2002,Non-metallic minerals - industrial or agricultural dominant,1105.791571
2002,Oil shale and tar sands,330.531895
2002,Petroleum,3570.513007
2002,Wild catch and harvest,73.911822
2002,Wood,2163.335399
2003,Coal,5147.422798
2003,Crop Residues,4930.157264
2003,Crops,6446.152272
2003,Ferrous ores,1245.951671
2003,Grazed biomass and fodder crops,5864.645243
2003,Natural Gas,1872.721185
2003,Non-ferrous ores,4066.789295
2003,Non-metallic minerals - construction dominant,25428.359213
2003,Non-metallic minerals - industrial or agricultural dominant,1154.222054
2003,Oil shale and tar sands,327.196347
2003,Petroleum,3731.6142839999998
2003,Wild catch and harvest,71.589781
2003,Wood,2196.570758
2004,Coal,5514.911674
2004,Crop Residues,5225.375371
2004,Crops,6763.87312
2004,Ferrous ores,1384.376502
2004,Grazed biomass and fodder crops,5922.087549
2004,Natural Gas,1934.260522
2004,Non-ferrous ores,4236.888006
2004,Non-metallic minerals - construction dominant,27150.088269
2004,Non-metallic minerals - industrial or agricultural dominant,1222.81985
2004,Oil shale and tar sands,346.651591
2004,Petroleum,3844.655268
2004,Wild catch and harvest,76.809432
2004,Wood,2229.673196
2005,Coal,5873.324004
2005,Crop Residues,5281.167897
2005,Crops,6790.916086
2005,Ferrous ores,1576.910929
2005,Grazed biomass and fodder crops,5973.819113
2005,Natural Gas,1991.266177
2005,Non-ferrous ores,4385.958952
2005,Non-metallic minerals - construction dominant,28668.237159
2005,Non-metallic minerals - industrial or agricultural dominant,1278.79919
2005,Oil shale and tar sands,333.456371
2005,Petroleum,3874.6970739999997
2005,Wild catch and harvest,75.786976
2005,Wood,2252.703178
2006,Coal,6194.677734
2006,Crop Residues,5402.32731
2006,Crops,6958.528095
2006,Ferrous ores,1840.671274
2006,Grazed biomass and fodder crops,6006.991757
2006,Natural Gas,2055.630906
2006,Non-ferrous ores,4488.206461
2006,Non-metallic minerals - construction dominant,30478.408252
2006,Non-metallic minerals - industrial or agricultural dominant,1299.0110770000001
2006,Oil shale and tar sands,424.700436
2006,Petroleum,3911.646132
2006,Wild catch and harvest,74.64274
2006,Wood,2232.594307
2007,Coal,6502.480823
2007,Crop Residues,5651.111043
2007,Crops,7270.475047
2007,Ferrous ores,2057.805205
2007,Grazed biomass and fodder crops,6030.830916
2007,Natural Gas,2095.01629
2007,Non-ferrous ores,4618.376901
2007,Non-metallic minerals - construction dominant,31847.902695
2007,Non-metallic minerals - industrial or agricultural dominant,1339.38058
2007,Oil shale and tar sands,568.316463
2007,Petroleum,3876.198052
2007,Wild catch and harvest,74.477504
2007,Wood,2258.50844
2008,Coal,6699.247064
2008,Crop Residues,6055.287876
2008,Crops,7654.561353
2008,Ferrous ores,2240.5137330000002
2008,Grazed biomass and fodder crops,6058.594213
2008,Natural Gas,2185.124806
2008,Non-ferrous ores,4659.680496
2008,Non-metallic minerals - construction dominant,31686.180151
2008,Non-metallic minerals - industrial or agricultural dominant,1339.0774920000001
2008,Oil shale and tar sands,535.423581
2008,Petroleum,3913.793381
2008,Wild catch and harvest,73.454588
2008,Wood,2200.938585
2009,Coal,6806.959682000001
2009,Crop Residues,5901.3918539999995
2009,Crops,7619.144017
2009,Ferrous ores,2286.264632
2009,Grazed biomass and fodder crops,6038.74151
2009,Natural Gas,2121.517252
2009,Non-ferrous ores,4747.7941280000005
2009,Non-metallic minerals - construction dominant,32279.258457
2009,Non-metallic minerals - industrial or agricultural dominant,1204.104787
2009,Oil shale and tar sands,623.560251
2009,Petroleum,3833.935273
2009,Wild catch and harvest,72.08145999999999
2009,Wood,2141.553585
2010,Coal,7192.078126
2010,Crop Residues,6123.835441
2010,Crops,7774.047518
2010,Ferrous ores,2639.17588
2010,Grazed biomass and fodder crops,6012.301533
2010,Natural Gas,2264.903798
2010,Non-ferrous ores,5003.882684
2010,Non-metallic minerals - construction dominant,34680.404444
2010,Non-metallic minerals - industrial or agricultural dominant,1391.200821
2010,Oil shale and tar sands,652.143849
2010,Petroleum,3922.563668
2010,Wild catch and harvest,70.395568
2010,Wood,2250.537181
2011,Coal,7665.698384
2011,Crop Residues,6504.151749
2011,Crops,8219.124051
2011,Ferrous ores,3019.875078
2011,Grazed biomass and fodder crops,6017.612573
2011,Natural Gas,2344.510833
2011,Non-ferrous ores,5204.892076
2011,Non-metallic minerals - construction dominant,37431.295415
2011,Non-metallic minerals - industrial or agricultural dominant,1616.758889
2011,Oil shale and tar sands,706.727396
2011,Petroleum,3969.697172
2011,Wild catch and harvest,74.434448
2011,Wood,2301.788976
2012,Coal,7754.309819
2012,Crop Residues,6516.815859
2012,Crops,8236.498082
2012,Ferrous ores,2978.599226
2012,Grazed biomass and fodder crops,5944.148299
2012,Natural Gas,2382.967155
2012,Non-ferrous ores,5431.47932
2012,Non-metallic minerals - construction dominant,39534.550194
2012,Non-metallic minerals - industrial or agricultural dominant,1638.9727
2012,Oil shale and tar sands,746.239866
2012,Petroleum,4050.946486
2012,Wild catch and harvest,71.072212
2012,Wood,2302.372123
2013,Coal,7809.819475
2013,Crop Residues,6939.530245
2013,Crops,8630.72965
2013,Ferrous ores,3188.926454
2013,Grazed biomass and fodder crops,5959.851347
2013,Natural Gas,2412.190954
2013,Non-ferrous ores,5816.476989
2013,Non-metallic minerals - construction dominant,41034.598933
2013,Non-metallic minerals - industrial or agricultural dominant,1699.535858
2013,Oil shale and tar sands,769.859388
2013,Petroleum,4068.043451
2013,Wild catch and harvest,72.419385
2013,Wood,2329.611891
2014,Coal,7740.66985
2014,Crop Residues,7054.84127
2014,Crops,8789.264759
2014,Ferrous ores,3461.823651
2014,Grazed biomass and fodder crops,5990.751319
2014,Natural Gas,2469.124186
2014,Non-ferrous ores,5860.861278
2014,Non-metallic minerals - construction dominant,41703.568964
2014,Non-metallic minerals - industrial or agricultural dominant,1735.97227
2014,Oil shale and tar sands,789.5709069999999
2014,Petroleum,4135.764707
2014,Wild catch and harvest,72.784937
2014,Wood,2345.186928
2015,Coal,7548.316159
2015,Crop Residues,7144.390866
2015,Crops,8836.326948
2015,Ferrous ores,3360.926768
2015,Grazed biomass and fodder crops,6037.538928
2015,Natural Gas,2507.783052
2015,Non-ferrous ores,6008.621990000001
2015,Non-metallic minerals - construction dominant,41476.917467
2015,Non-metallic minerals - industrial or agricultural dominant,1606.50026
2015,Oil shale and tar sands,799.990296
2015,Petroleum,4246.466015
2015,Wild catch and harvest,73.498771
2015,Wood,2336.189076
2016,Coal,7079.926983
2016,Crop Residues,7248.5712300000005
2016,Crops,8973.683583
2016,Ferrous ores,3321.42903
2016,Grazed biomass and fodder crops,6101.893322
2016,Natural Gas,2580.713168
2016,Non-ferrous ores,6248.524924
2016,Non-metallic minerals - construction dominant,42289.7903
2016,Non-metallic minerals - industrial or agricultural dominant,1779.01352
2016,Oil shale and tar sands,704.632169
2016,Petroleum,4317.285892
2016,Wild catch and harvest,70.73097
2016,Wood,2395.586568
2017,Coal,7345.910631000001
2017,Crop Residues,7558.746588
2017,Crops,9189.664514
2017,Ferrous ores,3361.522671
2017,Grazed biomass and fodder crops,6130.714765
2017,Natural Gas,2678.739093
2017,Non-ferrous ores,6276.088766
2017,Non-metallic minerals - construction dominant,41800.724829
2017,Non-metallic minerals - industrial or agricultural dominant,1902.78087
2017,Oil shale and tar sands,857.498745
2017,Petroleum,4315.495339
2017,Wild catch and harvest,74.86172
2017,Wood,2414.0633550000002
2018,Coal,7657.91207
2018,Crop Residues,7566.917338
2018,Crops,9242.204828
2018,Ferrous ores,2946.40023
2018,Grazed biomass and fodder crops,6127.350569
2018,Natural Gas,2775.729537
2018,Non-ferrous ores,6404.182776
2018,Non-metallic minerals - construction dominant,42220.773047
2018,Non-metallic minerals - industrial or agricultural dominant,1922.125138
2018,Oil shale and tar sands,840.47834
2018,Petroleum,4398.398574
2018,Wild catch and harvest,77.906685
2018,Wood,2489.342858
2019,Coal,7741.886221
2019,Crop Residues,7704.516492
2019,Crops,9357.733601
2019,Ferrous ores,3058.580854
2019,Grazed biomass and fodder crops,6184.60907
2019,Natural Gas,2915.037004
2019,Non-ferrous ores,6494.317828
2019,Non-metallic minerals - construction dominant,43426.735515
2019,Non-metallic minerals - industrial or agricultural dominant,1899.633589
2019,Oil shale and tar sands,949.106111
2019,Petroleum,4380.585289
2019,Wild catch and harvest,74.37886400000001
2019,Wood,2458.873733
2020,Coal,7383.128234
2020,Crop Residues,7731.131891
2020,Crops,9325.676238
2020,Ferrous ores,3017.202065
2020,Grazed biomass and fodder crops,6223.423369
2020,Natural Gas,2835.882261
2020,Non-ferrous ores,6375.059515
2020,Non-metallic minerals - construction dominant,43905.480803
2020,Non-metallic minerals - industrial or agricultural dominant,1792.238119
2020,Oil shale and tar sands,926.470225
2020,Petroleum,4210.95116
2020,Wild catch and harvest,73.457521
2020,Wood,2428.631826
2021,Coal,7661.095155
2021,Crop Residues,7866.882433
2021,Crops,9471.172856
2021,Ferrous ores,3175.255211
2021,Grazed biomass and fodder crops,6258.363718
2021,Natural Gas,2886.414272
2021,Non-ferrous ores,6641.866641
2021,Non-metallic minerals - construction dominant,45976.325071
2021,Non-metallic minerals - industrial or agricultural dominant,1888.713773
2021,Oil shale and tar sands,974.268195
2021,Petroleum,4295.760602
2021,Wild catch and harvest,76.644004
2021,Wood,2459.162969
2022,Coal,7706.869066
2022,Crop Residues,7997.715494
2022,Crops,9638.812602
2022,Ferrous ores,3264.839482
2022,Grazed biomass and fodder crops,6279.477407
2022,Natural Gas,2871.452082
2022,Non-ferrous ores,6791.103731
2022,Non-metallic minerals - construction dominant,47392.718865
2022,Non-metallic minerals - industrial or agricultural dominant,1940.996944
2022,Oil shale and tar sands,989.911986
2022,Petroleum,4341.632675
2022,Wild catch and harvest,78.716334
2022,Wood,2465.221833
2023,Coal,7764.645608
2023,Crop Residues,8114.911383
2023,Crops,9784.057548
2023,Ferrous ores,3367.061087
2023,Grazed biomass and fodder crops,6261.60982
2023,Natural Gas,2855.283877
2023,Non-ferrous ores,6939.831463
2023,Non-metallic minerals - construction dominant,49006.739085
2023,Non-metallic minerals - industrial or agricultural dominant,1992.611891
2023,Oil shale and tar sands,996.61436
2023,Petroleum,4375.71405
2023,Wild catch and harvest,80.535574
2023,Wood,2463.818251
2024,Coal,7835.506871
2024,Crop Residues,8256.140461
2024,Crops,9967.106876
2024,Ferrous ores,3482.940257
2024,Grazed biomass and fodder crops,6272.695232
2024,Natural Gas,2853.1878300000003
2024,Non-ferrous ores,7121.429133
2024,Non-metallic minerals - construction dominant,50886.155453
2024,Non-metallic minerals - industrial or agricultural dominant,2058.1197779999998
2024,Oil shale and tar sands,997.446976
2024,Petroleum,4410.297721
2024,Wild catch and harvest,82.43494
2024,Wood,2478.246122
