year,material_category,IMP_Mt
1970,Coal,78.911
1970,Crop Residues,0.592213
1970,Crops,226.409007
1970,Excavated earthen materials (including soil) nec,0
1970,Ferrous ores,302.2119
1970,Grazed biomass and fodder crops,1.26071
1970,Mixed / complex products nec.,7.092823
1970,Natural Gas,24.070415
1970,Non-ferrous ores,62.742594
1970,Non-metallic minerals - construction dominant,35.105004
1970,Non-metallic minerals - industrial or agricultural dominant,104.305095
1970,Non-wild animal products,20.177281
1970,Other products mainly from fossil fuels e.g. plastics,14.654798
1970,Petroleum,581.5531
1970,Products mainly from biomass nec.,21.461603
1970,Products mainly from metals nec.,27.619887
1970,Products mainly from non-metallic minerals,46.874489000000004
1970,Refined fossil fuels mainly for fuel e.g. LPG gasoline diesel,264.0163
1970,Waste for final treatment and disposal,1.368542
1970,Wild catch and harvest,0
1970,Wood,144.963585
1971,Coal,77.687
1971,Crop Residues,0.489035
1971,Crops,233.47766000000001
1971,Excavated earthen materials (including soil) nec,0
1971,Ferrous ores,287.913683
1971,Grazed biomass and fodder crops,1.148735
1971,Mixed / complex products nec.,8.651455
1971,Natural Gas,30.835788
1971,Non-ferrous ores,62.809345
1971,Non-metallic minerals - construction dominant,35.608568999999996
1971,Non-metallic minerals - industrial or agricultural dominant,105.189589
1971,Non-wild animal products,20.96404
1971,Other products mainly from fossil fuels e.g. plastics,15.457374
1971,Petroleum,646.577
1971,Products mainly from biomass nec.,22.945423
1971,Products mainly from metals nec.,28.795132
1971,Products mainly from non-metallic minerals,54.863699
1971,Refined fossil fuels mainly for fuel e.g. LPG gasoline diesel,266.1983
1971,Waste for final treatment and disposal,1.319354
1971,Wild catch and harvest,0
1971,Wood,141.694939
1972,Coal,79.972
1972,Crop Residues,0.435034
1972,Crops,255.52399499999999
1972,Excavated earthen materials (including soil) nec,0
1972,Ferrous ores,290.248645
1972,Grazed biomass and fodder crops,1.257376
1972,Mixed / complex products nec.,9.414443
1972,Natural Gas,36.658995000000004
1972,Non-ferrous ores,60.259388
1972,Non-metallic minerals - construction dominant,38.093136
1972,Non-metallic minerals - industrial or agricultural dominant,112.611518
1972,Non-wild animal products,22.66504
1972,Other products mainly from fossil fuels e.g. plastics,18.416149
1972,Petroleum,720.833
1972,Products mainly from biomass nec.,25.143952
1972,Products mainly from metals nec.,30.436847
1972,Products mainly from non-metallic minerals,59.121405
1972,Refined fossil fuels mainly for fuel e.g. LPG gasoline diesel,279.8263
1972,Waste for final treatment and disposal,1.3494439999999999
1972,Wild catch and harvest,0
1972,Wood,154.251781
1973,Coal,135.725
1973,Crop Residues,0.404724
1973,Crops,286.410007
1973,Excavated earthen materials (including soil) nec,0
1973,Ferrous ores,350.065998
1973,Grazed biomass and fodder crops,1.4626460000000001
1973,Mixed / complex products nec.,11.193414
1973,Natural Gas,40.769234999999995
1973,Non-ferrous ores,68.463434
1973,Non-metallic minerals - construction dominant,47.857673999999996
1973,Non-metallic minerals - industrial or agricultural dominant,120.19328
1973,Non-wild animal products,22.958202
1973,Other products mainly from fossil fuels e.g. plastics,21.581307
1973,Petroleum,1091.917
1973,Products mainly from biomass nec.,29.018296
1973,Products mainly from metals nec.,34.483954
1973,Products mainly from non-metallic minerals,76.483603
1973,Refined fossil fuels mainly for fuel e.g. LPG gasoline diesel,330.74830000000003
1973,Waste for final treatment and disposal,1.573566
1973,Wild catch and harvest,0
1973,Wood,174.702578
1974,Coal,150.703
1974,Crop Residues,0.501362
1974,Crops,280.964212
1974,Excavated earthen materials (including soil) nec,0
1974,Ferrous ores,382.363937
1974,Grazed biomass and fodder crops,1.320919
1974,Mixed / complex products nec.,12.804776
1974,Natural Gas,43.534378
1974,Non-ferrous ores,76.50535
1974,Non-metallic minerals - construction dominant,51.231944999999996
1974,Non-metallic minerals - industrial or agricultural dominant,133.730322
1974,Non-wild animal products,22.193607
1974,Other products mainly from fossil fuels e.g. plastics,22.961969
1974,Petroleum,1071.011
1974,Products mainly from biomass nec.,28.636105
1974,Products mainly from metals nec.,39.258702
1974,Products mainly from non-metallic minerals,87.196638
1974,Refined fossil fuels mainly for fuel e.g. LPG gasoline diesel,304.645263
1974,Waste for final treatment and disposal,1.705199
1974,Wild catch and harvest,0
1974,Wood,174.065712
1975,Coal,151.869
1975,Crop Residues,0.669464
1975,Crops,287.72143
1975,Excavated earthen materials (including soil) nec,0
1975,Ferrous ores,356.425824
1975,Grazed biomass and fodder crops,1.313682
1975,Mixed / complex products nec.,11.901429
1975,Natural Gas,46.596180000000004
1975,Non-ferrous ores,68.711161
1975,Non-metallic minerals - construction dominant,52.809825
1975,Non-metallic minerals - industrial or agricultural dominant,113.935647
1975,Non-wild animal products,22.911242
1975,Other products mainly from fossil fuels e.g. plastics,19.141025
1975,Petroleum,1041.024
1975,Products mainly from biomass nec.,27.782524
1975,Products mainly from metals nec.,38.735003999999996
1975,Products mainly from non-metallic minerals,81.931558
1975,Refined fossil fuels mainly for fuel e.g. LPG gasoline diesel,259.617298
1975,Waste for final treatment and disposal,1.45023
1975,Wild catch and harvest,0
1975,Wood,142.018447
1976,Coal,148.95
1976,Crop Residues,0.769593
1976,Crops,315.73861
1976,Excavated earthen materials (including soil) nec,0
1976,Ferrous ores,364.725802
1976,Grazed biomass and fodder crops,1.8149359999999999
1976,Mixed / complex products nec.,13.578847
1976,Natural Gas,50.603672
1976,Non-ferrous ores,71.724028
1976,Non-metallic minerals - construction dominant,57.74886
1976,Non-metallic minerals - industrial or agricultural dominant,115.843237
1976,Non-wild animal products,28.886685
1976,Other products mainly from fossil fuels e.g. plastics,23.156907
1976,Petroleum,1160.067
1976,Products mainly from biomass nec.,33.19656
1976,Products mainly from metals nec.,45.598726
1976,Products mainly from non-metallic minerals,95.565134
1976,Refined fossil fuels mainly for fuel e.g. LPG gasoline diesel,275.931488
1976,Waste for final treatment and disposal,1.705681
1976,Wild catch and harvest,4.442971
1976,Wood,165.824837
1977,Coal,157.324
1977,Crop Residues,0.662492
1977,Crops,316.539555
1977,Excavated earthen materials (including soil) nec,0
1977,Ferrous ores,352.72605699999997
1977,Grazed biomass and fodder crops,1.5914789999999999
1977,Mixed / complex products nec.,15.165424
1977,Natural Gas,54.653863
1977,Non-ferrous ores,74.574075
1977,Non-metallic minerals - construction dominant,59.119673
1977,Non-metallic minerals - industrial or agricultural dominant,126.877015
1977,Non-wild animal products,30.658533
1977,Other products mainly from fossil fuels e.g. plastics,24.163994
1977,Petroleum,1231.798
1977,Products mainly from biomass nec.,34.90412
1977,Products mainly from metals nec.,46.071759
1977,Products mainly from non-metallic minerals,110.616149
1977,Refined fossil fuels mainly for fuel e.g. LPG gasoline diesel,299.520488
1977,Waste for final treatment and disposal,1.515135
1977,Wild catch and harvest,4.604076
1977,Wood,174.305479
1978,Coal,152.315
1978,Crop Residues,0.582119
1978,Crops,348.868767
1978,Excavated earthen materials (including soil) nec,0
1978,Ferrous ores,312.312401
1978,Grazed biomass and fodder crops,1.7514139999999998
1978,Mixed / complex products nec.,16.99927
1978,Natural Gas,61.218994
1978,Non-ferrous ores,74.544331
1978,Non-metallic minerals - construction dominant,68.857776
1978,Non-metallic minerals - industrial or agricultural dominant,142.600289
1978,Non-wild animal products,32.546071
1978,Other products mainly from fossil fuels e.g. plastics,26.420759
1978,Petroleum,1219.081
1978,Products mainly from biomass nec.,37.338841
1978,Products mainly from metals nec.,46.455563
1978,Products mainly from non-metallic minerals,137.177015
1978,Refined fossil fuels mainly for fuel e.g. LPG gasoline diesel,292.893493
1978,Waste for final treatment and disposal,1.768671
1978,Wild catch and harvest,5.208339
1978,Wood,183.915859
1979,Coal,178.002
1979,Crop Residues,0.63047
1979,Crops,374.195329
1979,Excavated earthen materials (including soil) nec,0
1979,Ferrous ores,349.833442
1979,Grazed biomass and fodder crops,2.159465
1979,Mixed / complex products nec.,21.911773
1979,Natural Gas,74.767066
1979,Non-ferrous ores,81.798641
1979,Non-metallic minerals - construction dominant,75.97128
1979,Non-metallic minerals - industrial or agricultural dominant,162.262695
1979,Non-wild animal products,34.497587
1979,Other products mainly from fossil fuels e.g. plastics,29.067899
1979,Petroleum,1253.323
1979,Products mainly from biomass nec.,40.384928
1979,Products mainly from metals nec.,48.963834
1979,Products mainly from non-metallic minerals,149.864576
1979,Refined fossil fuels mainly for fuel e.g. LPG gasoline diesel,307.060582
1979,Waste for final treatment and disposal,1.935109
1979,Wild catch and harvest,5.796648
1979,Wood,195.956942
1980,Coal,189.17499999999998
1980,Crop Residues,0.722403
1980,Crops,398.412079
1980,Excavated earthen materials (including soil) nec,0
1980,Ferrous ores,372.994842
1980,Grazed biomass and fodder crops,2.039784
1980,Mixed / complex products nec.,22.621284
1980,Natural Gas,75.042415
1980,Non-ferrous ores,84.611935
1980,Non-metallic minerals - construction dominant,75.68277
1980,Non-metallic minerals - industrial or agricultural dominant,161.14203799999999
1980,Non-wild animal products,35.395147
1980,Other products mainly from fossil fuels e.g. plastics,28.489336
1980,Petroleum,1137.46
1980,Products mainly from biomass nec.,41.150155
1980,Products mainly from metals nec.,47.501312
1980,Products mainly from non-metallic minerals,144.556677
1980,Refined fossil fuels mainly for fuel e.g. LPG gasoline diesel,301.211541
1980,Waste for final treatment and disposal,2.153215
1980,Wild catch and harvest,5.705751
1980,Wood,194.136201
1981,Coal,205.108
1981,Crop Residues,0.737255
1981,Crops,416.035435
1981,Excavated earthen materials (including soil) nec,0
1981,Ferrous ores,338.00196900000003
1981,Grazed biomass and fodder crops,1.749107
1981,Mixed / complex products nec.,25.684041
1981,Natural Gas,73.555622
1981,Non-ferrous ores,84.589679
1981,Non-metallic minerals - construction dominant,75.43731
1981,Non-metallic minerals - industrial or agricultural dominant,149.752125
1981,Non-wild animal products,36.763047
1981,Other products mainly from fossil fuels e.g. plastics,30.74127
1981,Petroleum,1026.875
1981,Products mainly from biomass nec.,43.582517
1981,Products mainly from metals nec.,52.370316
1981,Products mainly from non-metallic minerals,147.683311
1981,Refined fossil fuels mainly for fuel e.g. LPG gasoline diesel,286.897199
1981,Waste for final treatment and disposal,2.299956
1981,Wild catch and harvest,6.028181
1981,Wood,180.446024
1982,Coal,217.087
1982,Crop Residues,0.804963
1982,Crops,419.12198
1982,Excavated earthen materials (including soil) nec,0
1982,Ferrous ores,332.733485
1982,Grazed biomass and fodder crops,2.074796
1982,Mixed / complex products nec.,26.775325
1982,Natural Gas,73.066055
1982,Non-ferrous ores,73.204996
1982,Non-metallic minerals - construction dominant,71.427262
1982,Non-metallic minerals - industrial or agricultural dominant,141.998201
1982,Non-wild animal products,37.481638
1982,Other products mainly from fossil fuels e.g. plastics,30.37493
1982,Petroleum,944.882
1982,Products mainly from biomass nec.,43.477037
1982,Products mainly from metals nec.,49.855854
1982,Products mainly from non-metallic minerals,147.042677
1982,Refined fossil fuels mainly for fuel e.g. LPG gasoline diesel,303.942253
1982,Waste for final treatment and disposal,2.2572389999999998
1982,Wild catch and harvest,6.5165109999999995
1982,Wood,174.82405500000002
1983,Coal,219.582
1983,Crop Residues,0.8600479999999999
1983,Crops,412.948087
1983,Excavated earthen materials (including soil) nec,0
1983,Ferrous ores,312.768504
1983,Grazed biomass and fodder crops,2.065434
1983,Mixed / complex products nec.,27.092228
1983,Natural Gas,75.43075
1983,Non-ferrous ores,72.03797300000001
1983,Non-metallic minerals - construction dominant,75.802347
1983,Non-metallic minerals - industrial or agricultural dominant,157.91733299999999
1983,Non-wild animal products,37.852264
1983,Other products mainly from fossil fuels e.g. plastics,34.242442
1983,Petroleum,924.318
1983,Products mainly from biomass nec.,46.450046
1983,Products mainly from metals nec.,53.813319
1983,Products mainly from non-metallic minerals,168.10289600000002
1983,Refined fossil fuels mainly for fuel e.g. LPG gasoline diesel,307.581912
1983,Waste for final treatment and disposal,2.29926
1983,Wild catch and harvest,6.6135150000000005
1983,Wood,189.294013
1984,Coal,258.448
1984,Crop Residues,0.857202
1984,Crops,427.725316
1984,Excavated earthen materials (including soil) nec,0
1984,Ferrous ores,384.268447
1984,Grazed biomass and fodder crops,2.132785
1984,Mixed / complex products nec.,30.93066
1984,Natural Gas,84.91161699999999
1984,Non-ferrous ores,85.980026
1984,Non-metallic minerals - construction dominant,80.857792
1984,Non-metallic minerals - industrial or agricultural dominant,175.257376
1984,Non-wild animal products,38.785826
1984,Other products mainly from fossil fuels e.g. plastics,38.09601
1984,Petroleum,936.903
1984,Products mainly from biomass nec.,50.546026
1984,Products mainly from metals nec.,59.792606
1984,Products mainly from non-metallic minerals,172.680662
1984,Refined fossil fuels mainly for fuel e.g. LPG gasoline diesel,312.812044
1984,Waste for final treatment and disposal,2.751668
1984,Wild catch and harvest,7.077336
1984,Wood,196.857369
1985,Coal,291.977
1985,Crop Residues,0.969762
1985,Crops,426.089656
1985,Excavated earthen materials (including soil) nec,0
1985,Ferrous ores,374.350432
1985,Grazed biomass and fodder crops,2.148081
1985,Mixed / complex products nec.,29.643692
1985,Natural Gas,86.715414
1985,Non-ferrous ores,80.342475
1985,Non-metallic minerals - construction dominant,78.284383
1985,Non-metallic minerals - industrial or agricultural dominant,177.812705
1985,Non-wild animal products,41.319953
1985,Other products mainly from fossil fuels e.g. plastics,42.551164
1985,Petroleum,890.188
1985,Products mainly from biomass nec.,52.397076
1985,Products mainly from metals nec.,63.692539
1985,Products mainly from non-metallic minerals,176.360748
1985,Refined fossil fuels mainly for fuel e.g. LPG gasoline diesel,301.042814
1985,Waste for final treatment and disposal,2.877924
1985,Wild catch and harvest,7.68304
1985,Wood,200.399165
1986,Coal,290.45300000000003
1986,Crop Residues,1.023263
1986,Crops,409.547588
1986,Excavated earthen materials (including soil) nec,0
1986,Ferrous ores,362.672613
1986,Grazed biomass and fodder crops,2.5675090000000003
1986,Mixed / complex products nec.,31.565063
1986,Natural Gas,87.629968
1986,Non-ferrous ores,76.13521
1986,Non-metallic minerals - construction dominant,85.396113
1986,Non-metallic minerals - industrial or agricultural dominant,174.535898
1986,Non-wild animal products,42.99558
1986,Other products mainly from fossil fuels e.g. plastics,45.532467
1986,Petroleum,993.228
1986,Products mainly from biomass nec.,56.779382999999996
1986,Products mainly from metals nec.,55.758993
1986,Products mainly from non-metallic minerals,174.558937
1986,Refined fossil fuels mainly for fuel e.g. LPG gasoline diesel,339.66207000000003
1986,Waste for final treatment and disposal,2.588045
1986,Wild catch and harvest,8.494623
1986,Wood,210.430608
1987,Coal,298.35
1987,Crop Residues,0.968903
1987,Crops,441.369152
1987,Excavated earthen materials (including soil) nec,0
1987,Ferrous ores,417.551441
1987,Grazed biomass and fodder crops,2.464385
1987,Mixed / complex products nec.,35.101451
1987,Natural Gas,95.201384
1987,Non-ferrous ores,83.940603
1987,Non-metallic minerals - construction dominant,90.561052
1987,Non-metallic minerals - industrial or agricultural dominant,195.64039400000001
1987,Non-wild animal products,44.30846
1987,Other products mainly from fossil fuels e.g. plastics,51.512994
1987,Petroleum,1028.04
1987,Products mainly from biomass nec.,62.516946
1987,Products mainly from metals nec.,58.053433
1987,Products mainly from non-metallic minerals,184.503559
1987,Refined fossil fuels mainly for fuel e.g. LPG gasoline diesel,354.692508
1987,Waste for final treatment and disposal,2.199352
1987,Wild catch and harvest,9.667382
1987,Wood,229.240211
1988,Coal,327.42
1988,Crop Residues,0.86681
1988,Crops,454.83382
1988,Excavated earthen materials (including soil) nec,0
1988,Ferrous ores,450.705886
1988,Grazed biomass and fodder crops,3.341075
1988,Mixed / complex products nec.,48.507659
1988,Natural Gas,106.09859399999999
1988,Non-ferrous ores,94.15623000000001
1988,Non-metallic minerals - construction dominant,105.442409
1988,Non-metallic minerals - industrial or agricultural dominant,206.284141
1988,Non-wild animal products,44.819415
1988,Other products mainly from fossil fuels e.g. plastics,55.096706
1988,Petroleum,1094.895
1988,Products mainly from biomass nec.,68.527383
1988,Products mainly from metals nec.,64.984393
1988,Products mainly from non-metallic minerals,200.22601699999998
1988,Refined fossil fuels mainly for fuel e.g. LPG gasoline diesel,383.159798
1988,Waste for final treatment and disposal,2.912342
1988,Wild catch and harvest,10.521281
1988,Wood,235.702081
1989,Coal,330.693
1989,Crop Residues,0.856005
1989,Crops,465.79607
1989,Excavated earthen materials (including soil) nec,0
1989,Ferrous ores,491.153053
1989,Grazed biomass and fodder crops,3.313907
1989,Mixed / complex products nec.,59.606106
1989,Natural Gas,116.955147
1989,Non-ferrous ores,100.602134
1989,Non-metallic minerals - construction dominant,106.218113
1989,Non-metallic minerals - industrial or agricultural dominant,214.892212
1989,Non-wild animal products,45.613492
1989,Other products mainly from fossil fuels e.g. plastics,60.534753
1989,Petroleum,1166.77
1989,Products mainly from biomass nec.,72.927072
1989,Products mainly from metals nec.,73.7156
1989,Products mainly from non-metallic minerals,211.310725
1989,Refined fossil fuels mainly for fuel e.g. LPG gasoline diesel,401.244116
1989,Waste for final treatment and disposal,3.047645
1989,Wild catch and harvest,11.152716
1989,Wood,243.86157
1990,Coal,340.30001
1990,Crop Residues,0.809557
1990,Crops,459.312948
1990,Excavated earthen materials (including soil) nec,0
1990,Ferrous ores,465.747958
1990,Grazed biomass and fodder crops,3.261842
1990,Mixed / complex products nec.,69.91568
1990,Natural Gas,125.962568
1990,Non-ferrous ores,102.570295
1990,Non-metallic minerals - construction dominant,114.165836
1990,Non-metallic minerals - industrial or agricultural dominant,214.17215
1990,Non-wild animal products,46.48059
1990,Other products mainly from fossil fuels e.g. plastics,65.584091
1990,Petroleum,1213.460529
1990,Products mainly from biomass nec.,79.867438
1990,Products mainly from metals nec.,68.536351
1990,Products mainly from non-metallic minerals,217.753409
1990,Refined fossil fuels mainly for fuel e.g. LPG gasoline diesel,380.629647
1990,Waste for final treatment and disposal,3.216584
1990,Wild catch and harvest,11.513738
1990,Wood,232.011753
1991,Coal,364.72671
1991,Crop Residues,0.945388
1991,Crops,464.894259
1991,Excavated earthen materials (including soil) nec,0
1991,Ferrous ores,544.382731
1991,Grazed biomass and fodder crops,3.6389169999999997
1991,Mixed / complex products nec.,89.107395
1991,Natural Gas,167.26346
1991,Non-ferrous ores,113.016365
1991,Non-metallic minerals - construction dominant,135.968442
1991,Non-metallic minerals - industrial or agricultural dominant,219.791508
1991,Non-wild animal products,48.848517
1991,Other products mainly from fossil fuels e.g. plastics,78.592747
1991,Petroleum,1292.659712
1991,Products mainly from biomass nec.,83.761729
1991,Products mainly from metals nec.,72.506021
1991,Products mainly from non-metallic minerals,247.412638
1991,Refined fossil fuels mainly for fuel e.g. LPG gasoline diesel,421.980519
1991,Waste for final treatment and disposal,3.509437
1991,Wild catch and harvest,11.852687999999999
1991,Wood,234.502164
1992,Coal,428.68621
1992,Crop Residues,1.039116
1992,Crops,516.870343
1992,Excavated earthen materials (including soil) nec,0
1992,Ferrous ores,538.419972
1992,Grazed biomass and fodder crops,4.06558
1992,Mixed / complex products nec.,67.077572
1992,Natural Gas,270.322999
1992,Non-ferrous ores,114.28405
1992,Non-metallic minerals - construction dominant,148.364982
1992,Non-metallic minerals - industrial or agricultural dominant,234.996992
1992,Non-wild animal products,52.368224
1992,Other products mainly from fossil fuels e.g. plastics,89.46001
1992,Petroleum,1459.120965
1992,Products mainly from biomass nec.,93.86030099999999
1992,Products mainly from metals nec.,77.833494
1992,Products mainly from non-metallic minerals,262.572635
1992,Refined fossil fuels mainly for fuel e.g. LPG gasoline diesel,467.372926
1992,Waste for final treatment and disposal,3.861835
1992,Wild catch and harvest,11.810346
1992,Wood,246.925798
1993,Coal,421.05291
1993,Crop Residues,1.01799
1993,Crops,484.063627
1993,Excavated earthen materials (including soil) nec,0
1993,Ferrous ores,584.9216279999999
1993,Grazed biomass and fodder crops,4.318469
1993,Mixed / complex products nec.,125.629601
1993,Natural Gas,271.982064
1993,Non-ferrous ores,115.972689
1993,Non-metallic minerals - construction dominant,144.15964
1993,Non-metallic minerals - industrial or agricultural dominant,256.567352
1993,Non-wild animal products,52.904623
1993,Other products mainly from fossil fuels e.g. plastics,94.635217
1993,Petroleum,1520.657109
1993,Products mainly from biomass nec.,94.741666
1993,Products mainly from metals nec.,80.394025
1993,Products mainly from non-metallic minerals,255.272855
1993,Refined fossil fuels mainly for fuel e.g. LPG gasoline diesel,489.783121
1993,Waste for final treatment and disposal,3.850293
1993,Wild catch and harvest,12.424497
1993,Wood,245.166883
1994,Coal,432.79780999999997
1994,Crop Residues,1.113671
1994,Crops,496.459844
1994,Excavated earthen materials (including soil) nec,0
1994,Ferrous ores,644.15093
1994,Grazed biomass and fodder crops,4.46996
1994,Mixed / complex products nec.,135.513655
1994,Natural Gas,266.91441199999997
1994,Non-ferrous ores,120.159895
1994,Non-metallic minerals - construction dominant,153.034382
1994,Non-metallic minerals - industrial or agricultural dominant,256.20991
1994,Non-wild animal products,58.693619
1994,Other products mainly from fossil fuels e.g. plastics,112.460553
1994,Petroleum,1541.639314
1994,Products mainly from biomass nec.,105.35293
1994,Products mainly from metals nec.,90.316484
1994,Products mainly from non-metallic minerals,296.892514
1994,Refined fossil fuels mainly for fuel e.g. LPG gasoline diesel,494.176741
1994,Waste for final treatment and disposal,3.723052
1994,Wild catch and harvest,13.468581
1994,Wood,273.110514
1995,Coal,461.20211
1995,Crop Residues,0.866914
1995,Crops,526.673692
1995,Excavated earthen materials (including soil) nec,0
1995,Ferrous ores,680.080755
1995,Grazed biomass and fodder crops,4.602224
1995,Mixed / complex products nec.,109.042586
1995,Natural Gas,284.467138
1995,Non-ferrous ores,130.224051
1995,Non-metallic minerals - construction dominant,157.915444
1995,Non-metallic minerals - industrial or agricultural dominant,262.02333
1995,Non-wild animal products,61.417434
1995,Other products mainly from fossil fuels e.g. plastics,120.323768
1995,Petroleum,1561.586171
1995,Products mainly from biomass nec.,107.700158
1995,Products mainly from metals nec.,96.644935
1995,Products mainly from non-metallic minerals,328.260572
1995,Refined fossil fuels mainly for fuel e.g. LPG gasoline diesel,508.327462
1995,Waste for final treatment and disposal,4.256882
1995,Wild catch and harvest,13.879357
1995,Wood,283.193857
1996,Coal,473.56602000000004
1996,Crop Residues,0.973137
1996,Crops,533.181964
1996,Excavated earthen materials (including soil) nec,0
1996,Ferrous ores,693.046369
1996,Grazed biomass and fodder crops,4.877795
1996,Mixed / complex products nec.,213.377514
1996,Natural Gas,314.298636
1996,Non-ferrous ores,143.912668
1996,Non-metallic minerals - construction dominant,178.038614
1996,Non-metallic minerals - industrial or agricultural dominant,283.283786
1996,Non-wild animal products,62.14838
1996,Other products mainly from fossil fuels e.g. plastics,137.72324
1996,Petroleum,1638.804086
1996,Products mainly from biomass nec.,110.962972
1996,Products mainly from metals nec.,117.650566
1996,Products mainly from non-metallic minerals,354.354115
1996,Refined fossil fuels mainly for fuel e.g. LPG gasoline diesel,560.300032
1996,Waste for final treatment and disposal,4.57924
1996,Wild catch and harvest,14.614906
1996,Wood,286.071689
1997,Coal,502.287188
1997,Crop Residues,1.138865
1997,Crops,542.591866
1997,Excavated earthen materials (including soil) nec,0
1997,Ferrous ores,737.754927
1997,Grazed biomass and fodder crops,4.808652
1997,Mixed / complex products nec.,211.149219
1997,Natural Gas,313.278857
1997,Non-ferrous ores,148.473966
1997,Non-metallic minerals - construction dominant,174.364184
1997,Non-metallic minerals - industrial or agricultural dominant,301.165892
1997,Non-wild animal products,64.971966
1997,Other products mainly from fossil fuels e.g. plastics,148.936479
1997,Petroleum,1737.27158
1997,Products mainly from biomass nec.,118.642369
1997,Products mainly from metals nec.,129.226894
1997,Products mainly from non-metallic minerals,383.532003
1997,Refined fossil fuels mainly for fuel e.g. LPG gasoline diesel,584.773063
1997,Waste for final treatment and disposal,4.425573
1997,Wild catch and harvest,15.015128
1997,Wood,310.360229
1998,Coal,502.846778
1998,Crop Residues,0.960212
1998,Crops,556.86203
1998,Excavated earthen materials (including soil) nec,0
1998,Ferrous ores,741.839456
1998,Grazed biomass and fodder crops,4.363133
1998,Mixed / complex products nec.,221.971485
1998,Natural Gas,311.96325
1998,Non-ferrous ores,152.22319
1998,Non-metallic minerals - construction dominant,178.208144
1998,Non-metallic minerals - industrial or agricultural dominant,292.057055
1998,Non-wild animal products,65.550803
1998,Other products mainly from fossil fuels e.g. plastics,156.32811
1998,Petroleum,1758.801526
1998,Products mainly from biomass nec.,158.137892
1998,Products mainly from metals nec.,132.877862
1998,Products mainly from non-metallic minerals,393.484128
1998,Refined fossil fuels mainly for fuel e.g. LPG gasoline diesel,594.778045
1998,Waste for final treatment and disposal,4.753413
1998,Wild catch and harvest,15.503164
1998,Wood,322.508479
1999,Coal,505.939719
1999,Crop Residues,1.224847
1999,Crops,596.430823
1999,Excavated earthen materials (including soil) nec,0
1999,Ferrous ores,727.490714
1999,Grazed biomass and fodder crops,5.050258
1999,Mixed / complex products nec.,261.250839
1999,Natural Gas,339.133183
1999,Non-ferrous ores,158.561654
1999,Non-metallic minerals - construction dominant,179.40668300000002
1999,Non-metallic minerals - industrial or agricultural dominant,362.249684
1999,Non-wild animal products,68.799133
1999,Other products mainly from fossil fuels e.g. plastics,185.702896
1999,Petroleum,1748.40985
1999,Products mainly from biomass nec.,174.255807
1999,Products mainly from metals nec.,142.928951
1999,Products mainly from non-metallic minerals,415.8422
1999,Refined fossil fuels mainly for fuel e.g. LPG gasoline diesel,600.106734
1999,Waste for final treatment and disposal,5.0636660000000004
1999,Wild catch and harvest,16.41128
1999,Wood,346.764372
2000,Coal,580.416569
2000,Crop Residues,1.2225519999999999
2000,Crops,613.334605
2000,Excavated earthen materials (including soil) nec,0
2000,Ferrous ores,797.928454
2000,Grazed biomass and fodder crops,5.237489
2000,Mixed / complex products nec.,455.506577
2000,Natural Gas,367.537266
2000,Non-ferrous ores,153.937253
2000,Non-metallic minerals - construction dominant,157.689751
2000,Non-metallic minerals - industrial or agricultural dominant,456.084657
2000,Non-wild animal products,73.378496
2000,Other products mainly from fossil fuels e.g. plastics,180.145045
2000,Petroleum,1851.496063
2000,Products mainly from biomass nec.,188.707472
2000,Products mainly from metals nec.,139.047735
2000,Products mainly from non-metallic minerals,406.96655
2000,Refined fossil fuels mainly for fuel e.g. LPG gasoline diesel,636.610173
2000,Waste for final treatment and disposal,4.320587
2000,Wild catch and harvest,17.203495
2000,Wood,365.185015
2001,Coal,618.576521
2001,Crop Residues,1.180247
2001,Crops,630.403935
2001,Excavated earthen materials (including soil) nec,0
2001,Ferrous ores,784.906494
2001,Grazed biomass and fodder crops,4.9069460000000005
2001,Mixed / complex products nec.,906.832995
2001,Natural Gas,384.159222
2001,Non-ferrous ores,154.575885
2001,Non-metallic minerals - construction dominant,157.996669
2001,Non-metallic minerals - industrial or agricultural dominant,346.36795
2001,Non-wild animal products,72.313826
2001,Other products mainly from fossil fuels e.g. plastics,185.454088
2001,Petroleum,1873.461692
2001,Products mainly from biomass nec.,188.789348
2001,Products mainly from metals nec.,147.627022
2001,Products mainly from non-metallic minerals,423.10111
2001,Refined fossil fuels mainly for fuel e.g. LPG gasoline diesel,636.217732
2001,Waste for final treatment and disposal,4.805867
2001,Wild catch and harvest,18.824687
2001,Wood,365.191311
2002,Coal,639.357842
2002,Crop Residues,0.9666170000000001
2002,Crops,651.893353
2002,Excavated earthen materials (including soil) nec,0
2002,Ferrous ores,856.039321
2002,Grazed biomass and fodder crops,4.903842
2002,Mixed / complex products nec.,745.883437
2002,Natural Gas,411.634524
2002,Non-ferrous ores,160.016045
2002,Non-metallic minerals - construction dominant,173.721082
2002,Non-metallic minerals - industrial or agricultural dominant,326.167017
2002,Non-wild animal products,75.216196
2002,Other products mainly from fossil fuels e.g. plastics,201.026344
2002,Petroleum,1866.0558310000001
2002,Products mainly from biomass nec.,200.427401
2002,Products mainly from metals nec.,158.389036
2002,Products mainly from non-metallic minerals,447.482757
2002,Refined fossil fuels mainly for fuel e.g. LPG gasoline diesel,637.109587
2002,Waste for final treatment and disposal,4.478796
2002,Wild catch and harvest,19.229158
2002,Wood,374.57684
2003,Coal,687.97009
2003,Crop Residues,1.087193
2003,Crops,673.499412
2003,Excavated earthen materials (including soil) nec,0
2003,Ferrous ores,924.474783
2003,Grazed biomass and fodder crops,5.302999
2003,Mixed / complex products nec.,1033.489301
2003,Natural Gas,441.197502
2003,Non-ferrous ores,169.784433
2003,Non-metallic minerals - construction dominant,189.727546
2003,Non-metallic minerals - industrial or agricultural dominant,298.655752
2003,Non-wild animal products,78.925842
2003,Other products mainly from fossil fuels e.g. plastics,209.541643
2003,Petroleum,1965.442957
2003,Products mainly from biomass nec.,215.166078
2003,Products mainly from metals nec.,166.692772
2003,Products mainly from non-metallic minerals,480.928544
2003,Refined fossil fuels mainly for fuel e.g. LPG gasoline diesel,673.001992
2003,Waste for final treatment and disposal,4.257247
2003,Wild catch and harvest,19.559475
2003,Wood,388.54234
2004,Coal,739.443264
2004,Crop Residues,1.251904
2004,Crops,686.506735
2004,Excavated earthen materials (including soil) nec,0
2004,Ferrous ores,1052.37391
2004,Grazed biomass and fodder crops,5.184302
2004,Mixed / complex products nec.,1275.75711
2004,Natural Gas,472.734198
2004,Non-ferrous ores,188.824803
2004,Non-metallic minerals - construction dominant,211.692394
2004,Non-metallic minerals - industrial or agricultural dominant,307.39095
2004,Non-wild animal products,81.5784
2004,Other products mainly from fossil fuels e.g. plastics,243.714606
2004,Petroleum,2091.598356
2004,Products mainly from biomass nec.,233.412222
2004,Products mainly from metals nec.,203.59171
2004,Products mainly from non-metallic minerals,516.144013
2004,Refined fossil fuels mainly for fuel e.g. LPG gasoline diesel,741.650401
2004,Waste for final treatment and disposal,5.612476
2004,Wild catch and harvest,21.011366
2004,Wood,420.295985
2005,Coal,755.675888
2005,Crop Residues,1.014476
2005,Crops,724.8922
2005,Excavated earthen materials (including soil) nec,0
2005,Ferrous ores,1118.820768
2005,Grazed biomass and fodder crops,5.199855
2005,Mixed / complex products nec.,1569.775957
2005,Natural Gas,488.744615
2005,Non-ferrous ores,203.117617
2005,Non-metallic minerals - construction dominant,212.113239
2005,Non-metallic minerals - industrial or agricultural dominant,323.446835
2005,Non-wild animal products,86.95573
2005,Other products mainly from fossil fuels e.g. plastics,242.071995
2005,Petroleum,2106.818195
2005,Products mainly from biomass nec.,242.54059
2005,Products mainly from metals nec.,194.403126
2005,Products mainly from non-metallic minerals,561.247929
2005,Refined fossil fuels mainly for fuel e.g. LPG gasoline diesel,786.223227
2005,Waste for final treatment and disposal,6.007408
2005,Wild catch and harvest,22.054228
2005,Wood,434.007349
2006,Coal,819.26033
2006,Crop Residues,1.025657
2006,Crops,769.653096
2006,Excavated earthen materials (including soil) nec,0
2006,Ferrous ores,1235.593316
2006,Grazed biomass and fodder crops,5.343231
2006,Mixed / complex products nec.,661.149716
2006,Natural Gas,504.787787
2006,Non-ferrous ores,237.643518
2006,Non-metallic minerals - construction dominant,282.732951
2006,Non-metallic minerals - industrial or agricultural dominant,359.801618
2006,Non-wild animal products,91.251975
2006,Other products mainly from fossil fuels e.g. plastics,259.778308
2006,Petroleum,2133.472458
2006,Products mainly from biomass nec.,259.45548
2006,Products mainly from metals nec.,223.189991
2006,Products mainly from non-metallic minerals,637.9771
2006,Refined fossil fuels mainly for fuel e.g. LPG gasoline diesel,827.738385
2006,Waste for final treatment and disposal,7.671218
2006,Wild catch and harvest,23.109605
2006,Wood,440.876142
2007,Coal,866.008677
2007,Crop Residues,1.042437
2007,Crops,808.15248
2007,Excavated earthen materials (including soil) nec,0
2007,Ferrous ores,1328.4689779999999
2007,Grazed biomass and fodder crops,5.701411
2007,Mixed / complex products nec.,1421.672439
2007,Natural Gas,528.252796
2007,Non-ferrous ores,274.089579
2007,Non-metallic minerals - construction dominant,338.208053
2007,Non-metallic minerals - industrial or agricultural dominant,360.764261
2007,Non-wild animal products,96.958586
2007,Other products mainly from fossil fuels e.g. plastics,279.089756
2007,Petroleum,2148.496279
2007,Products mainly from biomass nec.,268.70356
2007,Products mainly from metals nec.,237.023512
2007,Products mainly from non-metallic minerals,679.8910099999999
2007,Refined fossil fuels mainly for fuel e.g. LPG gasoline diesel,855.367306
2007,Waste for final treatment and disposal,7.680142
2007,Wild catch and harvest,23.746298
2007,Wood,462.60299100000003
2008,Coal,877.629019
2008,Crop Residues,1.324194
2008,Crops,820.682791
2008,Excavated earthen materials (including soil) nec,0
2008,Ferrous ores,1394.466762
2008,Grazed biomass and fodder crops,5.37044
2008,Mixed / complex products nec.,716.078095
2008,Natural Gas,543.168658
2008,Non-ferrous ores,275.199915
2008,Non-metallic minerals - construction dominant,340.493558
2008,Non-metallic minerals - industrial or agricultural dominant,374.811654
2008,Non-wild animal products,102.010302
2008,Other products mainly from fossil fuels e.g. plastics,272.128851
2008,Petroleum,2143.724322
2008,Products mainly from biomass nec.,261.425512
2008,Products mainly from metals nec.,245.348559
2008,Products mainly from non-metallic minerals,673.345461
2008,Refined fossil fuels mainly for fuel e.g. LPG gasoline diesel,891.867658
2008,Waste for final treatment and disposal,6.65511
2008,Wild catch and harvest,23.61713
2008,Wood,442.523881
2009,Coal,893.781736
2009,Crop Residues,1.225818
2009,Crops,840.897858
2009,Excavated earthen materials (including soil) nec,0
2009,Ferrous ores,1276.818217
2009,Grazed biomass and fodder crops,6.202257
2009,Mixed / complex products nec.,535.150851
2009,Natural Gas,529.157199
2009,Non-ferrous ores,238.55696700000001
2009,Non-metallic minerals - construction dominant,227.79420100000002
2009,Non-metallic minerals - industrial or agricultural dominant,360.463248
2009,Non-wild animal products,102.599186
2009,Other products mainly from fossil fuels e.g. plastics,260.918176
2009,Petroleum,2081.317985
2009,Products mainly from biomass nec.,236.764119
2009,Products mainly from metals nec.,183.610553
2009,Products mainly from non-metallic minerals,559.814526
2009,Refined fossil fuels mainly for fuel e.g. LPG gasoline diesel,894.521034
2009,Waste for final treatment and disposal,6.541162
2009,Wild catch and harvest,23.947525
2009,Wood,401.73357699999997
2010,Coal,996.541243
2010,Crop Residues,1.377977
2010,Crops,892.033599
2010,Excavated earthen materials (including soil) nec,0
2010,Ferrous ores,1452.711394
2010,Grazed biomass and fodder crops,6.404717
2010,Mixed / complex products nec.,713.110298
2010,Natural Gas,583.8139649999999
2010,Non-ferrous ores,287.743605
2010,Non-metallic minerals - construction dominant,320.403242
2010,Non-metallic minerals - industrial or agricultural dominant,391.254715
2010,Non-wild animal products,107.801716
2010,Other products mainly from fossil fuels e.g. plastics,303.132764
2010,Petroleum,2103.348747
2010,Products mainly from biomass nec.,262.069481
2010,Products mainly from metals nec.,231.96659
2010,Products mainly from non-metallic minerals,657.080739
2010,Refined fossil fuels mainly for fuel e.g. LPG gasoline diesel,969.815146
2010,Waste for final treatment and disposal,7.426579
2010,Wild catch and harvest,25.135481
2010,Wood,447.33088100000003
2011,Coal,1095.226822
2011,Crop Residues,1.62785
2011,Crops,917.242561
2011,Excavated earthen materials (including soil) nec,0
2011,Ferrous ores,1539.898377
2011,Grazed biomass and fodder crops,7.075012
2011,Mixed / complex products nec.,959.596263
2011,Natural Gas,620.887471
2011,Non-ferrous ores,333.299686
2011,Non-metallic minerals - construction dominant,310.853557
2011,Non-metallic minerals - industrial or agricultural dominant,429.91598
2011,Non-wild animal products,112.90364
2011,Other products mainly from fossil fuels e.g. plastics,303.886036
2011,Petroleum,2095.546206
2011,Products mainly from biomass nec.,274.294337
2011,Products mainly from metals nec.,258.137165
2011,Products mainly from non-metallic minerals,691.905444
2011,Refined fossil fuels mainly for fuel e.g. LPG gasoline diesel,999.369253
2011,Waste for final treatment and disposal,7.764991
2011,Wild catch and harvest,26.141235000000002
2011,Wood,462.475324
2012,Coal,1221.03259
2012,Crop Residues,1.7249189999999999
2012,Crops,968.224406
2012,Excavated earthen materials (including soil) nec,0
2012,Ferrous ores,1613.680317
2012,Grazed biomass and fodder crops,8.101901
2012,Mixed / complex products nec.,1014.092637
2012,Natural Gas,617.237226
2012,Non-ferrous ores,359.880436
2012,Non-metallic minerals - construction dominant,313.584504
2012,Non-metallic minerals - industrial or agricultural dominant,403.024072
2012,Non-wild animal products,115.79491
2012,Other products mainly from fossil fuels e.g. plastics,317.771304
2012,Petroleum,2104.95212
2012,Products mainly from biomass nec.,279.866305
2012,Products mainly from metals nec.,260.76187699999997
2012,Products mainly from non-metallic minerals,710.046384
2012,Refined fossil fuels mainly for fuel e.g. LPG gasoline diesel,1006.332352
2012,Waste for final treatment and disposal,9.449071
2012,Wild catch and harvest,25.676338
2012,Wood,479.619656
2013,Coal,1301.659865
2013,Crop Residues,1.9304270000000001
2013,Crops,992.385596
2013,Excavated earthen materials (including soil) nec,0
2013,Ferrous ores,1691.851023
2013,Grazed biomass and fodder crops,8.33091
2013,Mixed / complex products nec.,1076.191836
2013,Natural Gas,643.884453
2013,Non-ferrous ores,411.096089
2013,Non-metallic minerals - construction dominant,370.815291
2013,Non-metallic minerals - industrial or agricultural dominant,444.515189
2013,Non-wild animal products,117.797652
2013,Other products mainly from fossil fuels e.g. plastics,321.95098
2013,Petroleum,2061.165019
2013,Products mainly from biomass nec.,286.893271
2013,Products mainly from metals nec.,269.050209
2013,Products mainly from non-metallic minerals,745.97337
2013,Refined fossil fuels mainly for fuel e.g. LPG gasoline diesel,1041.5636690000001
2013,Waste for final treatment and disposal,8.840259
2013,Wild catch and harvest,25.999767
2013,Wood,504.086717
2014,Coal,1326.690385
2014,Crop Residues,1.9436149999999999
2014,Crops,1069.419504
2014,Excavated earthen materials (including soil) nec,0
2014,Ferrous ores,1872.0152799999998
2014,Grazed biomass and fodder crops,7.864759
2014,Mixed / complex products nec.,1087.269622
2014,Natural Gas,634.431834
2014,Non-ferrous ores,352.35206600000004
2014,Non-metallic minerals - construction dominant,370.860465
2014,Non-metallic minerals - industrial or agricultural dominant,452.134
2014,Non-wild animal products,128.322005
2014,Other products mainly from fossil fuels e.g. plastics,332.066048
2014,Petroleum,2043.190045
2014,Products mainly from biomass nec.,300.581992
2014,Products mainly from metals nec.,257.525603
2014,Products mainly from non-metallic minerals,748.930072
2014,Refined fossil fuels mainly for fuel e.g. LPG gasoline diesel,1051.018709
2014,Waste for final treatment and disposal,9.980694
2014,Wild catch and harvest,27.474858
2014,Wood,525.640046
2015,Coal,1231.802131
2015,Crop Residues,1.888977
2015,Crops,1112.709018
2015,Excavated earthen materials (including soil) nec,0
2015,Ferrous ores,1890.009613
2015,Grazed biomass and fodder crops,8.099995
2015,Mixed / complex products nec.,1195.583719
2015,Natural Gas,646.718995
2015,Non-ferrous ores,370.078687
2015,Non-metallic minerals - construction dominant,371.921105
2015,Non-metallic minerals - industrial or agricultural dominant,437.147836
2015,Non-wild animal products,129.277214
2015,Other products mainly from fossil fuels e.g. plastics,338.104311
2015,Petroleum,2126.357219
2015,Products mainly from biomass nec.,304.570859
2015,Products mainly from metals nec.,255.331454
2015,Products mainly from non-metallic minerals,765.672229
2015,Refined fossil fuels mainly for fuel e.g. LPG gasoline diesel,1123.442921
2015,Waste for final treatment and disposal,9.294808
2015,Wild catch and harvest,26.843002
2015,Wood,529.471362
2016,Coal,1263.061564
2016,Crop Residues,1.8796840000000001
2016,Crops,1146.830217
2016,Excavated earthen materials (including soil) nec,0
2016,Ferrous ores,1974.012292
2016,Grazed biomass and fodder crops,8.686961
2016,Mixed / complex products nec.,1253.201259
2016,Natural Gas,668.256553
2016,Non-ferrous ores,363.074435
2016,Non-metallic minerals - construction dominant,391.899257
2016,Non-metallic minerals - industrial or agricultural dominant,426.242051
2016,Non-wild animal products,133.251105
2016,Other products mainly from fossil fuels e.g. plastics,358.319149
2016,Petroleum,2213.772748
2016,Products mainly from biomass nec.,313.055669
2016,Products mainly from metals nec.,264.753016
2016,Products mainly from non-metallic minerals,807.70665
2016,Refined fossil fuels mainly for fuel e.g. LPG gasoline diesel,1154.2792239999999
2016,Waste for final treatment and disposal,9.738529
2016,Wild catch and harvest,27.1211
2016,Wood,550.843695
2017,Coal,1338.691348
2017,Crop Residues,2.310369
2017,Crops,1212.293049
2017,Excavated earthen materials (including soil) nec,0
2017,Ferrous ores,1892.0339099999999
2017,Grazed biomass and fodder crops,9.534069
2017,Mixed / complex products nec.,2413.026207
2017,Natural Gas,724.782738
2017,Non-ferrous ores,408.475271
2017,Non-metallic minerals - construction dominant,406.538985
2017,Non-metallic minerals - industrial or agricultural dominant,334.500688
2017,Non-wild animal products,140.162549
2017,Other products mainly from fossil fuels e.g. plastics,311.57481
2017,Petroleum,2295.627406
2017,Products mainly from biomass nec.,332.168698
2017,Products mainly from metals nec.,260.410344
2017,Products mainly from non-metallic minerals,768.969745
2017,Refined fossil fuels mainly for fuel e.g. LPG gasoline diesel,1195.6945759999999
2017,Waste for final treatment and disposal,10.828436
2017,Wild catch and harvest,28.195576
2017,Wood,565.191753
2018,Coal,1389.825385
2018,Crop Residues,2.695373
2018,Crops,1218.789863
2018,Excavated earthen materials (including soil) nec,0
2018,Ferrous ores,1896.992201
2018,Grazed biomass and fodder crops,9.952713000000001
2018,Mixed / complex products nec.,1799.298305
2018,Natural Gas,735.604555
2018,Non-ferrous ores,428.963838
2018,Non-metallic minerals - construction dominant,430.161356
2018,Non-metallic minerals - industrial or agricultural dominant,409.135993
2018,Non-wild animal products,143.033738
2018,Other products mainly from fossil fuels e.g. plastics,330.022828
2018,Petroleum,2325.379941
2018,Products mainly from biomass nec.,341.468399
2018,Products mainly from metals nec.,264.595169
2018,Products mainly from non-metallic minerals,819.197416
2018,Refined fossil fuels mainly for fuel e.g. LPG gasoline diesel,1204.987432
2018,Waste for final treatment and disposal,10.537638
2018,Wild catch and harvest,29.110204
2018,Wood,589.839959
2019,Coal,1420.258457
2019,Crop Residues,2.782772
2019,Crops,1239.146452
2019,Excavated earthen materials (including soil) nec,0
2019,Ferrous ores,1878.306487
2019,Grazed biomass and fodder crops,9.874886
2019,Mixed / complex products nec.,1978.758261
2019,Natural Gas,754.772615
2019,Non-ferrous ores,476.479553
2019,Non-metallic minerals - construction dominant,456.071003
2019,Non-metallic minerals - industrial or agricultural dominant,372.670352
2019,Non-wild animal products,145.826983
2019,Other products mainly from fossil fuels e.g. plastics,313.189538
2019,Petroleum,2290.650263
2019,Products mainly from biomass nec.,331.230521
2019,Products mainly from metals nec.,263.88131
2019,Products mainly from non-metallic minerals,854.74852
2019,Refined fossil fuels mainly for fuel e.g. LPG gasoline diesel,1178.267711
2019,Waste for final treatment and disposal,10.715733
2019,Wild catch and harvest,30.059792
2019,Wood,583.452659
2020,Coal,1312.355521
2020,Crop Residues,3.074271
2020,Crops,1287.58663
2020,Excavated earthen materials (including soil) nec,0
2020,Ferrous ores,1869.845555
2020,Grazed biomass and fodder crops,9.860151
2020,Mixed / complex products nec.,1908.33943
2020,Natural Gas,744.276414
2020,Non-ferrous ores,467.096862
2020,Non-metallic minerals - construction dominant,444.589546
2020,Non-metallic minerals - industrial or agricultural dominant,363.313323
2020,Non-wild animal products,146.237457
2020,Other products mainly from fossil fuels e.g. plastics,298.159654
2020,Petroleum,2116.966899
2020,Products mainly from biomass nec.,319.079221
2020,Products mainly from metals nec.,254.252889
2020,Products mainly from non-metallic minerals,844.300209
2020,Refined fossil fuels mainly for fuel e.g. LPG gasoline diesel,1063.817456
2020,Waste for final treatment and disposal,10.333515
2020,Wild catch and harvest,28.807497
2020,Wood,569.501528
2021,Coal,1337.388258
2021,Crop Residues,3.523813
2021,Crops,1322.734022
2021,Excavated earthen materials (including soil) nec,0
2021,Ferrous ores,1949.624961
2021,Grazed biomass and fodder crops,10.30454
2021,Mixed / complex products nec.,1980.398077
2021,Natural Gas,778.376369
2021,Non-ferrous ores,492.710261
2021,Non-metallic minerals - construction dominant,467.278536
2021,Non-metallic minerals - industrial or agricultural dominant,383.156622
2021,Non-wild animal products,141.407458
2021,Other products mainly from fossil fuels e.g. plastics,305.964666
2021,Petroleum,2174.414401
2021,Products mainly from biomass nec.,329.614846
2021,Products mainly from metals nec.,262.84834
2021,Products mainly from non-metallic minerals,890.49277
2021,Refined fossil fuels mainly for fuel e.g. LPG gasoline diesel,1104.587609
2021,Waste for final treatment and disposal,10.721734
2021,Wild catch and harvest,29.925875
2021,Wood,593.07305
2022,Coal,1335.958929
2022,Crop Residues,3.552254
2022,Crops,1345.002188
2022,Excavated earthen materials (including soil) nec,0
2022,Ferrous ores,2004.288933
2022,Grazed biomass and fodder crops,10.571344999999999
2022,Mixed / complex products nec.,2028.859555
2022,Natural Gas,776.240689
2022,Non-ferrous ores,506.378438
2022,Non-metallic minerals - construction dominant,491.240116
2022,Non-metallic minerals - industrial or agricultural dominant,397.207386
2022,Non-wild animal products,143.878415
2022,Other products mainly from fossil fuels e.g. plastics,307.976208
2022,Petroleum,2211.212233
2022,Products mainly from biomass nec.,335.097837
2022,Products mainly from metals nec.,269.057008
2022,Products mainly from non-metallic minerals,926.669384
2022,Refined fossil fuels mainly for fuel e.g. LPG gasoline diesel,1112.6256329999999
2022,Waste for final treatment and disposal,10.994381
2022,Wild catch and harvest,30.627155
2022,Wood,605.275898
2023,Coal,1335.19257
2023,Crop Residues,3.580559
2023,Crops,1364.570852
2023,Excavated earthen materials (including soil) nec,0
2023,Ferrous ores,2065.049617
2023,Grazed biomass and fodder crops,10.81385
2023,Mixed / complex products nec.,2071.365067
2023,Natural Gas,773.194889
2023,Non-ferrous ores,521.0253250000001
2023,Non-metallic minerals - construction dominant,513.872858
2023,Non-metallic minerals - industrial or agricultural dominant,410.659538
2023,Non-wild animal products,145.991684
2023,Other products mainly from fossil fuels e.g. plastics,309.285602
2023,Petroleum,2242.945973
2023,Products mainly from biomass nec.,339.317187
2023,Products mainly from metals nec.,274.664865
2023,Products mainly from non-metallic minerals,961.20397
2023,Refined fossil fuels mainly for fuel e.g. LPG gasoline diesel,1116.752946
2023,Waste for final treatment and disposal,11.188119
2023,Wild catch and harvest,31.257645
2023,Wood,615.708484
2024,Coal,1335.902863
2024,Crop Residues,3.606
2024,Crops,1386.610198
2024,Excavated earthen materials (including soil) nec,0
2024,Ferrous ores,2128.719602
2024,Grazed biomass and fodder crops,11.017479
2024,Mixed / complex products nec.,2115.212662
2024,Natural Gas,771.092472
2024,Non-ferrous ores,536.177242
2024,Non-metallic minerals - construction dominant,537.865925
2024,Non-metallic minerals - industrial or agricultural dominant,425.559624
2024,Non-wild animal products,148.117275
2024,Other products mainly from fossil fuels e.g. plastics,310.762914
2024,Petroleum,2271.527446
2024,Products mainly from biomass nec.,343.314074
2024,Products mainly from metals nec.,280.270918
2024,Products mainly from non-metallic minerals,1000.382632
2024,Refined fossil fuels mainly for fuel e.g. LPG gasoline diesel,1120.605298
2024,Waste for final treatment and disposal,11.425586000000001
2024,Wild catch and harvest,31.972478
2024,Wood,625.068171
