year,material_category,PTB_Mt
1970,Coal,-83.144
1970,Crop Residues,-0.03374799999999997
1970,Crops,-2.8892860000000047
1970,Excavated earthen materials (including soil) nec,0
1970,Ferrous ores,-37.02402699999999
1970,Grazed biomass and fodder crops,0.2539660000000001
1970,Mixed / complex products nec.,-0.511799
1970,Natural Gas,-5.0819
1970,Non-ferrous ores,12.774175000000001
1970,Non-metallic minerals - construction dominant,9.668015
1970,Non-metallic minerals - industrial or agricultural dominant,12.478921
1970,Non-wild animal products,-0.5059169999999997
1970,Other products mainly from fossil fuels e.g. plastics,-0.841678
1970,Petroleum,-583.4179
1970,Products mainly from biomass nec.,0.703992
1970,Products mainly from metals nec.,-2.40768
1970,Products mainly from non-metallic minerals,-0.6105859999999996
1970,Refined fossil fuels mainly for fuel e.g. LPG gasoline diesel,-10.370700000000006
1970,Waste for final treatment and disposal,0.602017
1970,Wild catch and harvest,0
1970,Wood,-1.2205650000000026
1971,Coal,-77.567
1971,Crop Residues,-0.05804499999999997
1971,Crops,-3.1348209999999943
1971,Excavated earthen materials (including soil) nec,0
1971,Ferrous ores,-45.417866999999994
1971,Grazed biomass and fodder crops,0.15954600000000002
1971,Mixed / complex products nec.,-0.1902490000000001
1971,Natural Gas,-8.159887000000001
1971,Non-ferrous ores,24.833388000000003
1971,Non-metallic minerals - construction dominant,7.512785999999999
1971,Non-metallic minerals - industrial or agricultural dominant,16.235838
1971,Non-wild animal products,-0.38611900000000005
1971,Other products mainly from fossil fuels e.g. plastics,-1.2869439999999996
1971,Petroleum,-620.147
1971,Products mainly from biomass nec.,0.29512600000000005
1971,Products mainly from metals nec.,-0.7651019999999997
1971,Products mainly from non-metallic minerals,0.33931700000000076
1971,Refined fossil fuels mainly for fuel e.g. LPG gasoline diesel,-13.943699999999996
1971,Waste for final treatment and disposal,0.582048
1971,Wild catch and harvest,0
1971,Wood,-0.4281060000000006
1972,Coal,-78.918
1972,Crop Residues,-0.08231099999999998
1972,Crops,-5.619885000000006
1972,Excavated earthen materials (including soil) nec,0
1972,Ferrous ores,-41.09254000000001
1972,Grazed biomass and fodder crops,0.27724699999999997
1972,Mixed / complex products nec.,-0.15855799999999998
1972,Natural Gas,-12.955157
1972,Non-ferrous ores,17.298965
1972,Non-metallic minerals - construction dominant,7.166291000000001
1972,Non-metallic minerals - industrial or agricultural dominant,12.066739
1972,Non-wild animal products,-0.004437000000000081
1972,Other products mainly from fossil fuels e.g. plastics,-1.130264
1972,Petroleum,-661.294
1972,Products mainly from biomass nec.,-1.1276519999999997
1972,Products mainly from metals nec.,-2.7004070000000002
1972,Products mainly from non-metallic minerals,-2.854504
1972,Refined fossil fuels mainly for fuel e.g. LPG gasoline diesel,-9.990699999999993
1972,Waste for final treatment and disposal,0.597611
1972,Wild catch and harvest,0
1972,Wood,1.673912999999998
1973,Coal,-34.150999999999996
1973,Crop Residues,-0.01620499999999998
1973,Crops,-9.688687999999994
1973,Excavated earthen materials (including soil) nec,0
1973,Ferrous ores,-40.98005400000001
1973,Grazed biomass and fodder crops,0.43866400000000005
1973,Mixed / complex products nec.,-0.15179299999999998
1973,Natural Gas,-18.219564000000002
1973,Non-ferrous ores,14.951699999999995
1973,Non-metallic minerals - construction dominant,10.831054
1973,Non-metallic minerals - industrial or agricultural dominant,7.317425999999999
1973,Non-wild animal products,-0.8113559999999996
1973,Other products mainly from fossil fuels e.g. plastics,-0.33977300000000027
1973,Petroleum,-484.577
1973,Products mainly from biomass nec.,-0.5364340000000002
1973,Products mainly from metals nec.,-4.462402
1973,Products mainly from non-metallic minerals,2.257491
1973,Refined fossil fuels mainly for fuel e.g. LPG gasoline diesel,16.633299999999988
1973,Waste for final treatment and disposal,0.405069
1973,Wild catch and harvest,0
1973,Wood,-0.3556460000000016
1974,Coal,-32.178000000000004
1974,Crop Residues,-0.051066999999999994
1974,Crops,-0.4801280000000028
1974,Excavated earthen materials (including soil) nec,0
1974,Ferrous ores,-61.377012
1974,Grazed biomass and fodder crops,0.511587
1974,Mixed / complex products nec.,-0.627408
1974,Natural Gas,-26.837021000000004
1974,Non-ferrous ores,13.212354000000003
1974,Non-metallic minerals - construction dominant,8.823478
1974,Non-metallic minerals - industrial or agricultural dominant,3.2393119999999986
1974,Non-wild animal products,-1.0130409999999996
1974,Other products mainly from fossil fuels e.g. plastics,0.7325559999999997
1974,Petroleum,-481.05400000000003
1974,Products mainly from biomass nec.,-0.8796790000000002
1974,Products mainly from metals nec.,-4.283237000000001
1974,Products mainly from non-metallic minerals,2.3255739999999996
1974,Refined fossil fuels mainly for fuel e.g. LPG gasoline diesel,10.436262999999993
1974,Waste for final treatment and disposal,0.457115
1974,Wild catch and harvest,0
1974,Wood,2.379848999999998
1975,Coal,-34.04
1975,Crop Residues,0.008564000000000018
1975,Crops,-1.2272309999999982
1975,Excavated earthen materials (including soil) nec,0
1975,Ferrous ores,-58.391119
1975,Grazed biomass and fodder crops,0.447588
1975,Mixed / complex products nec.,-0.13371599999999992
1975,Natural Gas,-32.191621
1975,Non-ferrous ores,21.564911000000002
1975,Non-metallic minerals - construction dominant,5.286919
1975,Non-metallic minerals - industrial or agricultural dominant,5.813400000000003
1975,Non-wild animal products,-0.5406929999999998
1975,Other products mainly from fossil fuels e.g. plastics,-0.8007910000000001
1975,Petroleum,-375.301
1975,Products mainly from biomass nec.,-0.7936090000000001
1975,Products mainly from metals nec.,-3.4072020000000007
1975,Products mainly from non-metallic minerals,-4.249700999999999
1975,Refined fossil fuels mainly for fuel e.g. LPG gasoline diesel,10.137298000000007
1975,Waste for final treatment and disposal,0.295374
1975,Wild catch and harvest,0
1975,Wood,-1.5373790000000003
1976,Coal,-35.047999999999995
1976,Crop Residues,-0.05878300000000004
1976,Crops,-0.0877219999999975
1976,Excavated earthen materials (including soil) nec,0
1976,Ferrous ores,-62.29382299999998
1976,Grazed biomass and fodder crops,0.34871
1976,Mixed / complex products nec.,-0.324009
1976,Natural Gas,-37.689130999999996
1976,Non-ferrous ores,16.850729
1976,Non-metallic minerals - construction dominant,11.28448
1976,Non-metallic minerals - industrial or agricultural dominant,-1.3370699999999995
1976,Non-wild animal products,-0.8346609999999999
1976,Other products mainly from fossil fuels e.g. plastics,-0.13002599999999986
1976,Petroleum,-435.7780000000001
1976,Products mainly from biomass nec.,-0.5630179999999996
1976,Products mainly from metals nec.,-7.481212
1976,Products mainly from non-metallic minerals,-2.3415769999999996
1976,Refined fossil fuels mainly for fuel e.g. LPG gasoline diesel,-9.169512000000006
1976,Waste for final treatment and disposal,0.466244
1976,Wild catch and harvest,0.16682600000000003
1976,Wood,-4.814088999999997
1977,Coal,-36.601
1977,Crop Residues,-0.003299999999999993
1977,Crops,-9.691122999999996
1977,Excavated earthen materials (including soil) nec,0
1977,Ferrous ores,-58.597245999999984
1977,Grazed biomass and fodder crops,0.614949
1977,Mixed / complex products nec.,-1.612773
1977,Natural Gas,-38.170607999999994
1977,Non-ferrous ores,20.266191
1977,Non-metallic minerals - construction dominant,4.228123
1977,Non-metallic minerals - industrial or agricultural dominant,-2.7744779999999993
1977,Non-wild animal products,-1.089732
1977,Other products mainly from fossil fuels e.g. plastics,-1.044576
1977,Petroleum,-402.242
1977,Products mainly from biomass nec.,-1.2362730000000002
1977,Products mainly from metals nec.,-5.054734
1977,Products mainly from non-metallic minerals,0.18746100000000093
1977,Refined fossil fuels mainly for fuel e.g. LPG gasoline diesel,10.694487999999996
1977,Waste for final treatment and disposal,0.12616600000000006
1977,Wild catch and harvest,-0.129268
1977,Wood,-0.9562409999999972
1978,Coal,-37.574999999999996
1978,Crop Residues,0.07183099999999999
1978,Crops,-7.625027
1978,Excavated earthen materials (including soil) nec,0
1978,Ferrous ores,-93.713174
1978,Grazed biomass and fodder crops,0.7093439999999999
1978,Mixed / complex products nec.,0.041187000000000036
1978,Natural Gas,-34.201634999999996
1978,Non-ferrous ores,21.341943999999994
1978,Non-metallic minerals - construction dominant,17.249248
1978,Non-metallic minerals - industrial or agricultural dominant,5.033314
1978,Non-wild animal products,-0.938639
1978,Other products mainly from fossil fuels e.g. plastics,-0.9492499999999999
1978,Petroleum,-322.76199999999994
1978,Products mainly from biomass nec.,-1.7215200000000002
1978,Products mainly from metals nec.,-3.355638
1978,Products mainly from non-metallic minerals,5.06003
1978,Refined fossil fuels mainly for fuel e.g. LPG gasoline diesel,-2.3665069999999955
1978,Waste for final treatment and disposal,0.404257
1978,Wild catch and harvest,-0.17866399999999985
1978,Wood,1.174783999999997
1979,Coal,-44.56799999999999
1979,Crop Residues,0.06399200000000001
1979,Crops,5.060929000000005
1979,Excavated earthen materials (including soil) nec,0
1979,Ferrous ores,-104.030824
1979,Grazed biomass and fodder crops,0.967762
1979,Mixed / complex products nec.,-0.14724299999999999
1979,Natural Gas,-36.172794
1979,Non-ferrous ores,20.388088
1979,Non-metallic minerals - construction dominant,-9.723412000000001
1979,Non-metallic minerals - industrial or agricultural dominant,8.056372999999999
1979,Non-wild animal products,-1.2447559999999998
1979,Other products mainly from fossil fuels e.g. plastics,-1.5783609999999995
1979,Petroleum,-434.247
1979,Products mainly from biomass nec.,-1.8074640000000004
1979,Products mainly from metals nec.,-3.201443000000001
1979,Products mainly from non-metallic minerals,11.440933999999999
1979,Refined fossil fuels mainly for fuel e.g. LPG gasoline diesel,-4.463417999999989
1979,Waste for final treatment and disposal,0.173086
1979,Wild catch and harvest,-0.15216100000000005
1979,Wood,1.8766590000000007
1980,Coal,-68.605
1980,Crop Residues,0.025489000000000015
1980,Crops,-4.425553000000004
1980,Excavated earthen materials (including soil) nec,0
1980,Ferrous ores,-64.55443599999998
1980,Grazed biomass and fodder crops,0.959817
1980,Mixed / complex products nec.,-5.931739
1980,Natural Gas,-37.558386
1980,Non-ferrous ores,24.473489999999998
1980,Non-metallic minerals - construction dominant,5.354893
1980,Non-metallic minerals - industrial or agricultural dominant,8.033901
1980,Non-wild animal products,-1.315741
1980,Other products mainly from fossil fuels e.g. plastics,-2.5430859999999997
1980,Petroleum,-348.518
1980,Products mainly from biomass nec.,-3.163209
1980,Products mainly from metals nec.,-4.280561
1980,Products mainly from non-metallic minerals,0.6962979999999999
1980,Refined fossil fuels mainly for fuel e.g. LPG gasoline diesel,-36.09445899999999
1980,Waste for final treatment and disposal,0.534942
1980,Wild catch and harvest,-0.37396499999999994
1980,Wood,-1.3070300000000032
1981,Coal,-56.709
1981,Crop Residues,0.035997000000000015
1981,Crops,-6.850212000000012
1981,Excavated earthen materials (including soil) nec,0
1981,Ferrous ores,-84.907853
1981,Grazed biomass and fodder crops,0.717864
1981,Mixed / complex products nec.,-4.258548
1981,Natural Gas,-35.697119
1981,Non-ferrous ores,8.663958
1981,Non-metallic minerals - construction dominant,11.557918
1981,Non-metallic minerals - industrial or agricultural dominant,3.076931999999999
1981,Non-wild animal products,-1.4396890000000002
1981,Other products mainly from fossil fuels e.g. plastics,-2.0707
1981,Petroleum,-264.73400000000004
1981,Products mainly from biomass nec.,-1.912243
1981,Products mainly from metals nec.,-10.783230000000001
1981,Products mainly from non-metallic minerals,-3.764280000000001
1981,Refined fossil fuels mainly for fuel e.g. LPG gasoline diesel,-52.357800999999995
1981,Waste for final treatment and disposal,0.461253
1981,Wild catch and harvest,-0.27672300000000005
1981,Wood,1.4325170000000003
1982,Coal,-44.644999999999996
1982,Crop Residues,0.11964899999999998
1982,Crops,1.1369780000000023
1982,Excavated earthen materials (including soil) nec,0
1982,Ferrous ores,-46.320871
1982,Grazed biomass and fodder crops,0.9927880000000001
1982,Mixed / complex products nec.,-3.558554
1982,Natural Gas,-34.041418
1982,Non-ferrous ores,17.657955
1982,Non-metallic minerals - construction dominant,9.499933999999998
1982,Non-metallic minerals - industrial or agricultural dominant,-6.115269999999999
1982,Non-wild animal products,-0.9647569999999994
1982,Other products mainly from fossil fuels e.g. plastics,-1.9041759999999999
1982,Petroleum,-217.23299999999998
1982,Products mainly from biomass nec.,-1.6258580000000002
1982,Products mainly from metals nec.,-8.375794999999998
1982,Products mainly from non-metallic minerals,-9.275937
1982,Refined fossil fuels mainly for fuel e.g. LPG gasoline diesel,-66.536747
1982,Waste for final treatment and disposal,0.18274300000000002
1982,Wild catch and harvest,7.100000000000714e-4
1982,Wood,1.4403310000000007
1983,Coal,-36.409000000000006
1983,Crop Residues,-0.033695
1983,Crops,-6.496830999999986
1983,Excavated earthen materials (including soil) nec,0
1983,Ferrous ores,-61.877753999999996
1983,Grazed biomass and fodder crops,0.577262
1983,Mixed / complex products nec.,-4.726904
1983,Natural Gas,-36.440873999999994
1983,Non-ferrous ores,12.434751000000002
1983,Non-metallic minerals - construction dominant,2.663460000000001
1983,Non-metallic minerals - industrial or agricultural dominant,-4.640821999999998
1983,Non-wild animal products,-0.8778920000000001
1983,Other products mainly from fossil fuels e.g. plastics,-1.0801910000000001
1983,Petroleum,-161.43800000000002
1983,Products mainly from biomass nec.,-1.5077799999999997
1983,Products mainly from metals nec.,-4.476214
1983,Products mainly from non-metallic minerals,3.8194709999999996
1983,Refined fossil fuels mainly for fuel e.g. LPG gasoline diesel,-83.195088
1983,Waste for final treatment and disposal,0.983044
1983,Wild catch and harvest,-0.4942210000000001
1983,Wood,0.0880719999999951
1984,Coal,-35.510000000000005
1984,Crop Residues,-0.20818599999999998
1984,Crops,-4.538737999999987
1984,Excavated earthen materials (including soil) nec,0
1984,Ferrous ores,-54.732603999999995
1984,Grazed biomass and fodder crops,0.7020090000000001
1984,Mixed / complex products nec.,-4.52102
1984,Natural Gas,-38.372364
1984,Non-ferrous ores,20.662101999999997
1984,Non-metallic minerals - construction dominant,8.576011
1984,Non-metallic minerals - industrial or agricultural dominant,-5.320227
1984,Non-wild animal products,-1.5465719999999998
1984,Other products mainly from fossil fuels e.g. plastics,-0.546715
1984,Petroleum,-154.36300000000003
1984,Products mainly from biomass nec.,-1.0710080000000002
1984,Products mainly from metals nec.,-11.073815
1984,Products mainly from non-metallic minerals,0.924832
1984,Refined fossil fuels mainly for fuel e.g. LPG gasoline diesel,-87.915956
1984,Waste for final treatment and disposal,0.693082
1984,Wild catch and harvest,-0.38947499999999996
1984,Wood,1.5423669999999992
1985,Coal,-39.134
1985,Crop Residues,-0.28154799999999996
1985,Crops,-3.091819000000008
1985,Excavated earthen materials (including soil) nec,0
1985,Ferrous ores,-42.149991
1985,Grazed biomass and fodder crops,0.8183090000000001
1985,Mixed / complex products nec.,3.586964
1985,Natural Gas,-43.344286999999994
1985,Non-ferrous ores,22.69165
1985,Non-metallic minerals - construction dominant,8.256202
1985,Non-metallic minerals - industrial or agricultural dominant,-28.366231
1985,Non-wild animal products,-0.19718800000000009
1985,Other products mainly from fossil fuels e.g. plastics,1.1166279999999997
1985,Petroleum,-134.43299999999996
1985,Products mainly from biomass nec.,-0.8487919999999998
1985,Products mainly from metals nec.,-9.102770000000001
1985,Products mainly from non-metallic minerals,13.514192000000001
1985,Refined fossil fuels mainly for fuel e.g. LPG gasoline diesel,-94.526186
1985,Waste for final treatment and disposal,1.344953
1985,Wild catch and harvest,-0.6634610000000002
1985,Wood,0.7795739999999984
1986,Coal,-45.973000000000006
1986,Crop Residues,-0.573261
1986,Crops,-9.044596000000013
1986,Excavated earthen materials (including soil) nec,0
1986,Ferrous ores,-16.077682
1986,Grazed biomass and fodder crops,1.085091
1986,Mixed / complex products nec.,5.038361999999999
1986,Natural Gas,-39.79972599999999
1986,Non-ferrous ores,18.440915
1986,Non-metallic minerals - construction dominant,14.671911000000001
1986,Non-metallic minerals - industrial or agricultural dominant,-25.725108
1986,Non-wild animal products,-0.4106609999999996
1986,Other products mainly from fossil fuels e.g. plastics,2.982094
1986,Petroleum,-144.537
1986,Products mainly from biomass nec.,-0.7914950000000006
1986,Products mainly from metals nec.,-6.49367
1986,Products mainly from non-metallic minerals,17.853939
1986,Refined fossil fuels mainly for fuel e.g. LPG gasoline diesel,-99.22093
1986,Waste for final treatment and disposal,1.007176
1986,Wild catch and harvest,-1.110353
1986,Wood,3.084752999999994
1987,Coal,-43.177
1987,Crop Residues,-0.660916
1987,Crops,-4.1974480000000005
1987,Excavated earthen materials (including soil) nec,0
1987,Ferrous ores,22.671207000000003
1987,Grazed biomass and fodder crops,1.1502729999999999
1987,Mixed / complex products nec.,4.639758
1987,Natural Gas,-42.315101000000006
1987,Non-ferrous ores,22.430064
1987,Non-metallic minerals - construction dominant,14.026201
1987,Non-metallic minerals - industrial or agricultural dominant,-8.213247000000004
1987,Non-wild animal products,-0.6179380000000002
1987,Other products mainly from fossil fuels e.g. plastics,4.028589
1987,Petroleum,-111.81800000000005
1987,Products mainly from biomass nec.,0.016550000000000533
1987,Products mainly from metals nec.,-3.581708
1987,Products mainly from non-metallic minerals,17.533615
1987,Refined fossil fuels mainly for fuel e.g. LPG gasoline diesel,-103.043492
1987,Waste for final treatment and disposal,0.520882
1987,Wild catch and harvest,-0.556639
1987,Wood,5.380168999999997
1988,Coal,-46.91300000000001
1988,Crop Residues,-0.9458209999999999
1988,Crops,-4.634243999999997
1988,Excavated earthen materials (including soil) nec,0
1988,Ferrous ores,-6.548094999999996
1988,Grazed biomass and fodder crops,1.504534
1988,Mixed / complex products nec.,0.8271509999999995
1988,Natural Gas,-40.554657
1988,Non-ferrous ores,22.796822000000002
1988,Non-metallic minerals - construction dominant,16.990388999999997
1988,Non-metallic minerals - industrial or agricultural dominant,9.650603999999996
1988,Non-wild animal products,-1.2573360000000005
1988,Other products mainly from fossil fuels e.g. plastics,3.2575469999999997
1988,Petroleum,-139.74900000000002
1988,Products mainly from biomass nec.,-0.5731850000000003
1988,Products mainly from metals nec.,-5.102809
1988,Products mainly from non-metallic minerals,24.140669
1988,Refined fossil fuels mainly for fuel e.g. LPG gasoline diesel,-96.299202
1988,Waste for final treatment and disposal,1.210707
1988,Wild catch and harvest,-0.5787359999999999
1988,Wood,-3.228475
1989,Coal,-53.58999999999999
1989,Crop Residues,-0.462072
1989,Crops,-3.2483380000000035
1989,Excavated earthen materials (including soil) nec,0
1989,Ferrous ores,3.6344370000000117
1989,Grazed biomass and fodder crops,1.388136
1989,Mixed / complex products nec.,-1.320860999999999
1989,Natural Gas,-44.679551000000004
1989,Non-ferrous ores,23.594063000000002
1989,Non-metallic minerals - construction dominant,9.538871
1989,Non-metallic minerals - industrial or agricultural dominant,31.614022
1989,Non-wild animal products,-1.0579420000000004
1989,Other products mainly from fossil fuels e.g. plastics,3.1660270000000006
1989,Petroleum,-108.99500000000002
1989,Products mainly from biomass nec.,-1.562157
1989,Products mainly from metals nec.,2.1206620000000003
1989,Products mainly from non-metallic minerals,18.747373
1989,Refined fossil fuels mainly for fuel e.g. LPG gasoline diesel,-100.40688399999999
1989,Waste for final treatment and disposal,0.882307
1989,Wild catch and harvest,0.43098099999999995
1989,Wood,4.963139
1990,Coal,-55.22699
1990,Crop Residues,-0.584683
1990,Crops,-7.152961999999996
1990,Excavated earthen materials (including soil) nec,0
1990,Ferrous ores,-2.964553000000006
1990,Grazed biomass and fodder crops,1.3821690000000002
1990,Mixed / complex products nec.,12.49718
1990,Natural Gas,-51.577564
1990,Non-ferrous ores,25.527941
1990,Non-metallic minerals - construction dominant,12.616538999999998
1990,Non-metallic minerals - industrial or agricultural dominant,30.404930999999998
1990,Non-wild animal products,0.2509700000000006
1990,Other products mainly from fossil fuels e.g. plastics,2.2567570000000003
1990,Petroleum,-127.88747099999999
1990,Products mainly from biomass nec.,1.1681579999999998
1990,Products mainly from metals nec.,-8.509001999999999
1990,Products mainly from non-metallic minerals,13.864926999999998
1990,Refined fossil fuels mainly for fuel e.g. LPG gasoline diesel,-118.341105
1990,Waste for final treatment and disposal,1.131811
1990,Wild catch and harvest,0.10334299999999991
1990,Wood,2.366876000000006
1991,Coal,-49.00229
1991,Crop Residues,-0.64261199999999985
1991,Crops,-15.184493999999992
1991,Excavated earthen materials (including soil) nec,0
1991,Ferrous ores,28.212356000000007
1991,Grazed biomass and fodder crops,1.327514
1991,Mixed / complex products nec.,23.858102000000002
1991,Natural Gas,-23.200359
1991,Non-ferrous ores,32.24909
1991,Non-metallic minerals - construction dominant,3.8775410000000003
1991,Non-metallic minerals - industrial or agricultural dominant,7.012941000000002
1991,Non-wild animal products,-0.48546599999999956
1991,Other products mainly from fossil fuels e.g. plastics,3.0842909999999994
1991,Petroleum,-29.11928800000004
1991,Products mainly from biomass nec.,1.5150230000000005
1991,Products mainly from metals nec.,-19.565125
1991,Products mainly from non-metallic minerals,14.276976
1991,Refined fossil fuels mainly for fuel e.g. LPG gasoline diesel,-77.03570300000001
1991,Waste for final treatment and disposal,1.051495
1991,Wild catch and harvest,0.3058129999999999
1991,Wood,-5.628837999999998
1992,Coal,-51.91779
1992,Crop Residues,-0.5596249999999999
1992,Crops,2.388703999999998
1992,Excavated earthen materials (including soil) nec,0
1992,Ferrous ores,25.363130000000005
1992,Grazed biomass and fodder crops,1.4929519999999998
1992,Mixed / complex products nec.,-2.9860249999999997
1992,Natural Gas,-31.187870000000004
1992,Non-ferrous ores,29.884615
1992,Non-metallic minerals - construction dominant,0.9675250000000015
1992,Non-metallic minerals - industrial or agricultural dominant,-5.790938999999995
1992,Non-wild animal products,-0.509809
1992,Other products mainly from fossil fuels e.g. plastics,2.4258880000000005
1992,Petroleum,-21.20503500000002
1992,Products mainly from biomass nec.,4.341703
1992,Products mainly from metals nec.,-16.819468
1992,Products mainly from non-metallic minerals,-4.922037000000001
1992,Refined fossil fuels mainly for fuel e.g. LPG gasoline diesel,-68.05629599999999
1992,Waste for final treatment and disposal,1.362235
1992,Wild catch and harvest,-0.013078999999999804
1992,Wood,-3.321320000000001
1993,Coal,-29.464089999999977
1993,Crop Residues,-0.509241
1993,Crops,-14.314409000000005
1993,Excavated earthen materials (including soil) nec,0
1993,Ferrous ores,28.256243999999995
1993,Grazed biomass and fodder crops,1.560484
1993,Mixed / complex products nec.,16.996966
1993,Natural Gas,-26.120096999999998
1993,Non-ferrous ores,26.769497999999995
1993,Non-metallic minerals - construction dominant,-1.3489600000000008
1993,Non-metallic minerals - industrial or agricultural dominant,-3.4203209999999977
1993,Non-wild animal products,-1.5904490000000002
1993,Other products mainly from fossil fuels e.g. plastics,0.32573999999999886
1993,Petroleum,4.88310899999999
1993,Products mainly from biomass nec.,-2.2405270000000015
1993,Products mainly from metals nec.,-19.507595000000002
1993,Products mainly from non-metallic minerals,-19.504377
1993,Refined fossil fuels mainly for fuel e.g. LPG gasoline diesel,-65.33797200000001
1993,Waste for final treatment and disposal,1.328341
1993,Wild catch and harvest,-0.7622480000000001
1993,Wood,-0.7477640000000056
1994,Coal,-22.15018999999998
1994,Crop Residues,0.36799
1994,Crops,-18.755353999999993
1994,Excavated earthen materials (including soil) nec,0
1994,Ferrous ores,52.31423900000002
1994,Grazed biomass and fodder crops,0.3723110000000001
1994,Mixed / complex products nec.,-2.614373
1994,Natural Gas,-21.795139000000006
1994,Non-ferrous ores,26.547676000000003
1994,Non-metallic minerals - construction dominant,-5.858199000000001
1994,Non-metallic minerals - industrial or agricultural dominant,-47.857155999999996
1994,Non-wild animal products,-1.7937170000000002
1994,Other products mainly from fossil fuels e.g. plastics,3.9922900000000006
1994,Petroleum,17.111176000000047
1994,Products mainly from biomass nec.,-1.769158
1994,Products mainly from metals nec.,-20.33973
1994,Products mainly from non-metallic minerals,-15.679995
1994,Refined fossil fuels mainly for fuel e.g. LPG gasoline diesel,-79.148352
1994,Waste for final treatment and disposal,0.718168
1994,Wild catch and harvest,-1.0322559999999998
1994,Wood,5.577885999999995
1995,Coal,-40.558889999999984
1995,Crop Residues,0.31130300000000005
1995,Crops,-14.827075000000004
1995,Excavated earthen materials (including soil) nec,0
1995,Ferrous ores,29.025714000000022
1995,Grazed biomass and fodder crops,0.6003220000000001
1995,Mixed / complex products nec.,-15.324175
1995,Natural Gas,-21.736502999999992
1995,Non-ferrous ores,18.653353000000003
1995,Non-metallic minerals - construction dominant,-9.039648999999999
1995,Non-metallic minerals - industrial or agricultural dominant,-69.356252
1995,Non-wild animal products,-1.283647
1995,Other products mainly from fossil fuels e.g. plastics,5.61668
1995,Petroleum,25.845377999999975
1995,Products mainly from biomass nec.,-5.3409320000000005
1995,Products mainly from metals nec.,-22.293578
1995,Products mainly from non-metallic minerals,-5.03142
1995,Refined fossil fuels mainly for fuel e.g. LPG gasoline diesel,-78.659631
1995,Waste for final treatment and disposal,0.70957
1995,Wild catch and harvest,-0.7348609999999999
1995,Wood,-3.243486999999993
1996,Coal,-41.80698000000001
1996,Crop Residues,0.19667399999999996
1996,Crops,-8.330082
1996,Excavated earthen materials (including soil) nec,0
1996,Ferrous ores,-2.309803999999989
1996,Grazed biomass and fodder crops,0.6584109999999996
1996,Mixed / complex products nec.,26.056574
1996,Natural Gas,-13.167037000000008
1996,Non-ferrous ores,16.947933
1996,Non-metallic minerals - construction dominant,6.817436000000001
1996,Non-metallic minerals - industrial or agricultural dominant,-34.350045
1996,Non-wild animal products,-1.724642
1996,Other products mainly from fossil fuels e.g. plastics,9.874645999999998
1996,Petroleum,61.25544999999997
1996,Products mainly from biomass nec.,-4.2631190000000005
1996,Products mainly from metals nec.,-1.3103660000000004
1996,Products mainly from non-metallic minerals,-14.729987999999997
1996,Refined fossil fuels mainly for fuel e.g. LPG gasoline diesel,-81.013768
1996,Waste for final treatment and disposal,1.14233
1996,Wild catch and harvest,-0.87195
1996,Wood,2.352429999999997
1997,Coal,-41.10299299999998
1997,Crop Residues,0.11870899999999998
1997,Crops,-23.689469000000003
1997,Excavated earthen materials (including soil) nec,0
1997,Ferrous ores,-20.848387000000034
1997,Grazed biomass and fodder crops,1.0269450000000002
1997,Mixed / complex products nec.,28.245638
1997,Natural Gas,-19.989135999999995
1997,Non-ferrous ores,14.437674
1997,Non-metallic minerals - construction dominant,-5.564346999999999
1997,Non-metallic minerals - industrial or agricultural dominant,-41.938247999999994
1997,Non-wild animal products,-1.383035
1997,Other products mainly from fossil fuels e.g. plastics,7.110659
1997,Petroleum,64.75756299999998
1997,Products mainly from biomass nec.,-6.6065000000000005
1997,Products mainly from metals nec.,-5.890137
1997,Products mainly from non-metallic minerals,-3.408972999999996
1997,Refined fossil fuels mainly for fuel e.g. LPG gasoline diesel,-91.019137
1997,Waste for final treatment and disposal,1.187932
1997,Wild catch and harvest,-1.232417
1997,Wood,8.642398999999996
1998,Coal,-46.868902999999996
1998,Crop Residues,0.115509
1998,Crops,-26.287795000000003
1998,Excavated earthen materials (including soil) nec,0
1998,Ferrous ores,-7.731964000000009
1998,Grazed biomass and fodder crops,0.5333180000000002
1998,Mixed / complex products nec.,30.831644000000004
1998,Natural Gas,-30.40092800000001
1998,Non-ferrous ores,19.849210999999997
1998,Non-metallic minerals - construction dominant,-4.146590000000003
1998,Non-metallic minerals - industrial or agricultural dominant,-44.64250500000001
1998,Non-wild animal products,-1.26459
1998,Other products mainly from fossil fuels e.g. plastics,2.6795030000000004
1998,Petroleum,-0.42384300000002356
1998,Products mainly from biomass nec.,-11.252238
1998,Products mainly from metals nec.,-10.530987000000001
1998,Products mainly from non-metallic minerals,-4.350228999999998
1998,Refined fossil fuels mainly for fuel e.g. LPG gasoline diesel,-69.03041499999999
1998,Waste for final treatment and disposal,1.735949
1998,Wild catch and harvest,-0.6840059999999999
1998,Wood,1.0080329999999955
1999,Coal,-40.891220000000004
1999,Crop Residues,0.363521
1999,Crops,-11.519615000000007
1999,Excavated earthen materials (including soil) nec,0
1999,Ferrous ores,-9.838499999999993
1999,Grazed biomass and fodder crops,1.0284039999999999
1999,Mixed / complex products nec.,56.636651
1999,Natural Gas,-32.970253
1999,Non-ferrous ores,16.971769
1999,Non-metallic minerals - construction dominant,-7.6802790000000005
1999,Non-metallic minerals - industrial or agricultural dominant,50.285686999999996
1999,Non-wild animal products,-0.8635379999999998
1999,Other products mainly from fossil fuels e.g. plastics,18.459621000000002
1999,Petroleum,26.52800699999999
1999,Products mainly from biomass nec.,-5.576401999999997
1999,Products mainly from metals nec.,-9.332756
1999,Products mainly from non-metallic minerals,-14.125307000000001
1999,Refined fossil fuels mainly for fuel e.g. LPG gasoline diesel,-75.125826
1999,Waste for final treatment and disposal,1.883219
1999,Wild catch and harvest,-0.5135979999999998
1999,Wood,8.12601199999999
2000,Coal,-35.61966099999999
2000,Crop Residues,0.247342
2000,Crops,-8.504060000000008
2000,Excavated earthen materials (including soil) nec,0
2000,Ferrous ores,-21.511229999999987
2000,Grazed biomass and fodder crops,0.6098250000000002
2000,Mixed / complex products nec.,6.788396999999996
2000,Natural Gas,-36.74019399999999
2000,Non-ferrous ores,6.7110400000000014
2000,Non-metallic minerals - construction dominant,-33.010832
2000,Non-metallic minerals - industrial or agricultural dominant,162.778997
2000,Non-wild animal products,-1.4386790000000005
2000,Other products mainly from fossil fuels e.g. plastics,3.2708510000000017
2000,Petroleum,58.66895299999998
2000,Products mainly from biomass nec.,-2.4124339999999997
2000,Products mainly from metals nec.,-9.466759
2000,Products mainly from non-metallic minerals,-41.773515
2000,Refined fossil fuels mainly for fuel e.g. LPG gasoline diesel,-64.18937299999999
2000,Waste for final treatment and disposal,0.869619
2000,Wild catch and harvest,-0.542325
2000,Wood,-1.5813280000000058
2001,Coal,-42.099779
2001,Crop Residues,0.31008600000000003
2001,Crops,-13.989335999999996
2001,Excavated earthen materials (including soil) nec,0
2001,Ferrous ores,-26.04049999999999
2001,Grazed biomass and fodder crops,1.030281
2001,Mixed / complex products nec.,-42.530156
2001,Natural Gas,-27.33967399999999
2001,Non-ferrous ores,3.2139459999999995
2001,Non-metallic minerals - construction dominant,-42.471365000000006
2001,Non-metallic minerals - industrial or agricultural dominant,14.399139999999996
2001,Non-wild animal products,-1.7863640000000012
2001,Other products mainly from fossil fuels e.g. plastics,5.260126
2001,Petroleum,69.343455
2001,Products mainly from biomass nec.,-5.028407999999999
2001,Products mainly from metals nec.,-16.610939000000002
2001,Products mainly from non-metallic minerals,-35.190538
2001,Refined fossil fuels mainly for fuel e.g. LPG gasoline diesel,-71.446615
2001,Waste for final treatment and disposal,0.875727
2001,Wild catch and harvest,-0.11452899999999978
2001,Wood,6.529016000000005
2002,Coal,-17.950767999999993
2002,Crop Residues,0.19565300000000002
2002,Crops,-10.758105000000015
2002,Excavated earthen materials (including soil) nec,0
2002,Ferrous ores,-64.53953799999998
2002,Grazed biomass and fodder crops,0.5583079999999998
2002,Mixed / complex products nec.,-41.915853000000006
2002,Natural Gas,-22.748150999999996
2002,Non-ferrous ores,8.007709000000002
2002,Non-metallic minerals - construction dominant,-31.876302999999997
2002,Non-metallic minerals - industrial or agricultural dominant,12.354776999999993
2002,Non-wild animal products,-1.2659050000000005
2002,Other products mainly from fossil fuels e.g. plastics,7.1512459999999995
2002,Petroleum,83.174334
2002,Products mainly from biomass nec.,-3.597066000000002
2002,Products mainly from metals nec.,-15.310882999999999
2002,Products mainly from non-metallic minerals,-30.230891999999997
2002,Refined fossil fuels mainly for fuel e.g. LPG gasoline diesel,-91.99026900000001
2002,Waste for final treatment and disposal,0.4585
2002,Wild catch and harvest,-0.22343600000000038
2002,Wood,-2.0699390000000006
2003,Coal,-31.847375999999986
2003,Crop Residues,0.09735699999999996
2003,Crops,-11.093870999999998
2003,Excavated earthen materials (including soil) nec,0
2003,Ferrous ores,-47.45936299999998
2003,Grazed biomass and fodder crops,0.5455410000000002
2003,Mixed / complex products nec.,-68.37145000000001
2003,Natural Gas,-15.821189
2003,Non-ferrous ores,21.927353
2003,Non-metallic minerals - construction dominant,-29.102527
2003,Non-metallic minerals - industrial or agricultural dominant,6.106821999999998
2003,Non-wild animal products,-0.6653790000000002
2003,Other products mainly from fossil fuels e.g. plastics,5.171646000000001
2003,Petroleum,41.85255100000002
2003,Products mainly from biomass nec.,0.4375910000000013
2003,Products mainly from metals nec.,-14.671399000000001
2003,Products mainly from non-metallic minerals,-20.442503
2003,Refined fossil fuels mainly for fuel e.g. LPG gasoline diesel,-75.073379
2003,Waste for final treatment and disposal,0.31762999999999997
2003,Wild catch and harvest,-0.3881310000000001
2003,Wood,-1.6619349999999968
2004,Coal,-15.430427999999996
2004,Crop Residues,0.38837499999999997
2004,Crops,-12.445939000000001
2004,Excavated earthen materials (including soil) nec,0
2004,Ferrous ores,-44.782769
2004,Grazed biomass and fodder crops,0.8587859999999997
2004,Mixed / complex products nec.,-180.180703
2004,Natural Gas,-25.325598999999993
2004,Non-ferrous ores,13.285164000000004
2004,Non-metallic minerals - construction dominant,-21.362353
2004,Non-metallic minerals - industrial or agricultural dominant,-4.977183000000002
2004,Non-wild animal products,-2.4231549999999995
2004,Other products mainly from fossil fuels e.g. plastics,16.521585
2004,Petroleum,39.52681299999996
2004,Products mainly from biomass nec.,-6.952369999999999
2004,Products mainly from metals nec.,-14.660891999999999
2004,Products mainly from non-metallic minerals,-44.867785
2004,Refined fossil fuels mainly for fuel e.g. LPG gasoline diesel,-67.28886899999999
2004,Waste for final treatment and disposal,0.745286
2004,Wild catch and harvest,0.15311699999999984
2004,Wood,5.663694
2005,Coal,-56.743866000000025
2005,Crop Residues,0.22786599999999999
2005,Crops,-23.094843000000004
2005,Excavated earthen materials (including soil) nec,0
2005,Ferrous ores,-79.379997
2005,Grazed biomass and fodder crops,0.9749680000000003
2005,Mixed / complex products nec.,-348.31993800000004
2005,Natural Gas,-40.75365000000003
2005,Non-ferrous ores,11.435906000000001
2005,Non-metallic minerals - construction dominant,-51.440613
2005,Non-metallic minerals - industrial or agricultural dominant,4.730331000000001
2005,Non-wild animal products,-2.387746999999999
2005,Other products mainly from fossil fuels e.g. plastics,4.546830000000001
2005,Petroleum,23.689965000000004
2005,Products mainly from biomass nec.,-9.599089000000001
2005,Products mainly from metals nec.,-28.273353
2005,Products mainly from non-metallic minerals,-56.001799
2005,Refined fossil fuels mainly for fuel e.g. LPG gasoline diesel,-77.030217
2005,Waste for final treatment and disposal,0.949222
2005,Wild catch and harvest,0.5945239999999998
2005,Wood,-0.959420999999999
2006,Coal,-54.73232900000003
2006,Crop Residues,0.120773
2006,Crops,-15.850968999999989
2006,Excavated earthen materials (including soil) nec,0
2006,Ferrous ores,-37.222934999999936
2006,Grazed biomass and fodder crops,1.0820029999999998
2006,Mixed / complex products nec.,-8.764814999999992
2006,Natural Gas,-35.39887899999999
2006,Non-ferrous ores,28.116917
2006,Non-metallic minerals - construction dominant,6.326064999999999
2006,Non-metallic minerals - industrial or agricultural dominant,18.258543000000003
2006,Non-wild animal products,-2.4220399999999995
2006,Other products mainly from fossil fuels e.g. plastics,6.163099000000001
2006,Petroleum,39.241849000000045
2006,Products mainly from biomass nec.,-3.8977860000000017
2006,Products mainly from metals nec.,-19.834727
2006,Products mainly from non-metallic minerals,-23.781576000000005
2006,Refined fossil fuels mainly for fuel e.g. LPG gasoline diesel,-58.367233000000006
2006,Waste for final treatment and disposal,1.644989
2006,Wild catch and harvest,0.8698689999999999
2006,Wood,-7.3300109999999945
2007,Coal,-51.681637999999985
2007,Crop Residues,0.07029899999999999
2007,Crops,-15.892706999999994
2007,Excavated earthen materials (including soil) nec,0
2007,Ferrous ores,-29.91579499999998
2007,Grazed biomass and fodder crops,0.9044569999999998
2007,Mixed / complex products nec.,-55.863129
2007,Natural Gas,-25.633096999999985
2007,Non-ferrous ores,35.64085299999999
2007,Non-metallic minerals - construction dominant,2.1539749999999964
2007,Non-metallic minerals - industrial or agricultural dominant,32.629372999999994
2007,Non-wild animal products,-2.5074309999999995
2007,Other products mainly from fossil fuels e.g. plastics,12.328249
2007,Petroleum,44.76848399999997
2007,Products mainly from biomass nec.,-6.78556
2007,Products mainly from metals nec.,-26.3724
2007,Products mainly from non-metallic minerals,2.188719999999995
2007,Refined fossil fuels mainly for fuel e.g. LPG gasoline diesel,-68.13278199999999
2007,Waste for final treatment and disposal,1.261501
2007,Wild catch and harvest,1.300528
2007,Wood,-2.944345999999993
2008,Coal,-46.10977299999999
2008,Crop Residues,0.32057100000000005
2008,Crops,-13.262644000000003
2008,Excavated earthen materials (including soil) nec,0
2008,Ferrous ores,-53.98593900000007
2008,Grazed biomass and fodder crops,0.5342690000000001
2008,Mixed / complex products nec.,-29.128063999999995
2008,Natural Gas,-27.288045999999994
2008,Non-ferrous ores,32.083097
2008,Non-metallic minerals - construction dominant,-0.44689999999999425
2008,Non-metallic minerals - industrial or agricultural dominant,49.81510299999999
2008,Non-wild animal products,-3.398437999999999
2008,Other products mainly from fossil fuels e.g. plastics,16.017747
2008,Petroleum,34.441860000000034
2008,Products mainly from biomass nec.,-11.127665
2008,Products mainly from metals nec.,-23.572757
2008,Products mainly from non-metallic minerals,-0.5841709999999999
2008,Refined fossil fuels mainly for fuel e.g. LPG gasoline diesel,-71.706253
2008,Waste for final treatment and disposal,0.36956599999999995
2008,Wild catch and harvest,1.2385929999999998
2008,Wood,-6.827673000000006
2009,Coal,-30.554559000000012
2009,Crop Residues,0.273121
2009,Crops,-23.870892000000005
2009,Excavated earthen materials (including soil) nec,0
2009,Ferrous ores,-53.88036800000004
2009,Grazed biomass and fodder crops,0.7572579999999999
2009,Mixed / complex products nec.,-23.234995999999995
2009,Natural Gas,-7.773484999999997
2009,Non-ferrous ores,20.365234999999995
2009,Non-metallic minerals - construction dominant,-32.939974
2009,Non-metallic minerals - industrial or agricultural dominant,85.447456
2009,Non-wild animal products,-4.507939
2009,Other products mainly from fossil fuels e.g. plastics,14.043345
2009,Petroleum,79.98293800000002
2009,Products mainly from biomass nec.,-12.330248000000001
2009,Products mainly from metals nec.,2.9866740000000016
2009,Products mainly from non-metallic minerals,-33.993568
2009,Refined fossil fuels mainly for fuel e.g. LPG gasoline diesel,-103.38508499999999
2009,Waste for final treatment and disposal,-0.077399
2009,Wild catch and harvest,0.978746
2009,Wood,-11.813363999999998
2010,Coal,-110.95668600000003
2010,Crop Residues,0.24432
2010,Crops,-26.238028
2010,Excavated earthen materials (including soil) nec,0
2010,Ferrous ores,-133.298513
2010,Grazed biomass and fodder crops,0.6808369999999999
2010,Mixed / complex products nec.,-50.222032999999996
2010,Natural Gas,-14.352763000000015
2010,Non-ferrous ores,10.252945
2010,Non-metallic minerals - construction dominant,35.57757000000001
2010,Non-metallic minerals - industrial or agricultural dominant,51.019658
2010,Non-wild animal products,-5.172412
2010,Other products mainly from fossil fuels e.g. plastics,12.724646
2010,Petroleum,86.18407299999994
2010,Products mainly from biomass nec.,-11.488541000000001
2010,Products mainly from metals nec.,-5.547496
2010,Products mainly from non-metallic minerals,-38.791886
2010,Refined fossil fuels mainly for fuel e.g. LPG gasoline diesel,-71.384299
2010,Waste for final treatment and disposal,0.432772
2010,Wild catch and harvest,-0.22998799999999972
2010,Wood,-4.370261999999994
2011,Coal,9.194604000000036
2011,Crop Residues,0.11901800000000003
2011,Crops,-20.073120999999993
2011,Excavated earthen materials (including soil) nec,0
2011,Ferrous ores,-65.67843199999997
2011,Grazed biomass and fodder crops,0.6062610000000002
2011,Mixed / complex products nec.,-72.285906
2011,Natural Gas,-9.531143
2011,Non-ferrous ores,5.0843729999999905
2011,Non-metallic minerals - construction dominant,-14.758535999999998
2011,Non-metallic minerals - industrial or agricultural dominant,55.864964
2011,Non-wild animal products,-3.8431079999999995
2011,Other products mainly from fossil fuels e.g. plastics,4.658970999999998
2011,Petroleum,39.04496
2011,Products mainly from biomass nec.,-11.660828999999998
2011,Products mainly from metals nec.,-46.537479000000005
2011,Products mainly from non-metallic minerals,-30.322960000000002
2011,Refined fossil fuels mainly for fuel e.g. LPG gasoline diesel,-85.562827
2011,Waste for final treatment and disposal,-0.37758300000000006
2011,Wild catch and harvest,0.07929899999999983
2011,Wood,-14.130541999999995
2012,Coal,47.97931999999996
2012,Crop Residues,0.15198099999999998
2012,Crops,-21.578722
2012,Excavated earthen materials (including soil) nec,0
2012,Ferrous ores,-39.82089499999993
2012,Grazed biomass and fodder crops,1.0934220000000006
2012,Mixed / complex products nec.,-73.040278
2012,Natural Gas,-13.890943000000027
2012,Non-ferrous ores,20.94303100000002
2012,Non-metallic minerals - construction dominant,-63.919291
2012,Non-metallic minerals - industrial or agricultural dominant,59.523006
2012,Non-wild animal products,-5.3988770000000015
2012,Other products mainly from fossil fuels e.g. plastics,17.037538
2012,Petroleum,12.095831000000056
2012,Products mainly from biomass nec.,-11.755893999999998
2012,Products mainly from metals nec.,-15.069848999999996
2012,Products mainly from non-metallic minerals,-16.861103
2012,Refined fossil fuels mainly for fuel e.g. LPG gasoline diesel,-86.58380600000001
2012,Waste for final treatment and disposal,0.9161119999999999
2012,Wild catch and harvest,-0.9574479999999997
2012,Wood,-3.055299999999993
2013,Coal,-26.439140999999935
2013,Crop Residues,0.322092
2013,Crops,-28.507471999999982
2013,Excavated earthen materials (including soil) nec,0
2013,Ferrous ores,-118.66875700000004
2013,Grazed biomass and fodder crops,1.256264
2013,Mixed / complex products nec.,-8.184433999999994
2013,Natural Gas,-16.763886
2013,Non-ferrous ores,-32.281001999999994
2013,Non-metallic minerals - construction dominant,-29.252370999999993
2013,Non-metallic minerals - industrial or agricultural dominant,75.17584099999999
2013,Non-wild animal products,-6.497987000000001
2013,Other products mainly from fossil fuels e.g. plastics,-0.7690600000000004
2013,Petroleum,-8.696051999999982
2013,Products mainly from biomass nec.,-14.906014
2013,Products mainly from metals nec.,10.004676
2013,Products mainly from non-metallic minerals,-49.856407
2013,Refined fossil fuels mainly for fuel e.g. LPG gasoline diesel,-77.45361799999999
2013,Waste for final treatment and disposal,0.80054
2013,Wild catch and harvest,-1.383631
2013,Wood,-0.6419230000000041
2014,Coal,-23.043755000000015
2014,Crop Residues,0.26781699999999997
2014,Crops,-34.21285599999999
2014,Excavated earthen materials (including soil) nec,0
2014,Ferrous ores,-73.08769599999988
2014,Grazed biomass and fodder crops,-0.24863599999999988
2014,Mixed / complex products nec.,2.965230000000005
2014,Natural Gas,-7.992918999999994
2014,Non-ferrous ores,9.327027000000008
2014,Non-metallic minerals - construction dominant,-45.716
2014,Non-metallic minerals - industrial or agricultural dominant,51.262085
2014,Non-wild animal products,-7.698818000000001
2014,Other products mainly from fossil fuels e.g. plastics,9.136232
2014,Petroleum,11.693203000000015
2014,Products mainly from biomass nec.,-14.169727
2014,Products mainly from metals nec.,-11.276751999999998
2014,Products mainly from non-metallic minerals,-67.241945
2014,Refined fossil fuels mainly for fuel e.g. LPG gasoline diesel,-110.660906
2014,Waste for final treatment and disposal,1.461856
2014,Wild catch and harvest,-1.004537
2014,Wood,-2.7769150000000065
2015,Coal,-37.307700000000004
2015,Crop Residues,0.19052000000000005
2015,Crops,-30.030012000000017
2015,Excavated earthen materials (including soil) nec,0
2015,Ferrous ores,-98.80943500000001
2015,Grazed biomass and fodder crops,-0.7762099999999996
2015,Mixed / complex products nec.,-205.67209
2015,Natural Gas,-7.789782000000007
2015,Non-ferrous ores,18.94270500000001
2015,Non-metallic minerals - construction dominant,-32.020594
2015,Non-metallic minerals - industrial or agricultural dominant,68.134541
2015,Non-wild animal products,-6.769765
2015,Other products mainly from fossil fuels e.g. plastics,14.925066
2015,Petroleum,18.431830000000033
2015,Products mainly from biomass nec.,-11.119575000000003
2015,Products mainly from metals nec.,-10.309075999999996
2015,Products mainly from non-metallic minerals,-9.740627999999997
2015,Refined fossil fuels mainly for fuel e.g. LPG gasoline diesel,-111.88529399999999
2015,Waste for final treatment and disposal,1.132947
2015,Wild catch and harvest,-1.1719659999999998
2015,Wood,-4.236550000000006
2016,Coal,-34.676006
2016,Crop Residues,0.451201
2016,Crops,-30.475761000000006
2016,Excavated earthen materials (including soil) nec,0
2016,Ferrous ores,-110.07626299999997
2016,Grazed biomass and fodder crops,-0.6319069999999998
2016,Mixed / complex products nec.,-159.62791700000002
2016,Natural Gas,-19.288051000000017
2016,Non-ferrous ores,23.36111099999999
2016,Non-metallic minerals - construction dominant,-35.920646
2016,Non-metallic minerals - industrial or agricultural dominant,-23.032748000000012
2016,Non-wild animal products,-5.586386
2016,Other products mainly from fossil fuels e.g. plastics,24.087754
2016,Petroleum,-13.328630000000011
2016,Products mainly from biomass nec.,-12.54241
2016,Products mainly from metals nec.,-6.086993000000001
2016,Products mainly from non-metallic minerals,-17.539517999999997
2016,Refined fossil fuels mainly for fuel e.g. LPG gasoline diesel,-105.165594
2016,Waste for final treatment and disposal,0.999515
2016,Wild catch and harvest,-1.0380550000000002
2016,Wood,-2.14147899999999
2017,Coal,-42.089551999999955
2017,Crop Residues,0.562211
2017,Crops,-33.57519900000001
2017,Excavated earthen materials (including soil) nec,0
2017,Ferrous ores,-40.44487400000009
2017,Grazed biomass and fodder crops,-0.1546030000000003
2017,Mixed / complex products nec.,-276.281704
2017,Natural Gas,-24.912583999999985
2017,Non-ferrous ores,68.345072
2017,Non-metallic minerals - construction dominant,-33.984383
2017,Non-metallic minerals - industrial or agricultural dominant,-174.77381300000002
2017,Non-wild animal products,-4.658916
2017,Other products mainly from fossil fuels e.g. plastics,13.287545
2017,Petroleum,68.00213700000002
2017,Products mainly from biomass nec.,-5.847788999999999
2017,Products mainly from metals nec.,-19.547735999999997
2017,Products mainly from non-metallic minerals,-2.7362919999999966
2017,Refined fossil fuels mainly for fuel e.g. LPG gasoline diesel,-107.57552600000001
2017,Waste for final treatment and disposal,1.424945
2017,Wild catch and harvest,-1.8700800000000002
2017,Wood,-10.392191999999993
2018,Coal,-76.53185499999995
2018,Crop Residues,0.5998450000000001
2018,Crops,-24.667102999999997
2018,Excavated earthen materials (including soil) nec,0
2018,Ferrous ores,-31.732657000000028
2018,Grazed biomass and fodder crops,-0.1964459999999998
2018,Mixed / complex products nec.,-324.125366
2018,Natural Gas,-25.737134999999984
2018,Non-ferrous ores,72.975262
2018,Non-metallic minerals - construction dominant,-34.527437
2018,Non-metallic minerals - industrial or agricultural dominant,83.531419
2018,Non-wild animal products,-5.147684000000001
2018,Other products mainly from fossil fuels e.g. plastics,22.522624
2018,Petroleum,46.225973999999965
2018,Products mainly from biomass nec.,-8.595514999999999
2018,Products mainly from metals nec.,-0.3729289999999998
2018,Products mainly from non-metallic minerals,-2.902435
2018,Refined fossil fuels mainly for fuel e.g. LPG gasoline diesel,-126.842129
2018,Waste for final treatment and disposal,1.2876560000000001
2018,Wild catch and harvest,-1.9658949999999997
2018,Wood,-13.074041999999999
2019,Coal,-34.164957999999984
2019,Crop Residues,0.46503300000000003
2019,Crops,-29.312999000000016
2019,Excavated earthen materials (including soil) nec,0
2019,Ferrous ores,-48.76899599999998
2019,Grazed biomass and fodder crops,-0.10903099999999967
2019,Mixed / complex products nec.,-458.264052
2019,Natural Gas,-65.41551799999998
2019,Non-ferrous ores,73.62150899999999
2019,Non-metallic minerals - construction dominant,-21.090075000000002
2019,Non-metallic minerals - industrial or agricultural dominant,-65.126513
2019,Non-wild animal products,-4.983250999999998
2019,Other products mainly from fossil fuels e.g. plastics,21.078767
2019,Petroleum,29.74200800000001
2019,Products mainly from biomass nec.,-5.501427999999999
2019,Products mainly from metals nec.,-29.020832000000002
2019,Products mainly from non-metallic minerals,0.1608990000000016
2019,Refined fossil fuels mainly for fuel e.g. LPG gasoline diesel,-111.75317100000002
2019,Waste for final treatment and disposal,0.6803520000000001
2019,Wild catch and harvest,-0.9806989999999995
2019,Wood,-13.852972000000007
2020,Coal,-34.35514799999992
2020,Crop Residues,0.5441670000000001
2020,Crops,-39.088282
2020,Excavated earthen materials (including soil) nec,0
2020,Ferrous ores,-59.891263999999985
2020,Grazed biomass and fodder crops,-0.274278
2020,Mixed / complex products nec.,-472.885199
2020,Natural Gas,-55.582631
2020,Non-ferrous ores,72.57173600000002
2020,Non-metallic minerals - construction dominant,-25.726427999999988
2020,Non-metallic minerals - industrial or agricultural dominant,-66.432591
2020,Non-wild animal products,-6.224256999999998
2020,Other products mainly from fossil fuels e.g. plastics,21.219849999999997
2020,Petroleum,40.79518
2020,Products mainly from biomass nec.,-8.480718
2020,Products mainly from metals nec.,-32.222387000000005
2020,Products mainly from non-metallic minerals,2.088088999999998
2020,Refined fossil fuels mainly for fuel e.g. LPG gasoline diesel,-105.881457
2020,Waste for final treatment and disposal,0.5289450000000001
2020,Wild catch and harvest,-0.3887640000000003
2020,Wood,-18.697440000000004
2021,Coal,15.130656000000027
2021,Crop Residues,0.461759
2021,Crops,-0.3226989999999791
2021,Excavated earthen materials (including soil) nec,0
2021,Ferrous ores,-63.10719899999991
2021,Grazed biomass and fodder crops,-0.9697379999999997
2021,Mixed / complex products nec.,-466.314993
2021,Natural Gas,-73.389895
2021,Non-ferrous ores,78.04511099999999
2021,Non-metallic minerals - construction dominant,-24.521294
2021,Non-metallic minerals - industrial or agricultural dominant,-65.463565
2021,Non-wild animal products,-8.586435999999999
2021,Other products mainly from fossil fuels e.g. plastics,22.476943999999996
2021,Petroleum,124.12872500000003
2021,Products mainly from biomass nec.,-6.838144000000001
2021,Products mainly from metals nec.,-30.683694
2021,Products mainly from non-metallic minerals,16.300354000000002
2021,Refined fossil fuels mainly for fuel e.g. LPG gasoline diesel,-78.31718799999999
2021,Waste for final treatment and disposal,0.656216
2021,Wild catch and harvest,-0.40686999999999995
2021,Wood,-24.88890199999999
2022,Coal,15.576552
2022,Crop Residues,0.46369000000000005
2022,Crops,3.2902380000000027
2022,Excavated earthen materials (including soil) nec,0
2022,Ferrous ores,-57.417451
2022,Grazed biomass and fodder crops,-0.8720680000000003
2022,Mixed / complex products nec.,-453.706055
2022,Natural Gas,-69.18691899999999
2022,Non-ferrous ores,80.95124200000001
2022,Non-metallic minerals - construction dominant,-15.898368999999997
2022,Non-metallic minerals - industrial or agricultural dominant,-62.418924000000004
2022,Non-wild animal products,-7.839442999999999
2022,Other products mainly from fossil fuels e.g. plastics,21.429039000000003
2022,Petroleum,127.83397100000003
2022,Products mainly from biomass nec.,-5.400762
2022,Products mainly from metals nec.,-29.180578
2022,Products mainly from non-metallic minerals,28.012036000000002
2022,Refined fossil fuels mainly for fuel e.g. LPG gasoline diesel,-78.65799799999999
2022,Waste for final treatment and disposal,0.783264
2022,Wild catch and harvest,-0.38894299999999993
2022,Wood,-24.46768999999999
2023,Coal,17.175062
2023,Crop Residues,0.4689660000000001
2023,Crops,5.1177949999999814
2023,Excavated earthen materials (including soil) nec,0
2023,Ferrous ores,-54.92226799999999
2023,Grazed biomass and fodder crops,-0.7843849999999993
2023,Mixed / complex products nec.,-444.344136
2023,Natural Gas,-64.66653500000001
2023,Non-ferrous ores,83.82293200000002
2023,Non-metallic minerals - construction dominant,-7.1157340000000096
2023,Non-metallic minerals - industrial or agricultural dominant,-59.726365
2023,Non-wild animal products,-7.235767000000001
2023,Other products mainly from fossil fuels e.g. plastics,20.833344
2023,Petroleum,134.217931
2023,Products mainly from biomass nec.,-4.784291999999999
2023,Products mainly from metals nec.,-28.420686999999997
2023,Products mainly from non-metallic minerals,40.464338999999995
2023,Refined fossil fuels mainly for fuel e.g. LPG gasoline diesel,-78.573089
2023,Waste for final treatment and disposal,0.8442999999999999
2023,Wild catch and harvest,-0.40469099999999963
2023,Wood,-25.991583999999985
2024,Coal,19.184389999999944
2024,Crop Residues,0.46502499999999997
2024,Crops,7.75226399999997
2024,Excavated earthen materials (including soil) nec,0
2024,Ferrous ores,-53.147402999999876
2024,Grazed biomass and fodder crops,-0.7174130000000009
2024,Mixed / complex products nec.,-437.181142
2024,Natural Gas,-59.76569500000001
2024,Non-ferrous ores,87.086032
2024,Non-metallic minerals - construction dominant,0.400522999999997
2024,Non-metallic minerals - industrial or agricultural dominant,-57.527938
2024,Non-wild animal products,-6.679057
2024,Other products mainly from fossil fuels e.g. plastics,19.846181
2024,Petroleum,141.559459
2024,Products mainly from biomass nec.,-4.492951999999999
2024,Products mainly from metals nec.,-27.566042
2024,Products mainly from non-metallic minerals,54.428663
2024,Refined fossil fuels mainly for fuel e.g. LPG gasoline diesel,-79.050479
2024,Waste for final treatment and disposal,0.9477139999999998
2024,Wild catch and harvest,-0.3178799999999996
2024,Wood,-27.62610699999998
