year,material_category,DMI_Mt
1970,Coal,3165.91541
1970,Crop Residues,2580.47426
1970,Crops,3548.090761
1970,Excavated earthen materials (including soil) nec,0
1970,Ferrous ores,1066.9309
1970,Grazed biomass and fodder crops,5070.910395
1970,Mixed / complex products nec.,7.092823
1970,Natural Gas,685.023395
1970,Non-ferrous ores,1953.758503
1970,Non-metallic minerals - construction dominant,8965.453922
1970,Non-metallic minerals - industrial or agricultural dominant,737.338322
1970,Non-wild animal products,20.177281
1970,Oil shale and tar sands,48.127375
1970,Other products mainly from fossil fuels e.g. plastics,14.654798
1970,Petroleum,2929.6041
1970,Products mainly from biomass nec.,21.461603
1970,Products mainly from metals nec.,27.619887
1970,Products mainly from non-metallic minerals,46.874489000000004
1970,Refined fossil fuels mainly for fuel e.g. LPG gasoline diesel,264.0163
1970,Waste for final treatment and disposal,1.368542
1970,Wild catch and harvest,47.02804
1970,Wood,1876.068673
1971,Coal,3123.292448
1971,Crop Residues,2657.00882
1971,Crops,3632.077048
1971,Excavated earthen materials (including soil) nec,0
1971,Ferrous ores,1067.010683
1971,Grazed biomass and fodder crops,5141.403617
1971,Mixed / complex products nec.,8.651455
1971,Natural Gas,741.398874
1971,Non-ferrous ores,1952.785116
1971,Non-metallic minerals - construction dominant,9550.336691
1971,Non-metallic minerals - industrial or agricultural dominant,752.618388
1971,Non-wild animal products,20.96404
1971,Oil shale and tar sands,56.745670000000004
1971,Other products mainly from fossil fuels e.g. plastics,15.457374
1971,Petroleum,3132.582
1971,Products mainly from biomass nec.,22.945423
1971,Products mainly from metals nec.,28.795132
1971,Products mainly from non-metallic minerals,54.863699
1971,Refined fossil fuels mainly for fuel e.g. LPG gasoline diesel,266.1983
1971,Waste for final treatment and disposal,1.319354
1971,Wild catch and harvest,46.220867
1971,Wood,1889.567498
1972,Coal,3183.164831
1972,Crop Residues,2570.980246
1972,Crops,3593.237914
1972,Excavated earthen materials (including soil) nec,0
1972,Ferrous ores,1062.4796450000001
1972,Grazed biomass and fodder crops,5231.90192
1972,Mixed / complex products nec.,9.414443
1972,Natural Gas,787.380243
1972,Non-ferrous ores,2080.197139
1972,Non-metallic minerals - construction dominant,9970.217071
1972,Non-metallic minerals - industrial or agricultural dominant,771.59249
1972,Non-wild animal products,22.66504
1972,Oil shale and tar sands,66.412053
1972,Other products mainly from fossil fuels e.g. plastics,18.416149
1972,Petroleum,3346.907
1972,Products mainly from biomass nec.,25.143952
1972,Products mainly from metals nec.,30.436847
1972,Products mainly from non-metallic minerals,59.121405
1972,Refined fossil fuels mainly for fuel e.g. LPG gasoline diesel,279.8263
1972,Waste for final treatment and disposal,1.3494439999999999
1972,Wild catch and harvest,41.055047
1972,Wood,1908.792776
1973,Coal,3271.559819
1973,Crop Residues,2810.321948
1973,Crops,3884.789187
1973,Excavated earthen materials (including soil) nec,0
1973,Ferrous ores,1189.235998
1973,Grazed biomass and fodder crops,5314.949881
1973,Mixed / complex products nec.,11.193414
1973,Natural Gas,828.556605
1973,Non-ferrous ores,2158.344872
1973,Non-metallic minerals - construction dominant,10705.02656
1973,Non-metallic minerals - industrial or agricultural dominant,835.388369
1973,Non-wild animal products,22.958202
1973,Oil shale and tar sands,67.478903
1973,Other products mainly from fossil fuels e.g. plastics,21.581307
1973,Petroleum,3953.893
1973,Products mainly from biomass nec.,29.018296
1973,Products mainly from metals nec.,34.483954
1973,Products mainly from non-metallic minerals,76.483603
1973,Refined fossil fuels mainly for fuel e.g. LPG gasoline diesel,330.74830000000003
1973,Waste for final treatment and disposal,1.573566
1973,Wild catch and harvest,41.023167
1973,Wood,1969.967327
1974,Coal,3293.986532
1974,Crop Residues,2793.682906
1974,Crops,3851.407201
1974,Excavated earthen materials (including soil) nec,0
1974,Ferrous ores,1274.192937
1974,Grazed biomass and fodder crops,5459.471638999999
1974,Mixed / complex products nec.,12.804776
1974,Natural Gas,843.801328
1974,Non-ferrous ores,2111.042734
1974,Non-metallic minerals - construction dominant,10611.592626
1974,Non-metallic minerals - industrial or agricultural dominant,907.05826
1974,Non-wild animal products,22.193607
1974,Oil shale and tar sands,66.58501
1974,Other products mainly from fossil fuels e.g. plastics,22.961969
1974,Petroleum,3938.3559999999998
1974,Products mainly from biomass nec.,28.636105
1974,Products mainly from metals nec.,39.258702
1974,Products mainly from non-metallic minerals,87.196638
1974,Refined fossil fuels mainly for fuel e.g. LPG gasoline diesel,304.645263
1974,Waste for final treatment and disposal,1.705199
1974,Wild catch and harvest,43.338522
1974,Wood,1976.521188
1975,Coal,3507.105111
1975,Crop Residues,2828.654129
1975,Crops,3935.031499
1975,Excavated earthen materials (including soil) nec,0
1975,Ferrous ores,1251.683824
1975,Grazed biomass and fodder crops,5558.290694
1975,Mixed / complex products nec.,11.901429
1975,Natural Gas,855.879546
1975,Non-ferrous ores,1983.402627
1975,Non-metallic minerals - construction dominant,10223.483171
1975,Non-metallic minerals - industrial or agricultural dominant,882.992697
1975,Non-wild animal products,22.911242
1975,Oil shale and tar sands,65.58556
1975,Other products mainly from fossil fuels e.g. plastics,19.141025
1975,Petroleum,3763.588
1975,Products mainly from biomass nec.,27.782524
1975,Products mainly from metals nec.,38.735003999999996
1975,Products mainly from non-metallic minerals,81.931558
1975,Refined fossil fuels mainly for fuel e.g. LPG gasoline diesel,259.617298
1975,Waste for final treatment and disposal,1.45023
1975,Wild catch and harvest,42.530901
1975,Wood,1916.488552
1976,Coal,3548.8157149999997
1976,Crop Residues,3004.235725
1976,Crops,4140.961261
1976,Excavated earthen materials (including soil) nec,0
1976,Ferrous ores,1268.200802
1976,Grazed biomass and fodder crops,5582.644945999999
1976,Mixed / complex products nec.,13.578847
1976,Natural Gas,894.868184
1976,Non-ferrous ores,2070.6455730000002
1976,Non-metallic minerals - construction dominant,10653.429161
1976,Non-metallic minerals - industrial or agricultural dominant,960.732691
1976,Non-wild animal products,28.886685
1976,Oil shale and tar sands,69.472713
1976,Other products mainly from fossil fuels e.g. plastics,23.156907
1976,Petroleum,4115.261
1976,Products mainly from biomass nec.,33.19656
1976,Products mainly from metals nec.,45.598726
1976,Products mainly from non-metallic minerals,95.565134
1976,Refined fossil fuels mainly for fuel e.g. LPG gasoline diesel,275.931488
1976,Waste for final treatment and disposal,1.705681
1976,Wild catch and harvest,49.631163
1976,Wood,1998.294423
1977,Coal,3687.825615
1977,Crop Residues,3059.096189
1977,Crops,4228.319219
1977,Excavated earthen materials (including soil) nec,0
1977,Ferrous ores,1203.428057
1977,Grazed biomass and fodder crops,5559.850072
1977,Mixed / complex products nec.,15.165424
1977,Natural Gas,926.729725
1977,Non-ferrous ores,2047.923684
1977,Non-metallic minerals - construction dominant,11204.098955
1977,Non-metallic minerals - industrial or agricultural dominant,985.600342
1977,Non-wild animal products,30.658533
1977,Oil shale and tar sands,75.098298
1977,Other products mainly from fossil fuels e.g. plastics,24.163994
1977,Petroleum,4293.347
1977,Products mainly from biomass nec.,34.90412
1977,Products mainly from metals nec.,46.071759
1977,Products mainly from non-metallic minerals,110.616149
1977,Refined fossil fuels mainly for fuel e.g. LPG gasoline diesel,299.520488
1977,Waste for final treatment and disposal,1.515135
1977,Wild catch and harvest,48.62831
1977,Wood,2018.059004
1978,Coal,3731.0069040000003
1978,Crop Residues,3258.686662
1978,Crops,4483.666075
1978,Excavated earthen materials (including soil) nec,0
1978,Ferrous ores,1160.223401
1978,Grazed biomass and fodder crops,5536.440462
1978,Mixed / complex products nec.,16.99927
1978,Natural Gas,972.456034
1978,Non-ferrous ores,2054.8025900000002
1978,Non-metallic minerals - construction dominant,12082.942867
1978,Non-metallic minerals - industrial or agricultural dominant,1052.616342
1978,Non-wild animal products,32.546071
1978,Oil shale and tar sands,83.000472
1978,Other products mainly from fossil fuels e.g. plastics,26.420759
1978,Petroleum,4273.3240000000005
1978,Products mainly from biomass nec.,37.338841
1978,Products mainly from metals nec.,46.455563
1978,Products mainly from non-metallic minerals,137.177015
1978,Refined fossil fuels mainly for fuel e.g. LPG gasoline diesel,292.893493
1978,Waste for final treatment and disposal,1.768671
1978,Wild catch and harvest,51.539782
1978,Wood,2060.604221
1979,Coal,3938.408603
1979,Crop Residues,3167.286716
1979,Crops,4469.792928
1979,Excavated earthen materials (including soil) nec,0
1979,Ferrous ores,1260.023022
1979,Grazed biomass and fodder crops,5536.952546
1979,Mixed / complex products nec.,21.911773
1979,Natural Gas,1041.126802
1979,Non-ferrous ores,2088.8692810000002
1979,Non-metallic minerals - construction dominant,12256.873996
1979,Non-metallic minerals - industrial or agricultural dominant,1081.753168
1979,Non-wild animal products,34.497587
1979,Oil shale and tar sands,110.800337
1979,Other products mainly from fossil fuels e.g. plastics,29.067899
1979,Petroleum,4500.575
1979,Products mainly from biomass nec.,40.384928
1979,Products mainly from metals nec.,48.963834
1979,Products mainly from non-metallic minerals,149.864576
1979,Refined fossil fuels mainly for fuel e.g. LPG gasoline diesel,307.060582
1979,Waste for final treatment and disposal,1.935109
1979,Wild catch and harvest,53.797226
1979,Wood,2112.15699
1980,Coal,3993.8643150000003
1980,Crop Residues,3169.93455
1980,Crops,4420.963843
1980,Excavated earthen materials (including soil) nec,0
1980,Ferrous ores,1271.173281
1980,Grazed biomass and fodder crops,5594.84889
1980,Mixed / complex products nec.,22.621284
1980,Natural Gas,1063.684243
1980,Non-ferrous ores,2104.363959
1980,Non-metallic minerals - construction dominant,12064.110688
1980,Non-metallic minerals - industrial or agricultural dominant,1135.807112
1980,Non-wild animal products,35.395147
1980,Oil shale and tar sands,129.480999
1980,Other products mainly from fossil fuels e.g. plastics,28.489336
1980,Petroleum,4230.784192
1980,Products mainly from biomass nec.,41.150155
1980,Products mainly from metals nec.,47.501312
1980,Products mainly from non-metallic minerals,144.556677
1980,Refined fossil fuels mainly for fuel e.g. LPG gasoline diesel,301.211541
1980,Waste for final treatment and disposal,2.153215
1980,Wild catch and harvest,53.741954
1980,Wood,2120.197032
1981,Coal,4057.140191
1981,Crop Residues,3324.288422
1981,Crops,4656.3891189999995
1981,Excavated earthen materials (including soil) nec,0
1981,Ferrous ores,1195.184051
1981,Grazed biomass and fodder crops,5641.529567
1981,Mixed / complex products nec.,25.684041
1981,Natural Gas,1085.816492
1981,Non-ferrous ores,2185.263849
1981,Non-metallic minerals - construction dominant,11705.644782000001
1981,Non-metallic minerals - industrial or agricultural dominant,1105.817095
1981,Non-wild animal products,36.763047
1981,Oil shale and tar sands,117.15733900000001
1981,Other products mainly from fossil fuels e.g. plastics,30.74127
1981,Petroleum,3947.327481
1981,Products mainly from biomass nec.,43.582517
1981,Products mainly from metals nec.,52.370316
1981,Products mainly from non-metallic minerals,147.683311
1981,Refined fossil fuels mainly for fuel e.g. LPG gasoline diesel,286.897199
1981,Waste for final treatment and disposal,2.299956
1981,Wild catch and harvest,56.193191
1981,Wood,2101.576997
1982,Coal,4213.097935
1982,Crop Residues,3471.556217
1982,Crops,4889.897569
1982,Excavated earthen materials (including soil) nec,0
1982,Ferrous ores,1149.052216
1982,Grazed biomass and fodder crops,5701.327474
1982,Mixed / complex products nec.,26.775325
1982,Natural Gas,1062.902309
1982,Non-ferrous ores,2138.4725
1982,Non-metallic minerals - construction dominant,11551.523936
1982,Non-metallic minerals - industrial or agricultural dominant,1034.68324
1982,Non-wild animal products,37.481638
1982,Oil shale and tar sands,136.506103
1982,Other products mainly from fossil fuels e.g. plastics,30.37493
1982,Petroleum,3744.1232880000002
1982,Products mainly from biomass nec.,43.477037
1982,Products mainly from metals nec.,49.855854
1982,Products mainly from non-metallic minerals,147.042677
1982,Refined fossil fuels mainly for fuel e.g. LPG gasoline diesel,303.942253
1982,Waste for final treatment and disposal,2.2572389999999998
1982,Wild catch and harvest,58.688351
1982,Wood,2100.07134
1983,Coal,4252.912902
1983,Crop Residues,3449.1062739999998
1983,Crops,4791.129785
1983,Excavated earthen materials (including soil) nec,0
1983,Ferrous ores,1093.747983
1983,Grazed biomass and fodder crops,5721.890377
1983,Mixed / complex products nec.,27.092228
1983,Natural Gas,1066.838926
1983,Non-ferrous ores,2202.946533
1983,Non-metallic minerals - construction dominant,12151.511354
1983,Non-metallic minerals - industrial or agricultural dominant,1096.141481
1983,Non-wild animal products,37.852264
1983,Oil shale and tar sands,165.89953100000002
1983,Other products mainly from fossil fuels e.g. plastics,34.242442
1983,Petroleum,3695.418245
1983,Products mainly from biomass nec.,46.450046
1983,Products mainly from metals nec.,53.813319
1983,Products mainly from non-metallic minerals,168.10289600000002
1983,Refined fossil fuels mainly for fuel e.g. LPG gasoline diesel,307.581912
1983,Waste for final treatment and disposal,2.29926
1983,Wild catch and harvest,58.253391
1983,Wood,2163.165169
1984,Coal,4482.839445
1984,Crop Residues,3650.5987410000002
1984,Crops,5106.227822
1984,Excavated earthen materials (including soil) nec,0
1984,Ferrous ores,1267.195947
1984,Grazed biomass and fodder crops,5754.682504
1984,Mixed / complex products nec.,30.93066
1984,Natural Gas,1166.474053
1984,Non-ferrous ores,2341.46067
1984,Non-metallic minerals - construction dominant,12580.990643000001
1984,Non-metallic minerals - industrial or agricultural dominant,1204.992898
1984,Non-wild animal products,38.785826
1984,Oil shale and tar sands,129.355313
1984,Other products mainly from fossil fuels e.g. plastics,38.09601
1984,Petroleum,3739.582202
1984,Products mainly from biomass nec.,50.546026
1984,Products mainly from metals nec.,59.792606
1984,Products mainly from non-metallic minerals,172.680662
1984,Refined fossil fuels mainly for fuel e.g. LPG gasoline diesel,312.812044
1984,Waste for final treatment and disposal,2.751668
1984,Wild catch and harvest,63.754148
1984,Wood,2220.7143069999997
1985,Coal,4654.660828
1985,Crop Residues,3713.759807
1985,Crops,5151.533268
1985,Excavated earthen materials (including soil) nec,0
1985,Ferrous ores,1294.041349
1985,Grazed biomass and fodder crops,5773.20669
1985,Mixed / complex products nec.,29.643692
1985,Natural Gas,1206.7090739999999
1985,Non-ferrous ores,2428.544991
1985,Non-metallic minerals - construction dominant,13291.237075
1985,Non-metallic minerals - industrial or agricultural dominant,1219.644039
1985,Non-wild animal products,41.319953
1985,Oil shale and tar sands,153.101435
1985,Other products mainly from fossil fuels e.g. plastics,42.551164
1985,Petroleum,3674.291085
1985,Products mainly from biomass nec.,52.397076
1985,Products mainly from metals nec.,63.692539
1985,Products mainly from non-metallic minerals,176.360748
1985,Refined fossil fuels mainly for fuel e.g. LPG gasoline diesel,301.042814
1985,Waste for final treatment and disposal,2.877924
1985,Wild catch and harvest,66.286294
1985,Wood,2228.202591
1986,Coal,4770.716974
1986,Crop Residues,3756.363647
1986,Crops,5189.9177039999995
1986,Excavated earthen materials (including soil) nec,0
1986,Ferrous ores,1296.071406
1986,Grazed biomass and fodder crops,5799.640166
1986,Mixed / complex products nec.,31.565063
1986,Natural Gas,1200.032416
1986,Non-ferrous ores,2492.8152290000003
1986,Non-metallic minerals - construction dominant,14071.841131
1986,Non-metallic minerals - industrial or agricultural dominant,1200.705363
1986,Non-wild animal products,42.99558
1986,Oil shale and tar sands,163.558018
1986,Other products mainly from fossil fuels e.g. plastics,45.532467
1986,Petroleum,3912.950085
1986,Products mainly from biomass nec.,56.779382999999996
1986,Products mainly from metals nec.,55.758993
1986,Products mainly from non-metallic minerals,174.558937
1986,Refined fossil fuels mainly for fuel e.g. LPG gasoline diesel,339.66207000000003
1986,Waste for final treatment and disposal,2.588045
1986,Wild catch and harvest,71.589399
1986,Wood,2284.255339
1987,Coal,4877.57724
1987,Crop Residues,3775.225805
1987,Crops,5268.796905
1987,Excavated earthen materials (including soil) nec,0
1987,Ferrous ores,1375.669465
1987,Grazed biomass and fodder crops,5798.709019
1987,Mixed / complex products nec.,35.101451
1987,Natural Gas,1291.125664
1987,Non-ferrous ores,2639.873699
1987,Non-metallic minerals - construction dominant,14956.998336
1987,Non-metallic minerals - industrial or agricultural dominant,1286.098905
1987,Non-wild animal products,44.30846
1987,Oil shale and tar sands,160.370147
1987,Other products mainly from fossil fuels e.g. plastics,51.512994
1987,Petroleum,3964.827085
1987,Products mainly from biomass nec.,62.516946
1987,Products mainly from metals nec.,58.053433
1987,Products mainly from non-metallic minerals,184.503559
1987,Refined fossil fuels mainly for fuel e.g. LPG gasoline diesel,354.692508
1987,Waste for final treatment and disposal,2.199352
1987,Wild catch and harvest,73.692414
1987,Wood,2333.976696
1988,Coal,5002.220465
1988,Crop Residues,3780.86015
1988,Crops,5239.077792
1988,Excavated earthen materials (including soil) nec,0
1988,Ferrous ores,1428.766993
1988,Grazed biomass and fodder crops,5822.16385
1988,Mixed / complex products nec.,48.507659
1988,Natural Gas,1359.647562
1988,Non-ferrous ores,2828.999609
1988,Non-metallic minerals - construction dominant,15833.37301
1988,Non-metallic minerals - industrial or agricultural dominant,1337.630944
1988,Non-wild animal products,44.819415
1988,Oil shale and tar sands,173.54644
1988,Other products mainly from fossil fuels e.g. plastics,55.096706
1988,Petroleum,4165.370064
1988,Products mainly from biomass nec.,68.527383
1988,Products mainly from metals nec.,64.984393
1988,Products mainly from non-metallic minerals,200.22601699999998
1988,Refined fossil fuels mainly for fuel e.g. LPG gasoline diesel,383.159798
1988,Waste for final treatment and disposal,2.912342
1988,Wild catch and harvest,71.964764
1988,Wood,2364.696752
1989,Coal,5089.117697
1989,Crop Residues,3982.5731419999997
1989,Crops,5499.327061
1989,Excavated earthen materials (including soil) nec,0
1989,Ferrous ores,1489.082314
1989,Grazed biomass and fodder crops,5895.3952229999995
1989,Mixed / complex products nec.,59.606106
1989,Natural Gas,1432.968763
1989,Non-ferrous ores,2953.182882
1989,Non-metallic minerals - construction dominant,15832.402105
1989,Non-metallic minerals - industrial or agricultural dominant,1348.875984
1989,Non-wild animal products,45.613492
1989,Oil shale and tar sands,176.00204000000002
1989,Other products mainly from fossil fuels e.g. plastics,60.534753
1989,Petroleum,4296.298085
1989,Products mainly from biomass nec.,72.927072
1989,Products mainly from metals nec.,73.7156
1989,Products mainly from non-metallic minerals,211.310725
1989,Refined fossil fuels mainly for fuel e.g. LPG gasoline diesel,401.244116
1989,Waste for final treatment and disposal,3.047645
1989,Wild catch and harvest,73.032493
1989,Wood,2397.398581
1990,Coal,4962.577362
1990,Crop Residues,4104.341098
1990,Crops,5623.858815
1990,Excavated earthen materials (including soil) nec,0
1990,Ferrous ores,1451.81439
1990,Grazed biomass and fodder crops,5924.199253
1990,Mixed / complex products nec.,69.91568
1990,Natural Gas,1501.087735
1990,Non-ferrous ores,3058.765585
1990,Non-metallic minerals - construction dominant,15932.524352
1990,Non-metallic minerals - industrial or agricultural dominant,1341.972028
1990,Non-wild animal products,46.48059
1990,Oil shale and tar sands,178.102325
1990,Other products mainly from fossil fuels e.g. plastics,65.584091
1990,Petroleum,4374.0164540000005
1990,Products mainly from biomass nec.,79.867438
1990,Products mainly from metals nec.,68.536351
1990,Products mainly from non-metallic minerals,217.753409
1990,Refined fossil fuels mainly for fuel e.g. LPG gasoline diesel,380.629647
1990,Waste for final treatment and disposal,3.216584
1990,Wild catch and harvest,70.948901
1990,Wood,2411.526576
1991,Coal,4817.196421
1991,Crop Residues,4068.550292
1991,Crops,5605.246717
1991,Excavated earthen materials (including soil) nec,0
1991,Ferrous ores,1506.592707
1991,Grazed biomass and fodder crops,5932.509148
1991,Mixed / complex products nec.,89.107395
1991,Natural Gas,1576.832978
1991,Non-ferrous ores,3005.565072
1991,Non-metallic minerals - construction dominant,15879.606831000001
1991,Non-metallic minerals - industrial or agricultural dominant,1293.202182
1991,Non-wild animal products,48.848517
1991,Oil shale and tar sands,190.732567
1991,Other products mainly from fossil fuels e.g. plastics,78.592747
1991,Petroleum,4434.43483
1991,Products mainly from biomass nec.,83.761729
1991,Products mainly from metals nec.,72.506021
1991,Products mainly from non-metallic minerals,247.412638
1991,Refined fossil fuels mainly for fuel e.g. LPG gasoline diesel,421.980519
1991,Waste for final treatment and disposal,3.509437
1991,Wild catch and harvest,71.18024
1991,Wood,2365.475743
1992,Coal,4717.996206
1992,Crop Residues,4186.441606
1992,Crops,5823.853487
1992,Excavated earthen materials (including soil) nec,0
1992,Ferrous ores,1474.94941
1992,Grazed biomass and fodder crops,5840.797243
1992,Mixed / complex products nec.,67.077572
1992,Natural Gas,1724.895875
1992,Non-ferrous ores,3151.235492
1992,Non-metallic minerals - construction dominant,17317.540184999998
1992,Non-metallic minerals - industrial or agricultural dominant,1285.139891
1992,Non-wild animal products,52.368224
1992,Oil shale and tar sands,190.88540400000002
1992,Other products mainly from fossil fuels e.g. plastics,89.46001
1992,Petroleum,4627.742275
1992,Products mainly from biomass nec.,93.86030099999999
1992,Products mainly from metals nec.,77.833494
1992,Products mainly from non-metallic minerals,262.572635
1992,Refined fossil fuels mainly for fuel e.g. LPG gasoline diesel,467.372926
1992,Waste for final treatment and disposal,3.861835
1992,Wild catch and harvest,77.59013
1992,Wood,2335.440573
1993,Coal,4617.201213
1993,Crop Residues,4147.178622
1993,Crops,5724.355423
1993,Excavated earthen materials (including soil) nec,0
1993,Ferrous ores,1537.712891
1993,Grazed biomass and fodder crops,5810.264976
1993,Mixed / complex products nec.,125.629601
1993,Natural Gas,1770.023808
1993,Non-ferrous ores,3137.714446
1993,Non-metallic minerals - construction dominant,18342.155307
1993,Non-metallic minerals - industrial or agricultural dominant,1223.180617
1993,Non-wild animal products,52.904623
1993,Oil shale and tar sands,191.313326
1993,Other products mainly from fossil fuels e.g. plastics,94.635217
1993,Petroleum,4700.000515
1993,Products mainly from biomass nec.,94.741666
1993,Products mainly from metals nec.,80.394025
1993,Products mainly from non-metallic minerals,255.272855
1993,Refined fossil fuels mainly for fuel e.g. LPG gasoline diesel,489.783121
1993,Waste for final treatment and disposal,3.850293
1993,Wild catch and harvest,80.03154
1993,Wood,2303.473658
1994,Coal,4727.492471
1994,Crop Residues,4232.691114
1994,Crops,5868.962118
1994,Excavated earthen materials (including soil) nec,0
1994,Ferrous ores,1642.721701
1994,Grazed biomass and fodder crops,5859.141537
1994,Mixed / complex products nec.,135.513655
1994,Natural Gas,1785.782028
1994,Non-ferrous ores,3154.467138
1994,Non-metallic minerals - construction dominant,19336.988682
1994,Non-metallic minerals - industrial or agricultural dominant,1234.3216400000001
1994,Non-wild animal products,58.693619
1994,Oil shale and tar sands,204.205667
1994,Other products mainly from fossil fuels e.g. plastics,112.460553
1994,Petroleum,4744.362082
1994,Products mainly from biomass nec.,105.35293
1994,Products mainly from metals nec.,90.316484
1994,Products mainly from non-metallic minerals,296.892514
1994,Refined fossil fuels mainly for fuel e.g. LPG gasoline diesel,494.176741
1994,Waste for final treatment and disposal,3.723052
1994,Wild catch and harvest,86.965545
1994,Wood,2326.964387
1995,Coal,4917.519534999999
1995,Crop Residues,4260.029264
1995,Crops,5988.030388
1995,Excavated earthen materials (including soil) nec,0
1995,Ferrous ores,1730.04069
1995,Grazed biomass and fodder crops,5890.476052
1995,Mixed / complex products nec.,109.042586
1995,Natural Gas,1828.065269
1995,Non-ferrous ores,3270.818576
1995,Non-metallic minerals - construction dominant,20109.644877
1995,Non-metallic minerals - industrial or agricultural dominant,1308.285308
1995,Non-wild animal products,61.417434
1995,Oil shale and tar sands,217.12182099999998
1995,Other products mainly from fossil fuels e.g. plastics,120.323768
1995,Petroleum,4788.995774
1995,Products mainly from biomass nec.,107.700158
1995,Products mainly from metals nec.,96.644935
1995,Products mainly from non-metallic minerals,328.260572
1995,Refined fossil fuels mainly for fuel e.g. LPG gasoline diesel,508.327462
1995,Waste for final treatment and disposal,4.256882
1995,Wild catch and harvest,87.677847
1995,Wood,2364.520394
1996,Coal,5003.1465530000005
1996,Crop Residues,4508.609797
1996,Crops,6310.670297
1996,Excavated earthen materials (including soil) nec,0
1996,Ferrous ores,1717.948013
1996,Grazed biomass and fodder crops,5900.439336
1996,Mixed / complex products nec.,213.377514
1996,Natural Gas,1920.77736
1996,Non-ferrous ores,3440.15163
1996,Non-metallic minerals - construction dominant,20435.220247
1996,Non-metallic minerals - industrial or agricultural dominant,1314.962174
1996,Non-wild animal products,62.14838
1996,Oil shale and tar sands,218.497821
1996,Other products mainly from fossil fuels e.g. plastics,137.72324
1996,Petroleum,4950.370262
1996,Products mainly from biomass nec.,110.962972
1996,Products mainly from metals nec.,117.650566
1996,Products mainly from non-metallic minerals,354.354115
1996,Refined fossil fuels mainly for fuel e.g. LPG gasoline diesel,560.300032
1996,Waste for final treatment and disposal,4.57924
1996,Wild catch and harvest,88.41157
1996,Wood,2351.421031
1997,Coal,5007.395263
1997,Crop Residues,4575.873779
1997,Crops,6434.127173
1997,Excavated earthen materials (including soil) nec,0
1997,Ferrous ores,1804.251889
1997,Grazed biomass and fodder crops,5763.976641
1997,Mixed / complex products nec.,211.149219
1997,Natural Gas,1917.844593
1997,Non-ferrous ores,3653.571235
1997,Non-metallic minerals - construction dominant,21086.252864
1997,Non-metallic minerals - industrial or agricultural dominant,1365.020498
1997,Non-wild animal products,64.971966
1997,Oil shale and tar sands,224.179325
1997,Other products mainly from fossil fuels e.g. plastics,148.936479
1997,Petroleum,5143.042327
1997,Products mainly from biomass nec.,118.642369
1997,Products mainly from metals nec.,129.226894
1997,Products mainly from non-metallic minerals,383.532003
1997,Refined fossil fuels mainly for fuel e.g. LPG gasoline diesel,584.773063
1997,Waste for final treatment and disposal,4.425573
1997,Wild catch and harvest,88.622531
1997,Wood,2415.328363
1998,Coal,4972.0856109999995
1998,Crop Residues,4608.287104
1998,Crops,6497.921526
1998,Excavated earthen materials (including soil) nec,0
1998,Ferrous ores,1797.270712
1998,Grazed biomass and fodder crops,5770.16671
1998,Mixed / complex products nec.,221.971485
1998,Natural Gas,1953.1240090000001
1998,Non-ferrous ores,3799.25153
1998,Non-metallic minerals - construction dominant,21735.463409
1998,Non-metallic minerals - industrial or agricultural dominant,1348.884548
1998,Non-wild animal products,65.550803
1998,Oil shale and tar sands,235.631981
1998,Other products mainly from fossil fuels e.g. plastics,156.32811
1998,Petroleum,5242.6105130000005
1998,Products mainly from biomass nec.,158.137892
1998,Products mainly from metals nec.,132.877862
1998,Products mainly from non-metallic minerals,393.484128
1998,Refined fossil fuels mainly for fuel e.g. LPG gasoline diesel,594.778045
1998,Waste for final treatment and disposal,4.753413
1998,Wild catch and harvest,82.304869
1998,Wood,2416.051713
1999,Coal,4914.3110019999995
1999,Crop Residues,4656.196098
1999,Crops,6675.798327
1999,Excavated earthen materials (including soil) nec,0
1999,Ferrous ores,1749.901191
1999,Grazed biomass and fodder crops,5779.612391
1999,Mixed / complex products nec.,261.250839
1999,Natural Gas,2025.9234470000001
1999,Non-ferrous ores,3904.507825
1999,Non-metallic minerals - construction dominant,22476.209188
1999,Non-metallic minerals - industrial or agricultural dominant,1431.849573
1999,Non-wild animal products,68.799133
1999,Oil shale and tar sands,245.027524
1999,Other products mainly from fossil fuels e.g. plastics,185.702896
1999,Petroleum,5202.766872
1999,Products mainly from biomass nec.,174.255807
1999,Products mainly from metals nec.,142.928951
1999,Products mainly from non-metallic minerals,415.8422
1999,Refined fossil fuels mainly for fuel e.g. LPG gasoline diesel,600.106734
1999,Waste for final treatment and disposal,5.0636660000000004
1999,Wild catch and harvest,89.794663
1999,Wood,2472.3890260000003
2000,Coal,5118.913837
2000,Crop Residues,4619.007942
2000,Crops,6756.499404
2000,Excavated earthen materials (including soil) nec,0
2000,Ferrous ores,1889.724125
2000,Grazed biomass and fodder crops,5806.362121
2000,Mixed / complex products nec.,455.506577
2000,Natural Gas,2094.29075
2000,Non-ferrous ores,4085.0407800000003
2000,Non-metallic minerals - construction dominant,23049.950923
2000,Non-metallic minerals - industrial or agricultural dominant,1528.324971
2000,Non-wild animal products,73.378496
2000,Oil shale and tar sands,243.98301899999998
2000,Other products mainly from fossil fuels e.g. plastics,180.145045
2000,Petroleum,5432.515332
2000,Products mainly from biomass nec.,188.707472
2000,Products mainly from metals nec.,139.047735
2000,Products mainly from non-metallic minerals,406.96655
2000,Refined fossil fuels mainly for fuel e.g. LPG gasoline diesel,636.610173
2000,Waste for final treatment and disposal,4.320587
2000,Wild catch and harvest,92.828172
2000,Wood,2535.0784439999998
2001,Coal,5378.661798
2001,Crop Residues,4770.603755
2001,Crops,6842.894804
2001,Excavated earthen materials (including soil) nec,0
2001,Ferrous ores,1843.359522
2001,Grazed biomass and fodder crops,5793.24534
2001,Mixed / complex products nec.,906.832995
2001,Natural Gas,2147.419936
2001,Non-ferrous ores,4175.505468
2001,Non-metallic minerals - construction dominant,23497.864809
2001,Non-metallic minerals - industrial or agricultural dominant,1406.673823
2001,Non-wild animal products,72.313826
2001,Oil shale and tar sands,264.720534
2001,Other products mainly from fossil fuels e.g. plastics,185.454088
2001,Petroleum,5471.376924
2001,Products mainly from biomass nec.,188.789348
2001,Products mainly from metals nec.,147.627022
2001,Products mainly from non-metallic minerals,423.10111
2001,Refined fossil fuels mainly for fuel e.g. LPG gasoline diesel,636.217732
2001,Waste for final treatment and disposal,4.805867
2001,Wild catch and harvest,92.090685
2001,Wood,2493.013344
2002,Coal,5453.834131
2002,Crop Residues,4767.070449
2002,Crops,6972.0321349999995
2002,Excavated earthen materials (including soil) nec,0
2002,Ferrous ores,1981.675455
2002,Grazed biomass and fodder crops,5824.966429
2002,Mixed / complex products nec.,745.883437
2002,Natural Gas,2211.510004
2002,Non-ferrous ores,4152.472521
2002,Non-metallic minerals - construction dominant,24357.942889
2002,Non-metallic minerals - industrial or agricultural dominant,1431.958587
2002,Non-wild animal products,75.216196
2002,Oil shale and tar sands,330.531895
2002,Other products mainly from fossil fuels e.g. plastics,201.026344
2002,Petroleum,5436.568838
2002,Products mainly from biomass nec.,200.427401
2002,Products mainly from metals nec.,158.389036
2002,Products mainly from non-metallic minerals,447.482757
2002,Refined fossil fuels mainly for fuel e.g. LPG gasoline diesel,637.109587
2002,Waste for final treatment and disposal,4.478796
2002,Wild catch and harvest,93.14098
2002,Wood,2537.9122429999998
2003,Coal,5835.392888
2003,Crop Residues,4931.244457
2003,Crops,7119.6516839999995
2003,Excavated earthen materials (including soil) nec,0
2003,Ferrous ores,2170.426454
2003,Grazed biomass and fodder crops,5869.948243
2003,Mixed / complex products nec.,1033.489301
2003,Natural Gas,2313.918687
2003,Non-ferrous ores,4236.573726
2003,Non-metallic minerals - construction dominant,25618.086755
2003,Non-metallic minerals - industrial or agricultural dominant,1452.877804
2003,Non-wild animal products,78.925842
2003,Oil shale and tar sands,327.196347
2003,Other products mainly from fossil fuels e.g. plastics,209.541643
2003,Petroleum,5697.057241
2003,Products mainly from biomass nec.,215.166078
2003,Products mainly from metals nec.,166.692772
2003,Products mainly from non-metallic minerals,480.928544
2003,Refined fossil fuels mainly for fuel e.g. LPG gasoline diesel,673.001992
2003,Waste for final treatment and disposal,4.257247
2003,Wild catch and harvest,91.149256
2003,Wood,2585.113102
2004,Coal,6254.3549379999995
2004,Crop Residues,5226.627275
2004,Crops,7450.379856
2004,Excavated earthen materials (including soil) nec,0
2004,Ferrous ores,2436.750413
2004,Grazed biomass and fodder crops,5927.271851
2004,Mixed / complex products nec.,1275.75711
2004,Natural Gas,2406.99472
2004,Non-ferrous ores,4425.712801
2004,Non-metallic minerals - construction dominant,27361.780666
2004,Non-metallic minerals - industrial or agricultural dominant,1530.210795
2004,Non-wild animal products,81.5784
2004,Oil shale and tar sands,346.651591
2004,Other products mainly from fossil fuels e.g. plastics,243.714606
2004,Petroleum,5936.253624
2004,Products mainly from biomass nec.,233.412222
2004,Products mainly from metals nec.,203.59171
2004,Products mainly from non-metallic minerals,516.144013
2004,Refined fossil fuels mainly for fuel e.g. LPG gasoline diesel,741.650401
2004,Waste for final treatment and disposal,5.612476
2004,Wild catch and harvest,97.820799
2004,Wood,2649.969172
2005,Coal,6628.999892
2005,Crop Residues,5282.182373
2005,Crops,7515.808286
2005,Excavated earthen materials (including soil) nec,0
2005,Ferrous ores,2695.7316960000003
2005,Grazed biomass and fodder crops,5979.018968
2005,Mixed / complex products nec.,1569.775957
2005,Natural Gas,2480.010792
2005,Non-ferrous ores,4589.07657
2005,Non-metallic minerals - construction dominant,28880.350397000002
2005,Non-metallic minerals - industrial or agricultural dominant,1602.2460230000002
2005,Non-wild animal products,86.95573
2005,Oil shale and tar sands,333.456371
2005,Other products mainly from fossil fuels e.g. plastics,242.071995
2005,Petroleum,5981.515269
2005,Products mainly from biomass nec.,242.54059
2005,Products mainly from metals nec.,194.403126
2005,Products mainly from non-metallic minerals,561.247929
2005,Refined fossil fuels mainly for fuel e.g. LPG gasoline diesel,786.223227
2005,Waste for final treatment and disposal,6.007408
2005,Wild catch and harvest,97.841205
2005,Wood,2686.710527
2006,Coal,7013.938064
2006,Crop Residues,5403.352967
2006,Crops,7728.181191
2006,Excavated earthen materials (including soil) nec,0
2006,Ferrous ores,3076.2645899999998
2006,Grazed biomass and fodder crops,6012.334988
2006,Mixed / complex products nec.,661.149716
2006,Natural Gas,2560.418693
2006,Non-ferrous ores,4725.849974
2006,Non-metallic minerals - construction dominant,30761.141196
2006,Non-metallic minerals - industrial or agricultural dominant,1658.812694
2006,Non-wild animal products,91.251975
2006,Oil shale and tar sands,424.700436
2006,Other products mainly from fossil fuels e.g. plastics,259.778308
2006,Petroleum,6045.11859
2006,Products mainly from biomass nec.,259.45548
2006,Products mainly from metals nec.,223.189991
2006,Products mainly from non-metallic minerals,637.9771
2006,Refined fossil fuels mainly for fuel e.g. LPG gasoline diesel,827.738385
2006,Waste for final treatment and disposal,7.671218
2006,Wild catch and harvest,97.752345
2006,Wood,2673.470448
2007,Coal,7368.4895
2007,Crop Residues,5652.15348
2007,Crops,8078.627526
2007,Excavated earthen materials (including soil) nec,0
2007,Ferrous ores,3386.274182
2007,Grazed biomass and fodder crops,6036.532327
2007,Mixed / complex products nec.,1421.672439
2007,Natural Gas,2623.269087
2007,Non-ferrous ores,4892.466479
2007,Non-metallic minerals - construction dominant,32186.110747
2007,Non-metallic minerals - industrial or agricultural dominant,1700.144842
2007,Non-wild animal products,96.958586
2007,Oil shale and tar sands,568.316463
2007,Other products mainly from fossil fuels e.g. plastics,279.089756
2007,Petroleum,6024.694331
2007,Products mainly from biomass nec.,268.70356
2007,Products mainly from metals nec.,237.023512
2007,Products mainly from non-metallic minerals,679.8910099999999
2007,Refined fossil fuels mainly for fuel e.g. LPG gasoline diesel,855.367306
2007,Waste for final treatment and disposal,7.680142
2007,Wild catch and harvest,98.223802
2007,Wood,2721.111435
2008,Coal,7576.876083
2008,Crop Residues,6056.61207
2008,Crops,8475.244143
2008,Excavated earthen materials (including soil) nec,0
2008,Ferrous ores,3634.980494
2008,Grazed biomass and fodder crops,6063.964653
2008,Mixed / complex products nec.,716.078095
2008,Natural Gas,2728.293463
2008,Non-ferrous ores,4934.880407
2008,Non-metallic minerals - construction dominant,32026.673706
2008,Non-metallic minerals - industrial or agricultural dominant,1713.889148
2008,Non-wild animal products,102.010302
2008,Oil shale and tar sands,535.423581
2008,Other products mainly from fossil fuels e.g. plastics,272.128851
2008,Petroleum,6057.5177029999995
2008,Products mainly from biomass nec.,261.425512
2008,Products mainly from metals nec.,245.348559
2008,Products mainly from non-metallic minerals,673.345461
2008,Refined fossil fuels mainly for fuel e.g. LPG gasoline diesel,891.867658
2008,Waste for final treatment and disposal,6.65511
2008,Wild catch and harvest,97.071717
2008,Wood,2643.46247
2009,Coal,7700.741418
2009,Crop Residues,5902.617672
2009,Crops,8460.041874
2009,Excavated earthen materials (including soil) nec,0
2009,Ferrous ores,3563.082849
2009,Grazed biomass and fodder crops,6044.943767
2009,Mixed / complex products nec.,535.150851
2009,Natural Gas,2650.674452
2009,Non-ferrous ores,4986.351097
2009,Non-metallic minerals - construction dominant,32507.052657
2009,Non-metallic minerals - industrial or agricultural dominant,1564.568032
2009,Non-wild animal products,102.599186
2009,Oil shale and tar sands,623.560251
2009,Other products mainly from fossil fuels e.g. plastics,260.918176
2009,Petroleum,5915.253258
2009,Products mainly from biomass nec.,236.764119
2009,Products mainly from metals nec.,183.610553
2009,Products mainly from non-metallic minerals,559.814526
2009,Refined fossil fuels mainly for fuel e.g. LPG gasoline diesel,894.521034
2009,Waste for final treatment and disposal,6.541162
2009,Wild catch and harvest,96.028986
2009,Wood,2543.287159
2010,Coal,8188.619369
2010,Crop Residues,6125.213418
2010,Crops,8666.081115
2010,Excavated earthen materials (including soil) nec,0
2010,Ferrous ores,4091.887273
2010,Grazed biomass and fodder crops,6018.70625
2010,Mixed / complex products nec.,713.110298
2010,Natural Gas,2848.717764
2010,Non-ferrous ores,5291.626284
2010,Non-metallic minerals - construction dominant,35000.807687
2010,Non-metallic minerals - industrial or agricultural dominant,1782.455532
2010,Non-wild animal products,107.801716
2010,Oil shale and tar sands,652.143849
2010,Other products mainly from fossil fuels e.g. plastics,303.132764
2010,Petroleum,6025.912415
2010,Products mainly from biomass nec.,262.069481
2010,Products mainly from metals nec.,231.96659
2010,Products mainly from non-metallic minerals,657.080739
2010,Refined fossil fuels mainly for fuel e.g. LPG gasoline diesel,969.815146
2010,Waste for final treatment and disposal,7.426579
2010,Wild catch and harvest,95.531049
2010,Wood,2697.868065
2011,Coal,8760.925206
2011,Crop Residues,6505.779599
2011,Crops,9136.366611
2011,Excavated earthen materials (including soil) nec,0
2011,Ferrous ores,4559.773455
2011,Grazed biomass and fodder crops,6024.687585
2011,Mixed / complex products nec.,959.596263
2011,Natural Gas,2965.398304
2011,Non-ferrous ores,5538.191755
2011,Non-metallic minerals - construction dominant,37742.148964
2011,Non-metallic minerals - industrial or agricultural dominant,2046.674869
2011,Non-wild animal products,112.90364
2011,Oil shale and tar sands,706.727396
2011,Other products mainly from fossil fuels e.g. plastics,303.886036
2011,Petroleum,6065.243378
2011,Products mainly from biomass nec.,274.294337
2011,Products mainly from metals nec.,258.137165
2011,Products mainly from non-metallic minerals,691.905444
2011,Refined fossil fuels mainly for fuel e.g. LPG gasoline diesel,999.369253
2011,Waste for final treatment and disposal,7.764991
2011,Wild catch and harvest,100.575683
2011,Wood,2764.264302
2012,Coal,8975.342409
2012,Crop Residues,6518.540778
2012,Crops,9204.722488
2012,Excavated earthen materials (including soil) nec,0
2012,Ferrous ores,4592.279542
2012,Grazed biomass and fodder crops,5952.2501999999995
2012,Mixed / complex products nec.,1014.092637
2012,Natural Gas,3000.2043830000002
2012,Non-ferrous ores,5791.35977
2012,Non-metallic minerals - construction dominant,39848.134696
2012,Non-metallic minerals - industrial or agricultural dominant,2041.996772
2012,Non-wild animal products,115.79491
2012,Oil shale and tar sands,746.239866
2012,Other products mainly from fossil fuels e.g. plastics,317.771304
2012,Petroleum,6155.898606
2012,Products mainly from biomass nec.,279.866305
2012,Products mainly from metals nec.,260.76187699999997
2012,Products mainly from non-metallic minerals,710.046384
2012,Refined fossil fuels mainly for fuel e.g. LPG gasoline diesel,1006.332352
2012,Waste for final treatment and disposal,9.449071
2012,Wild catch and harvest,96.74855
2012,Wood,2781.991788
2013,Coal,9111.47934
2013,Crop Residues,6941.460672
2013,Crops,9623.115243
2013,Excavated earthen materials (including soil) nec,0
2013,Ferrous ores,4880.777479
2013,Grazed biomass and fodder crops,5968.182257
2013,Mixed / complex products nec.,1076.191836
2013,Natural Gas,3056.075407
2013,Non-ferrous ores,6227.573075
2013,Non-metallic minerals - construction dominant,41405.414224
2013,Non-metallic minerals - industrial or agricultural dominant,2144.051044
2013,Non-wild animal products,117.797652
2013,Oil shale and tar sands,769.859388
2013,Other products mainly from fossil fuels e.g. plastics,321.95098
2013,Petroleum,6129.208471
2013,Products mainly from biomass nec.,286.893271
2013,Products mainly from metals nec.,269.050209
2013,Products mainly from non-metallic minerals,745.97337
2013,Refined fossil fuels mainly for fuel e.g. LPG gasoline diesel,1041.5636690000001
2013,Waste for final treatment and disposal,8.840259
2013,Wild catch and harvest,98.419149
2013,Wood,2833.698604
2014,Coal,9067.360235
2014,Crop Residues,7056.784885
2014,Crops,9858.684255
2014,Excavated earthen materials (including soil) nec,0
2014,Ferrous ores,5333.838933
2014,Grazed biomass and fodder crops,5998.616078
2014,Mixed / complex products nec.,1087.269622
2014,Natural Gas,3103.556019
2014,Non-ferrous ores,6213.21335
2014,Non-metallic minerals - construction dominant,42074.429438
2014,Non-metallic minerals - industrial or agricultural dominant,2188.106265
2014,Non-wild animal products,128.322005
2014,Oil shale and tar sands,789.5709069999999
2014,Other products mainly from fossil fuels e.g. plastics,332.066048
2014,Petroleum,6178.954752
2014,Products mainly from biomass nec.,300.581992
2014,Products mainly from metals nec.,257.525603
2014,Products mainly from non-metallic minerals,748.930072
2014,Refined fossil fuels mainly for fuel e.g. LPG gasoline diesel,1051.018709
2014,Waste for final treatment and disposal,9.980694
2014,Wild catch and harvest,100.259794
2014,Wood,2870.826978
2015,Coal,8780.11829
2015,Crop Residues,7146.279843
2015,Crops,9949.035971
2015,Excavated earthen materials (including soil) nec,0
2015,Ferrous ores,5250.936382
2015,Grazed biomass and fodder crops,6045.638923
2015,Mixed / complex products nec.,1195.583719
2015,Natural Gas,3154.502048
2015,Non-ferrous ores,6378.700685
2015,Non-metallic minerals - construction dominant,41848.838567
2015,Non-metallic minerals - industrial or agricultural dominant,2043.648097
2015,Non-wild animal products,129.277214
2015,Oil shale and tar sands,799.990296
2015,Other products mainly from fossil fuels e.g. plastics,338.104311
2015,Petroleum,6372.823234
2015,Products mainly from biomass nec.,304.570859
2015,Products mainly from metals nec.,255.331454
2015,Products mainly from non-metallic minerals,765.672229
2015,Refined fossil fuels mainly for fuel e.g. LPG gasoline diesel,1123.442921
2015,Waste for final treatment and disposal,9.294808
2015,Wild catch and harvest,100.341773
2015,Wood,2865.660439
2016,Coal,8342.988547
2016,Crop Residues,7250.450914
2016,Crops,10120.513789
2016,Excavated earthen materials (including soil) nec,0
2016,Ferrous ores,5295.441322
2016,Grazed biomass and fodder crops,6110.580283
2016,Mixed / complex products nec.,1253.201259
2016,Natural Gas,3248.969723
2016,Non-ferrous ores,6611.59937
2016,Non-metallic minerals - construction dominant,42681.68956
2016,Non-metallic minerals - industrial or agricultural dominant,2205.255573
2016,Non-wild animal products,133.251105
2016,Oil shale and tar sands,704.632169
2016,Other products mainly from fossil fuels e.g. plastics,358.319149
2016,Petroleum,6531.05864
2016,Products mainly from biomass nec.,313.055669
2016,Products mainly from metals nec.,264.753016
2016,Products mainly from non-metallic minerals,807.70665
2016,Refined fossil fuels mainly for fuel e.g. LPG gasoline diesel,1154.2792239999999
2016,Waste for final treatment and disposal,9.738529
2016,Wild catch and harvest,97.852069
2016,Wood,2946.430266
2017,Coal,8684.601979
2017,Crop Residues,7561.056957
2017,Crops,10401.957549
2017,Excavated earthen materials (including soil) nec,0
2017,Ferrous ores,5253.556579
2017,Grazed biomass and fodder crops,6140.248832
2017,Mixed / complex products nec.,2413.026207
2017,Natural Gas,3403.521831
2017,Non-ferrous ores,6684.564036
2017,Non-metallic minerals - construction dominant,42207.263819
2017,Non-metallic minerals - industrial or agricultural dominant,2237.281561
2017,Non-wild animal products,140.162549
2017,Oil shale and tar sands,857.498745
2017,Other products mainly from fossil fuels e.g. plastics,311.57481
2017,Petroleum,6611.122745
2017,Products mainly from biomass nec.,332.168698
2017,Products mainly from metals nec.,260.410344
2017,Products mainly from non-metallic minerals,768.969745
2017,Refined fossil fuels mainly for fuel e.g. LPG gasoline diesel,1195.6945759999999
2017,Waste for final treatment and disposal,10.828436
2017,Wild catch and harvest,103.057296
2017,Wood,2979.255108
2018,Coal,9047.737455
2018,Crop Residues,7569.61271
2018,Crops,10460.994697
2018,Excavated earthen materials (including soil) nec,0
2018,Ferrous ores,4843.392432
2018,Grazed biomass and fodder crops,6137.3032809999995
2018,Mixed / complex products nec.,1799.298305
2018,Natural Gas,3511.334088
2018,Non-ferrous ores,6833.146615
2018,Non-metallic minerals - construction dominant,42650.934409
2018,Non-metallic minerals - industrial or agricultural dominant,2331.261132
2018,Non-wild animal products,143.033738
2018,Oil shale and tar sands,840.47834
2018,Other products mainly from fossil fuels e.g. plastics,330.022828
2018,Petroleum,6723.778515
2018,Products mainly from biomass nec.,341.468399
2018,Products mainly from metals nec.,264.595169
2018,Products mainly from non-metallic minerals,819.197416
2018,Refined fossil fuels mainly for fuel e.g. LPG gasoline diesel,1204.987432
2018,Waste for final treatment and disposal,10.537638
2018,Wild catch and harvest,107.016888
2018,Wood,3079.182818
2019,Coal,9162.144678
2019,Crop Residues,7707.299265
2019,Crops,10596.880065
2019,Excavated earthen materials (including soil) nec,0
2019,Ferrous ores,4936.8873380000005
2019,Grazed biomass and fodder crops,6194.483956
2019,Mixed / complex products nec.,1978.758261
2019,Natural Gas,3669.809613
2019,Non-ferrous ores,6970.797379
2019,Non-metallic minerals - construction dominant,43882.806519000005
2019,Non-metallic minerals - industrial or agricultural dominant,2272.303944
2019,Non-wild animal products,145.826983
2019,Oil shale and tar sands,949.106111
2019,Other products mainly from fossil fuels e.g. plastics,313.189538
2019,Petroleum,6671.235552
2019,Products mainly from biomass nec.,331.230521
2019,Products mainly from metals nec.,263.88131
2019,Products mainly from non-metallic minerals,854.74852
2019,Refined fossil fuels mainly for fuel e.g. LPG gasoline diesel,1178.267711
2019,Waste for final treatment and disposal,10.715733
2019,Wild catch and harvest,104.438655
2019,Wood,3042.326404
2020,Coal,8695.483756
2020,Crop Residues,7734.206164
2020,Crops,10613.262867
2020,Excavated earthen materials (including soil) nec,0
2020,Ferrous ores,4887.047621
2020,Grazed biomass and fodder crops,6233.283518
2020,Mixed / complex products nec.,1908.33943
2020,Natural Gas,3580.158678
2020,Non-ferrous ores,6842.15638
2020,Non-metallic minerals - construction dominant,44350.070342
2020,Non-metallic minerals - industrial or agricultural dominant,2155.551446
2020,Non-wild animal products,146.237457
2020,Oil shale and tar sands,926.470225
2020,Other products mainly from fossil fuels e.g. plastics,298.159654
2020,Petroleum,6327.918061
2020,Products mainly from biomass nec.,319.079221
2020,Products mainly from metals nec.,254.252889
2020,Products mainly from non-metallic minerals,844.300209
2020,Refined fossil fuels mainly for fuel e.g. LPG gasoline diesel,1063.817456
2020,Waste for final treatment and disposal,10.333515
2020,Wild catch and harvest,102.26501400000001
2020,Wood,2998.13335
2021,Coal,8998.483413
2021,Crop Residues,7870.406248
2021,Crops,10793.906878
2021,Excavated earthen materials (including soil) nec,0
2021,Ferrous ores,5124.880169
2021,Grazed biomass and fodder crops,6268.668259
2021,Mixed / complex products nec.,1980.398077
2021,Natural Gas,3664.790633
2021,Non-ferrous ores,7134.576906
2021,Non-metallic minerals - construction dominant,46443.60361
2021,Non-metallic minerals - industrial or agricultural dominant,2271.870396
2021,Non-wild animal products,141.407458
2021,Oil shale and tar sands,974.268195
2021,Other products mainly from fossil fuels e.g. plastics,305.964666
2021,Petroleum,6470.174998
2021,Products mainly from biomass nec.,329.614846
2021,Products mainly from metals nec.,262.84834
2021,Products mainly from non-metallic minerals,890.49277
2021,Refined fossil fuels mainly for fuel e.g. LPG gasoline diesel,1104.587609
2021,Waste for final treatment and disposal,10.721734
2021,Wild catch and harvest,106.569885
2021,Wood,3052.236024
2022,Coal,9042.827997
2022,Crop Residues,8001.267752
2022,Crops,10983.814783
2022,Excavated earthen materials (including soil) nec,0
2022,Ferrous ores,5269.12841
2022,Grazed biomass and fodder crops,6290.048752
2022,Mixed / complex products nec.,2028.859555
2022,Natural Gas,3647.6927650000002
2022,Non-ferrous ores,7297.482171000001
2022,Non-metallic minerals - construction dominant,47883.958979
2022,Non-metallic minerals - industrial or agricultural dominant,2338.204343
2022,Non-wild animal products,143.878415
2022,Oil shale and tar sands,989.911986
2022,Other products mainly from fossil fuels e.g. plastics,307.976208
2022,Petroleum,6552.844909
2022,Products mainly from biomass nec.,335.097837
2022,Products mainly from metals nec.,269.057008
2022,Products mainly from non-metallic minerals,926.669384
2022,Refined fossil fuels mainly for fuel e.g. LPG gasoline diesel,1112.6256329999999
2022,Waste for final treatment and disposal,10.994381
2022,Wild catch and harvest,109.343495
2022,Wood,3070.497732
2023,Coal,9099.838181
2023,Crop Residues,8118.491947
2023,Crops,11148.628392999999
2023,Excavated earthen materials (including soil) nec,0
2023,Ferrous ores,5432.110705
2023,Grazed biomass and fodder crops,6272.42367
2023,Mixed / complex products nec.,2071.365067
2023,Natural Gas,3628.478767
2023,Non-ferrous ores,7460.8567969999995
2023,Non-metallic minerals - construction dominant,49520.611941
2023,Non-metallic minerals - industrial or agricultural dominant,2403.271436
2023,Non-wild animal products,145.991684
2023,Oil shale and tar sands,996.61436
2023,Other products mainly from fossil fuels e.g. plastics,309.285602
2023,Petroleum,6618.66002
2023,Products mainly from biomass nec.,339.317187
2023,Products mainly from metals nec.,274.664865
2023,Products mainly from non-metallic minerals,961.20397
2023,Refined fossil fuels mainly for fuel e.g. LPG gasoline diesel,1116.752946
2023,Waste for final treatment and disposal,11.188119
2023,Wild catch and harvest,111.79322
2023,Wood,3079.526734
2024,Coal,9171.409728999999
2024,Crop Residues,8259.746469
2024,Crops,11353.717084
2024,Excavated earthen materials (including soil) nec,0
2024,Ferrous ores,5611.659858
2024,Grazed biomass and fodder crops,6283.712711
2024,Mixed / complex products nec.,2115.212662
2024,Natural Gas,3624.280304
2024,Non-ferrous ores,7657.606374
2024,Non-metallic minerals - construction dominant,51424.021387
2024,Non-metallic minerals - industrial or agricultural dominant,2483.679404
2024,Non-wild animal products,148.117275
2024,Oil shale and tar sands,997.446976
2024,Other products mainly from fossil fuels e.g. plastics,310.762914
2024,Petroleum,6681.825165
2024,Products mainly from biomass nec.,343.314074
2024,Products mainly from metals nec.,280.270918
2024,Products mainly from non-metallic minerals,1000.382632
2024,Refined fossil fuels mainly for fuel e.g. LPG gasoline diesel,1120.605298
2024,Waste for final treatment and disposal,11.425586000000001
2024,Wild catch and harvest,114.407399
2024,Wood,3103.31429
