year,material_category,DMC_Mt
1970,Coal,3003.86041
1970,Crop Residues,2579.8482989999998
1970,Crops,3318.792468
1970,Excavated earthen materials (including soil) nec,0
1970,Ferrous ores,727.694973
1970,Grazed biomass and fodder crops,5069.903651
1970,Mixed / complex products nec.,-0.511799
1970,Natural Gas,655.87108
1970,Non-ferrous ores,1903.7900789999999
1970,Non-metallic minerals - construction dominant,8940.016934
1970,Non-metallic minerals - industrial or agricultural dominant,645.512146
1970,Non-wild animal products,-0.5059169999999997
1970,Oil shale and tar sands,48.127375
1970,Other products mainly from fossil fuels e.g. plastics,-0.841678
1970,Petroleum,1764.6331
1970,Products mainly from biomass nec.,0.703992
1970,Products mainly from metals nec.,-2.40768
1970,Products mainly from non-metallic minerals,-0.6105859999999996
1970,Refined fossil fuels mainly for fuel e.g. LPG gasoline diesel,-10.370700000000006
1970,Waste for final treatment and disposal,0.602017
1970,Wild catch and harvest,47.02804
1970,Wood,1729.884522
1971,Coal,2968.038448
1971,Crop Residues,2656.46174
1971,Crops,3395.464567
1971,Excavated earthen materials (including soil) nec,0
1971,Ferrous ores,733.679133
1971,Grazed biomass and fodder crops,5140.414428
1971,Mixed / complex products nec.,-0.1902490000000001
1971,Natural Gas,702.403199
1971,Non-ferrous ores,1914.8091570000001
1971,Non-metallic minerals - construction dominant,9522.240908
1971,Non-metallic minerals - industrial or agricultural dominant,663.66464
1971,Non-wild animal products,-0.38611900000000005
1971,Oil shale and tar sands,56.745670000000004
1971,Other products mainly from fossil fuels e.g. plastics,-1.2869439999999996
1971,Petroleum,1865.858
1971,Products mainly from biomass nec.,0.29512600000000005
1971,Products mainly from metals nec.,-0.7651019999999997
1971,Products mainly from non-metallic minerals,0.33931700000000076
1971,Refined fossil fuels mainly for fuel e.g. LPG gasoline diesel,-13.943699999999996
1971,Waste for final treatment and disposal,0.582048
1971,Wild catch and harvest,46.220867
1971,Wood,1747.444453
1972,Coal,3024.274831
1972,Crop Residues,2570.462903
1972,Crops,3332.094034
1972,Excavated earthen materials (including soil) nec,0
1972,Ferrous ores,731.13846
1972,Grazed biomass and fodder crops,5230.921791
1972,Mixed / complex products nec.,-0.15855799999999998
1972,Natural Gas,737.766091
1972,Non-ferrous ores,2037.236709
1972,Non-metallic minerals - construction dominant,9939.290228
1972,Non-metallic minerals - industrial or agricultural dominant,671.047713
1972,Non-wild animal products,-0.004437000000000081
1972,Oil shale and tar sands,66.412053
1972,Other products mainly from fossil fuels e.g. plastics,-1.130264
1972,Petroleum,1964.78
1972,Products mainly from biomass nec.,-1.1276519999999997
1972,Products mainly from metals nec.,-2.7004070000000002
1972,Products mainly from non-metallic minerals,-2.854504
1972,Refined fossil fuels mainly for fuel e.g. LPG gasoline diesel,-9.990699999999993
1972,Waste for final treatment and disposal,0.597611
1972,Wild catch and harvest,41.055047
1972,Wood,1756.214908
1973,Coal,3101.683819
1973,Crop Residues,2809.901019
1973,Crops,3588.690492
1973,Excavated earthen materials (including soil) nec,0
1973,Ferrous ores,798.189946
1973,Grazed biomass and fodder crops,5313.925899
1973,Mixed / complex products nec.,-0.15179299999999998
1973,Natural Gas,769.567806
1973,Non-ferrous ores,2104.833141
1973,Non-metallic minerals - construction dominant,10667.999932
1973,Non-metallic minerals - industrial or agricultural dominant,722.512515
1973,Non-wild animal products,-0.8113559999999996
1973,Oil shale and tar sands,67.478903
1973,Other products mainly from fossil fuels e.g. plastics,-0.33977300000000027
1973,Petroleum,2377.399
1973,Products mainly from biomass nec.,-0.5364340000000002
1973,Products mainly from metals nec.,-4.462402
1973,Products mainly from non-metallic minerals,2.257491
1973,Refined fossil fuels mainly for fuel e.g. LPG gasoline diesel,16.633299999999988
1973,Waste for final treatment and disposal,0.405069
1973,Wild catch and harvest,41.023167
1973,Wood,1794.909103
1974,Coal,3111.105532
1974,Crop Residues,2793.1304760000003
1974,Crops,3569.962861
1974,Excavated earthen materials (including soil) nec,0
1974,Ferrous ores,830.451988
1974,Grazed biomass and fodder crops,5458.662307
1974,Mixed / complex products nec.,-0.627408
1974,Natural Gas,773.429929
1974,Non-ferrous ores,2047.7497369999999
1974,Non-metallic minerals - construction dominant,10569.184164
1974,Non-metallic minerals - industrial or agricultural dominant,776.5672519999999
1974,Non-wild animal products,-1.0130409999999996
1974,Oil shale and tar sands,66.58501
1974,Other products mainly from fossil fuels e.g. plastics,0.7325559999999997
1974,Petroleum,2386.291
1974,Products mainly from biomass nec.,-0.8796790000000002
1974,Products mainly from metals nec.,-4.283237000000001
1974,Products mainly from non-metallic minerals,2.3255739999999996
1974,Refined fossil fuels mainly for fuel e.g. LPG gasoline diesel,10.436262999999993
1974,Waste for final treatment and disposal,0.457115
1974,Wild catch and harvest,43.338522
1974,Wood,1804.835325
1975,Coal,3321.196111
1975,Crop Residues,2827.99323
1975,Crops,3646.082837
1975,Excavated earthen materials (including soil) nec,0
1975,Ferrous ores,836.866881
1975,Grazed biomass and fodder crops,5557.4246
1975,Mixed / complex products nec.,-0.13371599999999992
1975,Natural Gas,777.091745
1975,Non-ferrous ores,1936.256369
1975,Non-metallic minerals - construction dominant,10175.960267
1975,Non-metallic minerals - industrial or agricultural dominant,774.870452
1975,Non-wild animal products,-0.5406929999999998
1975,Oil shale and tar sands,65.58556
1975,Other products mainly from fossil fuels e.g. plastics,-0.8007910000000001
1975,Petroleum,2347.263
1975,Products mainly from biomass nec.,-0.7936090000000001
1975,Products mainly from metals nec.,-3.4072020000000007
1975,Products mainly from non-metallic minerals,-4.249700999999999
1975,Refined fossil fuels mainly for fuel e.g. LPG gasoline diesel,10.137298000000007
1975,Waste for final treatment and disposal,0.295374
1975,Wild catch and harvest,42.530901
1975,Wood,1772.932725
1976,Coal,3364.817715
1976,Crop Residues,3003.407349
1976,Crops,3825.134928
1976,Excavated earthen materials (including soil) nec,0
1976,Ferrous ores,841.181177
1976,Grazed biomass and fodder crops,5581.178721
1976,Mixed / complex products nec.,-0.324009
1976,Natural Gas,806.575381
1976,Non-ferrous ores,2015.772285
1976,Non-metallic minerals - construction dominant,10606.964785
1976,Non-metallic minerals - industrial or agricultural dominant,843.552381
1976,Non-wild animal products,-0.8346609999999999
1976,Oil shale and tar sands,69.472713
1976,Other products mainly from fossil fuels e.g. plastics,-0.13002599999999986
1976,Petroleum,2519.416
1976,Products mainly from biomass nec.,-0.5630179999999996
1976,Products mainly from metals nec.,-7.481212
1976,Products mainly from non-metallic minerals,-2.3415769999999996
1976,Refined fossil fuels mainly for fuel e.g. LPG gasoline diesel,-9.169512000000006
1976,Waste for final treatment and disposal,0.466244
1976,Wild catch and harvest,45.355018
1976,Wood,1827.655499
1977,Coal,3493.900615
1977,Crop Residues,3058.430398
1977,Crops,3902.088541
1977,Excavated earthen materials (including soil) nec,0
1977,Ferrous ores,792.104754
1977,Grazed biomass and fodder crops,5558.873542
1977,Mixed / complex products nec.,-1.612773
1977,Natural Gas,833.905254
1977,Non-ferrous ores,1993.615799
1977,Non-metallic minerals - construction dominant,11149.207408
1977,Non-metallic minerals - industrial or agricultural dominant,855.948848
1977,Non-wild animal products,-1.089732
1977,Oil shale and tar sands,75.098298
1977,Other products mainly from fossil fuels e.g. plastics,-1.044576
1977,Petroleum,2659.3070000000002
1977,Products mainly from biomass nec.,-1.2362730000000002
1977,Products mainly from metals nec.,-5.054734
1977,Products mainly from non-metallic minerals,0.18746100000000093
1977,Refined fossil fuels mainly for fuel e.g. LPG gasoline diesel,10.694487999999996
1977,Waste for final treatment and disposal,0.12616600000000006
1977,Wild catch and harvest,43.894966
1977,Wood,1842.797283
1978,Coal,3541.116904
1978,Crop Residues,3258.176374
1978,Crops,4127.172281
1978,Excavated earthen materials (including soil) nec,0
1978,Ferrous ores,754.197826
1978,Grazed biomass and fodder crops,5535.398392
1978,Mixed / complex products nec.,0.041187000000000036
1978,Natural Gas,877.0354050000001
1978,Non-ferrous ores,2001.6002
1978,Non-metallic minerals - construction dominant,12031.334339000001
1978,Non-metallic minerals - industrial or agricultural dominant,915.049362
1978,Non-wild animal products,-0.938639
1978,Oil shale and tar sands,83.000472
1978,Other products mainly from fossil fuels e.g. plastics,-0.9492499999999999
1978,Petroleum,2731.481
1978,Products mainly from biomass nec.,-1.7215200000000002
1978,Products mainly from metals nec.,-3.355638
1978,Products mainly from non-metallic minerals,5.06003
1978,Refined fossil fuels mainly for fuel e.g. LPG gasoline diesel,-2.3665069999999955
1978,Waste for final treatment and disposal,0.404257
1978,Wild catch and harvest,46.152779
1978,Wood,1877.863146
1979,Coal,3715.838603
1979,Crop Residues,3166.720239
1979,Crops,4100.658528
1979,Excavated earthen materials (including soil) nec,0
1979,Ferrous ores,806.158756
1979,Grazed biomass and fodder crops,5535.760843
1979,Mixed / complex products nec.,-0.14724299999999999
1979,Natural Gas,930.186942
1979,Non-ferrous ores,2027.458731
1979,Non-metallic minerals - construction dominant,12171.179299
1979,Non-metallic minerals - industrial or agricultural dominant,927.546844
1979,Non-wild animal products,-1.2447559999999998
1979,Oil shale and tar sands,110.800337
1979,Other products mainly from fossil fuels e.g. plastics,-1.5783609999999995
1979,Petroleum,2813.005
1979,Products mainly from biomass nec.,-1.8074640000000004
1979,Products mainly from metals nec.,-3.201443000000001
1979,Products mainly from non-metallic minerals,11.440933999999999
1979,Refined fossil fuels mainly for fuel e.g. LPG gasoline diesel,-4.463417999999989
1979,Waste for final treatment and disposal,0.173086
1979,Wild catch and harvest,47.848417
1979,Wood,1918.076707
1980,Coal,3736.084315
1980,Crop Residues,3169.237636
1980,Crops,4018.126211
1980,Excavated earthen materials (including soil) nec,0
1980,Ferrous ores,833.624003
1980,Grazed biomass and fodder crops,5593.768923
1980,Mixed / complex products nec.,-5.931739
1980,Natural Gas,951.083442
1980,Non-ferrous ores,2044.22552
1980,Non-metallic minerals - construction dominant,11993.782811000001
1980,Non-metallic minerals - industrial or agricultural dominant,982.698976
1980,Non-wild animal products,-1.315741
1980,Oil shale and tar sands,129.480999
1980,Other products mainly from fossil fuels e.g. plastics,-2.5430859999999997
1980,Petroleum,2744.806192
1980,Products mainly from biomass nec.,-3.163209
1980,Products mainly from metals nec.,-4.280561
1980,Products mainly from non-metallic minerals,0.6962979999999999
1980,Refined fossil fuels mainly for fuel e.g. LPG gasoline diesel,-36.09445899999999
1980,Waste for final treatment and disposal,0.534942
1980,Wild catch and harvest,47.662238
1980,Wood,1924.7538
1981,Coal,3795.323191
1981,Crop Residues,3323.587165
1981,Crops,4233.503471
1981,Excavated earthen materials (including soil) nec,0
1981,Ferrous ores,772.274229
1981,Grazed biomass and fodder crops,5640.498324
1981,Mixed / complex products nec.,-4.258548
1981,Natural Gas,976.563752
1981,Non-ferrous ores,2109.338127
1981,Non-metallic minerals - construction dominant,11641.765388
1981,Non-metallic minerals - industrial or agricultural dominant,959.141903
1981,Non-wild animal products,-1.4396890000000002
1981,Oil shale and tar sands,117.15733900000001
1981,Other products mainly from fossil fuels e.g. plastics,-2.0707
1981,Petroleum,2655.718481
1981,Products mainly from biomass nec.,-1.912243
1981,Products mainly from metals nec.,-10.783230000000001
1981,Products mainly from non-metallic minerals,-3.764280000000001
1981,Refined fossil fuels mainly for fuel e.g. LPG gasoline diesel,-52.357800999999995
1981,Waste for final treatment and disposal,0.461253
1981,Wild catch and harvest,49.888287
1981,Wood,1922.56349
1982,Coal,3951.365935
1982,Crop Residues,3470.870903
1982,Crops,4471.912567
1982,Excavated earthen materials (including soil) nec,0
1982,Ferrous ores,769.99786
1982,Grazed biomass and fodder crops,5700.245466
1982,Mixed / complex products nec.,-3.558554
1982,Natural Gas,955.794836
1982,Non-ferrous ores,2082.925456
1982,Non-metallic minerals - construction dominant,11489.596622
1982,Non-metallic minerals - industrial or agricultural dominant,886.569765
1982,Non-wild animal products,-0.9647569999999994
1982,Oil shale and tar sands,136.506103
1982,Other products mainly from fossil fuels e.g. plastics,-1.9041759999999999
1982,Petroleum,2582.008288
1982,Products mainly from biomass nec.,-1.6258580000000002
1982,Products mainly from metals nec.,-8.375794999999998
1982,Products mainly from non-metallic minerals,-9.275937
1982,Refined fossil fuels mainly for fuel e.g. LPG gasoline diesel,-66.536747
1982,Waste for final treatment and disposal,0.18274300000000002
1982,Wild catch and harvest,52.17255
1982,Wood,1926.687616
1983,Coal,3996.921902
1983,Crop Residues,3448.212532
1983,Crops,4371.684867
1983,Excavated earthen materials (including soil) nec,0
1983,Ferrous ores,719.101725
1983,Grazed biomass and fodder crops,5720.402205
1983,Mixed / complex products nec.,-4.726904
1983,Natural Gas,954.967302
1983,Non-ferrous ores,2143.343309
1983,Non-metallic minerals - construction dominant,12078.37247
1983,Non-metallic minerals - industrial or agricultural dominant,933.58333
1983,Non-wild animal products,-0.8778920000000001
1983,Oil shale and tar sands,165.89953100000002
1983,Other products mainly from fossil fuels e.g. plastics,-1.0801910000000001
1983,Petroleum,2609.662245
1983,Products mainly from biomass nec.,-1.5077799999999997
1983,Products mainly from metals nec.,-4.476214
1983,Products mainly from non-metallic minerals,3.8194709999999996
1983,Refined fossil fuels mainly for fuel e.g. LPG gasoline diesel,-83.195088
1983,Waste for final treatment and disposal,0.983044
1983,Wild catch and harvest,51.145655
1983,Wood,1973.959226
1984,Coal,4188.881445
1984,Crop Residues,3649.533353
1984,Crops,4673.963768
1984,Excavated earthen materials (including soil) nec,0
1984,Ferrous ores,828.194896
1984,Grazed biomass and fodder crops,5753.251728
1984,Mixed / complex products nec.,-4.52102
1984,Natural Gas,1043.190074
1984,Non-ferrous ores,2276.142746
1984,Non-metallic minerals - construction dominant,12508.708858
1984,Non-metallic minerals - industrial or agricultural dominant,1024.415297
1984,Non-wild animal products,-1.5465719999999998
1984,Oil shale and tar sands,129.355313
1984,Other products mainly from fossil fuels e.g. plastics,-0.546715
1984,Petroleum,2648.316202
1984,Products mainly from biomass nec.,-1.0710080000000002
1984,Products mainly from metals nec.,-11.073815
1984,Products mainly from non-metallic minerals,0.924832
1984,Refined fossil fuels mainly for fuel e.g. LPG gasoline diesel,-87.915956
1984,Waste for final treatment and disposal,0.693082
1984,Wild catch and harvest,56.287337
1984,Wood,2025.399305
1985,Coal,4323.549828
1985,Crop Residues,3712.508497
1985,Crops,4722.351793
1985,Excavated earthen materials (including soil) nec,0
1985,Ferrous ores,877.540925
1985,Grazed biomass and fodder crops,5771.876918
1985,Mixed / complex products nec.,3.586964
1985,Natural Gas,1076.649374
1985,Non-ferrous ores,2370.89417
1985,Non-metallic minerals - construction dominant,13221.208895
1985,Non-metallic minerals - industrial or agricultural dominant,1013.4651
1985,Non-wild animal products,-0.19718800000000009
1985,Oil shale and tar sands,153.101435
1985,Other products mainly from fossil fuels e.g. plastics,1.1166279999999997
1985,Petroleum,2649.6700849999997
1985,Products mainly from biomass nec.,-0.8487919999999998
1985,Products mainly from metals nec.,-9.102770000000001
1985,Products mainly from non-metallic minerals,13.514192000000001
1985,Refined fossil fuels mainly for fuel e.g. LPG gasoline diesel,-94.526186
1985,Waste for final treatment and disposal,1.344953
1985,Wild catch and harvest,57.939793
1985,Wood,2028.582999
1986,Coal,4434.290974
1986,Crop Residues,3754.767124
1986,Crops,4771.32552
1986,Excavated earthen materials (including soil) nec,0
1986,Ferrous ores,917.321112
1986,Grazed biomass and fodder crops,5798.157747
1986,Mixed / complex products nec.,5.038361999999999
1986,Natural Gas,1072.602722
1986,Non-ferrous ores,2435.1209320000003
1986,Non-metallic minerals - construction dominant,14001.116925
1986,Non-metallic minerals - industrial or agricultural dominant,1000.44436
1986,Non-wild animal products,-0.4106609999999996
1986,Oil shale and tar sands,163.558018
1986,Other products mainly from fossil fuels e.g. plastics,2.982094
1986,Petroleum,2775.185085
1986,Products mainly from biomass nec.,-0.7914950000000006
1986,Products mainly from metals nec.,-6.49367
1986,Products mainly from non-metallic minerals,17.853939
1986,Refined fossil fuels mainly for fuel e.g. LPG gasoline diesel,-99.22093
1986,Waste for final treatment and disposal,1.007176
1986,Wild catch and harvest,61.984423
1986,Wood,2076.909487
1987,Coal,4536.05024
1987,Crop Residues,3773.595986
1987,Crops,4823.230305
1987,Excavated earthen materials (including soil) nec,0
1987,Ferrous ores,980.789231
1987,Grazed biomass and fodder crops,5797.394907
1987,Mixed / complex products nec.,4.639758
1987,Natural Gas,1153.60918
1987,Non-ferrous ores,2578.363172
1987,Non-metallic minerals - construction dominant,14880.463485
1987,Non-metallic minerals - industrial or agricultural dominant,1082.245261
1987,Non-wild animal products,-0.6179380000000002
1987,Oil shale and tar sands,160.370147
1987,Other products mainly from fossil fuels e.g. plastics,4.028589
1987,Petroleum,2824.969085
1987,Products mainly from biomass nec.,0.016550000000000533
1987,Products mainly from metals nec.,-3.581708
1987,Products mainly from non-metallic minerals,17.533615
1987,Refined fossil fuels mainly for fuel e.g. LPG gasoline diesel,-103.043492
1987,Waste for final treatment and disposal,0.520882
1987,Wild catch and harvest,63.468393
1987,Wood,2110.116652
1988,Coal,4627.887465
1988,Crop Residues,3779.047519
1988,Crops,4779.609727
1988,Excavated earthen materials (including soil) nec,0
1988,Ferrous ores,971.513013
1988,Grazed biomass and fodder crops,5820.32731
1988,Mixed / complex products nec.,0.8271509999999995
1988,Natural Gas,1212.994311
1988,Non-ferrous ores,2757.640203
1988,Non-metallic minerals - construction dominant,15744.920984
1988,Non-metallic minerals - industrial or agricultural dominant,1140.997408
1988,Non-wild animal products,-1.2573360000000005
1988,Oil shale and tar sands,173.54644
1988,Other products mainly from fossil fuels e.g. plastics,3.2575469999999997
1988,Petroleum,2930.726064
1988,Products mainly from biomass nec.,-0.5731850000000003
1988,Products mainly from metals nec.,-5.102809
1988,Products mainly from non-metallic minerals,24.140669
1988,Refined fossil fuels mainly for fuel e.g. LPG gasoline diesel,-96.299202
1988,Waste for final treatment and disposal,1.210707
1988,Wild catch and harvest,60.864746000000004
1988,Wood,2125.766194
1989,Coal,4704.834697
1989,Crop Residues,3981.2550659999997
1989,Crops,5030.282653
1989,Excavated earthen materials (including soil) nec,0
1989,Ferrous ores,1001.5636969999999
1989,Grazed biomass and fodder crops,5893.469451
1989,Mixed / complex products nec.,-1.320860999999999
1989,Natural Gas,1271.334065
1989,Non-ferrous ores,2876.174806
1989,Non-metallic minerals - construction dominant,15735.722854
1989,Non-metallic minerals - industrial or agricultural dominant,1165.597791
1989,Non-wild animal products,-1.0579420000000004
1989,Oil shale and tar sands,176.00204000000002
1989,Other products mainly from fossil fuels e.g. plastics,3.1660270000000006
1989,Petroleum,3020.533085
1989,Products mainly from biomass nec.,-1.562157
1989,Products mainly from metals nec.,2.1206620000000003
1989,Products mainly from non-metallic minerals,18.747373
1989,Refined fossil fuels mainly for fuel e.g. LPG gasoline diesel,-100.40688399999999
1989,Waste for final treatment and disposal,0.882307
1989,Wild catch and harvest,62.310758
1989,Wood,2158.500148
1990,Coal,4567.050362
1990,Crop Residues,4102.946858
1990,Crops,5157.392905
1990,Excavated earthen materials (including soil) nec,0
1990,Ferrous ores,983.101879
1990,Grazed biomass and fodder crops,5922.31958
1990,Mixed / complex products nec.,12.49718
1990,Natural Gas,1323.547603
1990,Non-ferrous ores,2981.723232
1990,Non-metallic minerals - construction dominant,15830.975059
1990,Non-metallic minerals - industrial or agricultural dominant,1158.204813
1990,Non-wild animal products,0.2509700000000006
1990,Oil shale and tar sands,178.102325
1990,Other products mainly from fossil fuels e.g. plastics,2.2567570000000003
1990,Petroleum,3032.668454
1990,Products mainly from biomass nec.,1.1681579999999998
1990,Products mainly from metals nec.,-8.509001999999999
1990,Products mainly from non-metallic minerals,13.864926999999998
1990,Refined fossil fuels mainly for fuel e.g. LPG gasoline diesel,-118.341105
1990,Waste for final treatment and disposal,1.131811
1990,Wild catch and harvest,59.538505
1990,Wood,2181.881697
1991,Coal,4403.467421
1991,Crop Residues,4066.962292
1991,Crops,5125.167964
1991,Excavated earthen materials (including soil) nec,0
1991,Ferrous ores,990.422333
1991,Grazed biomass and fodder crops,5930.197745
1991,Mixed / complex products nec.,23.858102000000002
1991,Natural Gas,1386.3691589999999
1991,Non-ferrous ores,2924.79779
1991,Non-metallic minerals - construction dominant,15747.515927
1991,Non-metallic minerals - industrial or agricultural dominant,1080.423616
1991,Non-wild animal products,-0.48546599999999956
1991,Oil shale and tar sands,190.732567
1991,Other products mainly from fossil fuels e.g. plastics,3.0842909999999994
1991,Petroleum,3112.65583
1991,Products mainly from biomass nec.,1.5150230000000005
1991,Products mainly from metals nec.,-19.565125
1991,Products mainly from non-metallic minerals,14.276976
1991,Refined fossil fuels mainly for fuel e.g. LPG gasoline diesel,-77.03570300000001
1991,Waste for final treatment and disposal,1.051495
1991,Wild catch and harvest,59.633364
1991,Wood,2125.344741
1992,Coal,4237.392206
1992,Crop Residues,4184.842865
1992,Crops,5309.371848
1992,Excavated earthen materials (including soil) nec,0
1992,Ferrous ores,961.892568
1992,Grazed biomass and fodder crops,5838.224615
1992,Mixed / complex products nec.,-2.9860249999999997
1992,Natural Gas,1423.385006
1992,Non-ferrous ores,3066.836061
1992,Non-metallic minerals - construction dominant,17170.142717
1992,Non-metallic minerals - industrial or agricultural dominant,1044.351965
1992,Non-wild animal products,-0.509809
1992,Oil shale and tar sands,190.88540400000002
1992,Other products mainly from fossil fuels e.g. plastics,2.4258880000000005
1992,Petroleum,3147.416275
1992,Products mainly from biomass nec.,4.341703
1992,Products mainly from metals nec.,-16.819468
1992,Products mainly from non-metallic minerals,-4.922037000000001
1992,Refined fossil fuels mainly for fuel e.g. LPG gasoline diesel,-68.05629599999999
1992,Waste for final treatment and disposal,1.362235
1992,Wild catch and harvest,65.766706
1992,Wood,2085.193449
1993,Coal,4166.6842129999995
1993,Crop Residues,4145.651391
1993,Crops,5225.977387
1993,Excavated earthen materials (including soil) nec,0
1993,Ferrous ores,981.047507
1993,Grazed biomass and fodder crops,5807.506991
1993,Mixed / complex products nec.,16.996966
1993,Natural Gas,1471.921647
1993,Non-ferrous ores,3048.511255
1993,Non-metallic minerals - construction dominant,18196.646715
1993,Non-metallic minerals - industrial or agricultural dominant,963.192943
1993,Non-wild animal products,-1.5904490000000002
1993,Oil shale and tar sands,191.313326
1993,Other products mainly from fossil fuels e.g. plastics,0.32573999999999886
1993,Petroleum,3184.226515
1993,Products mainly from biomass nec.,-2.2405270000000015
1993,Products mainly from metals nec.,-19.507595000000002
1993,Products mainly from non-metallic minerals,-19.504377
1993,Refined fossil fuels mainly for fuel e.g. LPG gasoline diesel,-65.33797200000001
1993,Waste for final treatment and disposal,1.328341
1993,Wild catch and harvest,66.844795
1993,Wood,2057.559007
1994,Coal,4272.544471
1994,Crop Residues,4231.945433
1994,Crops,5353.746919
1994,Excavated earthen materials (including soil) nec,0
1994,Ferrous ores,1050.885009
1994,Grazed biomass and fodder crops,5855.043888
1994,Mixed / complex products nec.,-2.614373
1994,Natural Gas,1497.072478
1994,Non-ferrous ores,3060.854926
1994,Non-metallic minerals - construction dominant,19178.09611
1994,Non-metallic minerals - industrial or agricultural dominant,930.254576
1994,Non-wild animal products,-1.7937170000000002
1994,Oil shale and tar sands,204.205667
1994,Other products mainly from fossil fuels e.g. plastics,3.9922900000000006
1994,Petroleum,3219.833944
1994,Products mainly from biomass nec.,-1.769158
1994,Products mainly from metals nec.,-20.33973
1994,Products mainly from non-metallic minerals,-15.679995
1994,Refined fossil fuels mainly for fuel e.g. LPG gasoline diesel,-79.148352
1994,Waste for final treatment and disposal,0.718168
1994,Wild catch and harvest,72.464707
1994,Wood,2059.431768
1995,Coal,4415.758535
1995,Crop Residues,4259.473652
1995,Crops,5446.52962
1995,Excavated earthen materials (including soil) nec,0
1995,Ferrous ores,1078.98565
1995,Grazed biomass and fodder crops,5886.47415
1995,Mixed / complex products nec.,-15.324175
1995,Natural Gas,1521.861629
1995,Non-ferrous ores,3159.247881
1995,Non-metallic minerals - construction dominant,19942.689786
1995,Non-metallic minerals - industrial or agricultural dominant,976.905722
1995,Non-wild animal products,-1.283647
1995,Oil shale and tar sands,217.12182099999998
1995,Other products mainly from fossil fuels e.g. plastics,5.61668
1995,Petroleum,3253.254981
1995,Products mainly from biomass nec.,-5.3409320000000005
1995,Products mainly from metals nec.,-22.293578
1995,Products mainly from non-metallic minerals,-5.03142
1995,Refined fossil fuels mainly for fuel e.g. LPG gasoline diesel,-78.659631
1995,Waste for final treatment and disposal,0.70957
1995,Wild catch and harvest,73.063628
1995,Wood,2078.083047
1996,Coal,4487.773553
1996,Crop Residues,4507.833333
1996,Crops,5769.158251
1996,Excavated earthen materials (including soil) nec,0
1996,Ferrous ores,1022.591841
1996,Grazed biomass and fodder crops,5896.219952
1996,Mixed / complex products nec.,26.056574
1996,Natural Gas,1593.311692
1996,Non-ferrous ores,3313.186898
1996,Non-metallic minerals - construction dominant,20263.999071
1996,Non-metallic minerals - industrial or agricultural dominant,997.328346
1996,Non-wild animal products,-1.724642
1996,Oil shale and tar sands,218.497821
1996,Other products mainly from fossil fuels e.g. plastics,9.874645999999998
1996,Petroleum,3372.821626
1996,Products mainly from biomass nec.,-4.2631190000000005
1996,Products mainly from metals nec.,-1.3103660000000004
1996,Products mainly from non-metallic minerals,-14.729987999999997
1996,Refined fossil fuels mainly for fuel e.g. LPG gasoline diesel,-81.013768
1996,Waste for final treatment and disposal,1.14233
1996,Wild catch and harvest,72.924714
1996,Wood,2067.701769
1997,Coal,4464.005083
1997,Crop Residues,4574.853623
1997,Crops,5867.845838
1997,Excavated earthen materials (including soil) nec,0
1997,Ferrous ores,1045.648576
1997,Grazed biomass and fodder crops,5760.194934
1997,Mixed / complex products nec.,28.245638
1997,Natural Gas,1584.5766
1997,Non-ferrous ores,3519.53494
1997,Non-metallic minerals - construction dominant,20906.324332
1997,Non-metallic minerals - industrial or agricultural dominant,1021.9163590000001
1997,Non-wild animal products,-1.383035
1997,Oil shale and tar sands,224.179325
1997,Other products mainly from fossil fuels e.g. plastics,7.110659
1997,Petroleum,3470.528312
1997,Products mainly from biomass nec.,-6.6065000000000005
1997,Products mainly from metals nec.,-5.890137
1997,Products mainly from non-metallic minerals,-3.408972999999996
1997,Refined fossil fuels mainly for fuel e.g. LPG gasoline diesel,-91.019137
1997,Waste for final treatment and disposal,1.187932
1997,Wild catch and harvest,72.37498599999999
1997,Wood,2113.610535
1998,Coal,4422.36993
1998,Crop Residues,4607.442401
1998,Crops,5914.771701
1998,Excavated earthen materials (including soil) nec,0
1998,Ferrous ores,1047.699291
1998,Grazed biomass and fodder crops,5766.336895
1998,Mixed / complex products nec.,30.831644000000004
1998,Natural Gas,1610.759831
1998,Non-ferrous ores,3666.8775570000003
1998,Non-metallic minerals - construction dominant,21553.108682000002
1998,Non-metallic minerals - industrial or agricultural dominant,1012.184991
1998,Non-wild animal products,-1.26459
1998,Oil shale and tar sands,235.631981
1998,Other products mainly from fossil fuels e.g. plastics,2.6795030000000004
1998,Petroleum,3483.385144
1998,Products mainly from biomass nec.,-11.252238
1998,Products mainly from metals nec.,-10.530987000000001
1998,Products mainly from non-metallic minerals,-4.350228999999998
1998,Refined fossil fuels mainly for fuel e.g. LPG gasoline diesel,-69.03041499999999
1998,Waste for final treatment and disposal,1.735949
1998,Wild catch and harvest,66.117699
1998,Wood,2094.551266
1999,Coal,4367.480063
1999,Crop Residues,4655.3347730000005
1999,Crops,6067.847888
1999,Excavated earthen materials (including soil) nec,0
1999,Ferrous ores,1012.571979
1999,Grazed biomass and fodder crops,5775.590537
1999,Mixed / complex products nec.,56.636651
1999,Natural Gas,1653.820011
1999,Non-ferrous ores,3762.917947
1999,Non-metallic minerals - construction dominant,22289.122221
1999,Non-metallic minerals - industrial or agricultural dominant,1119.885578
1999,Non-wild animal products,-0.8635379999999998
1999,Oil shale and tar sands,245.027524
1999,Other products mainly from fossil fuels e.g. plastics,18.459621000000002
1999,Petroleum,3480.885029
1999,Products mainly from biomass nec.,-5.576401999999997
1999,Products mainly from metals nec.,-9.332756
1999,Products mainly from non-metallic minerals,-14.125307000000001
1999,Refined fossil fuels mainly for fuel e.g. LPG gasoline diesel,-75.125826
1999,Waste for final treatment and disposal,1.883219
1999,Wild catch and harvest,72.86978500000001
1999,Wood,2133.750666
2000,Coal,4502.877607
2000,Crop Residues,4618.032732
2000,Crops,6134.660739
2000,Excavated earthen materials (including soil) nec,0
2000,Ferrous ores,1070.284443
2000,Grazed biomass and fodder crops,5801.734457
2000,Mixed / complex products nec.,6.788396999999996
2000,Natural Gas,1690.013291
2000,Non-ferrous ores,3937.814572
2000,Non-metallic minerals - construction dominant,22859.250328
2000,Non-metallic minerals - industrial or agricultural dominant,1235.019303
2000,Non-wild animal products,-1.4386790000000005
2000,Oil shale and tar sands,243.98301899999998
2000,Other products mainly from fossil fuels e.g. plastics,3.2708510000000017
2000,Petroleum,3639.688223
2000,Products mainly from biomass nec.,-2.4124339999999997
2000,Products mainly from metals nec.,-9.466759
2000,Products mainly from non-metallic minerals,-41.773515
2000,Refined fossil fuels mainly for fuel e.g. LPG gasoline diesel,-64.18937299999999
2000,Waste for final treatment and disposal,0.869619
2000,Wild catch and harvest,75.082353
2000,Wood,2168.312097
2001,Coal,4717.985498
2001,Crop Residues,4769.733594
2001,Crops,6198.501534
2001,Excavated earthen materials (including soil) nec,0
2001,Ferrous ores,1032.412529
2001,Grazed biomass and fodder crops,5789.368675
2001,Mixed / complex products nec.,-42.530156
2001,Natural Gas,1735.921043
2001,Non-ferrous ores,4024.143527
2001,Non-metallic minerals - construction dominant,23297.396778
2001,Non-metallic minerals - industrial or agricultural dominant,1074.7050100000001
2001,Non-wild animal products,-1.7863640000000012
2001,Oil shale and tar sands,264.720534
2001,Other products mainly from fossil fuels e.g. plastics,5.260126
2001,Petroleum,3667.258687
2001,Products mainly from biomass nec.,-5.028407999999999
2001,Products mainly from metals nec.,-16.610939000000002
2001,Products mainly from non-metallic minerals,-35.190538
2001,Refined fossil fuels mainly for fuel e.g. LPG gasoline diesel,-71.446615
2001,Waste for final treatment and disposal,0.875727
2001,Wild catch and harvest,73.151469
2001,Wood,2134.35104
2002,Coal,4796.525521
2002,Crop Residues,4766.2994850000005
2002,Crops,6309.380677
2002,Excavated earthen materials (including soil) nec,0
2002,Ferrous ores,1061.0965979999999
2002,Grazed biomass and fodder crops,5820.620895
2002,Mixed / complex products nec.,-41.915853000000006
2002,Natural Gas,1777.127332
2002,Non-ferrous ores,4000.46418
2002,Non-metallic minerals - construction dominant,24152.345511
2002,Non-metallic minerals - industrial or agricultural dominant,1118.146343
2002,Non-wild animal products,-1.2659050000000005
2002,Oil shale and tar sands,330.531895
2002,Other products mainly from fossil fuels e.g. plastics,7.1512459999999995
2002,Petroleum,3653.68734
2002,Products mainly from biomass nec.,-3.597066000000002
2002,Products mainly from metals nec.,-15.310882999999999
2002,Products mainly from non-metallic minerals,-30.230891999999997
2002,Refined fossil fuels mainly for fuel e.g. LPG gasoline diesel,-91.99026900000001
2002,Waste for final treatment and disposal,0.4585
2002,Wild catch and harvest,73.688386
2002,Wood,2161.26547
2003,Coal,5115.575422
2003,Crop Residues,4930.254621
2003,Crops,6435.058401
2003,Excavated earthen materials (including soil) nec,0
2003,Ferrous ores,1198.492308
2003,Grazed biomass and fodder crops,5865.190785
2003,Mixed / complex products nec.,-68.37145000000001
2003,Natural Gas,1856.8999959999999
2003,Non-ferrous ores,4088.7166429999997
2003,Non-metallic minerals - construction dominant,25399.256694
2003,Non-metallic minerals - industrial or agricultural dominant,1160.328873
2003,Non-wild animal products,-0.6653790000000002
2003,Oil shale and tar sands,327.196347
2003,Other products mainly from fossil fuels e.g. plastics,5.171646000000001
2003,Petroleum,3773.466835
2003,Products mainly from biomass nec.,0.4375910000000013
2003,Products mainly from metals nec.,-14.671399000000001
2003,Products mainly from non-metallic minerals,-20.442503
2003,Refined fossil fuels mainly for fuel e.g. LPG gasoline diesel,-75.073379
2003,Waste for final treatment and disposal,0.31762999999999997
2003,Wild catch and harvest,71.20165
2003,Wood,2194.908822
2004,Coal,5499.481246
2004,Crop Residues,5225.763746
2004,Crops,6751.427182
2004,Excavated earthen materials (including soil) nec,0
2004,Ferrous ores,1339.593733
2004,Grazed biomass and fodder crops,5922.946335
2004,Mixed / complex products nec.,-180.180703
2004,Natural Gas,1908.934924
2004,Non-ferrous ores,4250.173169
2004,Non-metallic minerals - construction dominant,27128.72591
2004,Non-metallic minerals - industrial or agricultural dominant,1217.842665
2004,Non-wild animal products,-2.4231549999999995
2004,Oil shale and tar sands,346.651591
2004,Other products mainly from fossil fuels e.g. plastics,16.521585
2004,Petroleum,3884.182082
2004,Products mainly from biomass nec.,-6.952369999999999
2004,Products mainly from metals nec.,-14.660891999999999
2004,Products mainly from non-metallic minerals,-44.867785
2004,Refined fossil fuels mainly for fuel e.g. LPG gasoline diesel,-67.28886899999999
2004,Waste for final treatment and disposal,0.745286
2004,Wild catch and harvest,76.962549
2004,Wood,2235.336882
2005,Coal,5816.580138
2005,Crop Residues,5281.395763
2005,Crops,6767.821243
2005,Excavated earthen materials (including soil) nec,0
2005,Ferrous ores,1497.5309320000001
2005,Grazed biomass and fodder crops,5974.794081
2005,Mixed / complex products nec.,-348.31993800000004
2005,Natural Gas,1950.512527
2005,Non-ferrous ores,4397.394852
2005,Non-metallic minerals - construction dominant,28616.796557
2005,Non-metallic minerals - industrial or agricultural dominant,1283.529521
2005,Non-wild animal products,-2.387746999999999
2005,Oil shale and tar sands,333.456371
2005,Other products mainly from fossil fuels e.g. plastics,4.546830000000001
2005,Petroleum,3898.38704
2005,Products mainly from biomass nec.,-9.599089000000001
2005,Products mainly from metals nec.,-28.273353
2005,Products mainly from non-metallic minerals,-56.001799
2005,Refined fossil fuels mainly for fuel e.g. LPG gasoline diesel,-77.030217
2005,Waste for final treatment and disposal,0.949222
2005,Wild catch and harvest,76.381501
2005,Wood,2251.743746
2006,Coal,6139.945405
2006,Crop Residues,5402.448083
2006,Crops,6942.6771260000005
2006,Excavated earthen materials (including soil) nec,0
2006,Ferrous ores,1803.44834
2006,Grazed biomass and fodder crops,6008.07376
2006,Mixed / complex products nec.,-8.764814999999992
2006,Natural Gas,2020.232029
2006,Non-ferrous ores,4516.323373
2006,Non-metallic minerals - construction dominant,30484.734308
2006,Non-metallic minerals - industrial or agricultural dominant,1317.269619
2006,Non-wild animal products,-2.4220399999999995
2006,Oil shale and tar sands,424.700436
2006,Other products mainly from fossil fuels e.g. plastics,6.163099000000001
2006,Petroleum,3950.8879819999997
2006,Products mainly from biomass nec.,-3.8977860000000017
2006,Products mainly from metals nec.,-19.834727
2006,Products mainly from non-metallic minerals,-23.781576000000005
2006,Refined fossil fuels mainly for fuel e.g. LPG gasoline diesel,-58.367233000000006
2006,Waste for final treatment and disposal,1.644989
2006,Wild catch and harvest,75.512606
2006,Wood,2225.264284
2007,Coal,6450.799185
2007,Crop Residues,5651.181342
2007,Crops,7254.582339
2007,Excavated earthen materials (including soil) nec,0
2007,Ferrous ores,2027.88941
2007,Grazed biomass and fodder crops,6031.7353729999995
2007,Mixed / complex products nec.,-55.863129
2007,Natural Gas,2069.383195
2007,Non-ferrous ores,4654.017753
2007,Non-metallic minerals - construction dominant,31850.056678
2007,Non-metallic minerals - industrial or agricultural dominant,1372.009956
2007,Non-wild animal products,-2.5074309999999995
2007,Oil shale and tar sands,568.316463
2007,Other products mainly from fossil fuels e.g. plastics,12.328249
2007,Petroleum,3920.966537
2007,Products mainly from biomass nec.,-6.78556
2007,Products mainly from metals nec.,-26.3724
2007,Products mainly from non-metallic minerals,2.188719999999995
2007,Refined fossil fuels mainly for fuel e.g. LPG gasoline diesel,-68.13278199999999
2007,Waste for final treatment and disposal,1.261501
2007,Wild catch and harvest,75.77803
2007,Wood,2255.564088
2008,Coal,6653.137291
2008,Crop Residues,6055.6084470000005
2008,Crops,7641.298707
2008,Excavated earthen materials (including soil) nec,0
2008,Ferrous ores,2186.527794
2008,Grazed biomass and fodder crops,6059.128482
2008,Mixed / complex products nec.,-29.128063999999995
2008,Natural Gas,2157.836758
2008,Non-ferrous ores,4691.763594
2008,Non-metallic minerals - construction dominant,31685.733248
2008,Non-metallic minerals - industrial or agricultural dominant,1388.892597
2008,Non-wild animal products,-3.398437999999999
2008,Oil shale and tar sands,535.423581
2008,Other products mainly from fossil fuels e.g. plastics,16.017747
2008,Petroleum,3948.235241
2008,Products mainly from biomass nec.,-11.127665
2008,Products mainly from metals nec.,-23.572757
2008,Products mainly from non-metallic minerals,-0.5841709999999999
2008,Refined fossil fuels mainly for fuel e.g. LPG gasoline diesel,-71.706253
2008,Waste for final treatment and disposal,0.36956599999999995
2008,Wild catch and harvest,74.693181
2008,Wood,2194.1109109999998
2009,Coal,6776.405123
2009,Crop Residues,5901.664975
2009,Crops,7595.273125
2009,Excavated earthen materials (including soil) nec,0
2009,Ferrous ores,2232.384263
2009,Grazed biomass and fodder crops,6039.498768
2009,Mixed / complex products nec.,-23.234995999999995
2009,Natural Gas,2113.743767
2009,Non-ferrous ores,4768.159356
2009,Non-metallic minerals - construction dominant,32246.318485
2009,Non-metallic minerals - industrial or agricultural dominant,1289.5522389999999
2009,Non-wild animal products,-4.507939
2009,Oil shale and tar sands,623.560251
2009,Other products mainly from fossil fuels e.g. plastics,14.043345
2009,Petroleum,3913.918211
2009,Products mainly from biomass nec.,-12.330248000000001
2009,Products mainly from metals nec.,2.9866740000000016
2009,Products mainly from non-metallic minerals,-33.993568
2009,Refined fossil fuels mainly for fuel e.g. LPG gasoline diesel,-103.38508499999999
2009,Waste for final treatment and disposal,-0.077399
2009,Wild catch and harvest,73.060207
2009,Wood,2129.740222
2010,Coal,7081.12144
2010,Crop Residues,6124.079761
2010,Crops,7747.809488
2010,Excavated earthen materials (including soil) nec,0
2010,Ferrous ores,2505.877366
2010,Grazed biomass and fodder crops,6012.98237
2010,Mixed / complex products nec.,-50.222032999999996
2010,Natural Gas,2250.551035
2010,Non-ferrous ores,5014.135639
2010,Non-metallic minerals - construction dominant,34715.982018999995
2010,Non-metallic minerals - industrial or agricultural dominant,1442.220476
2010,Non-wild animal products,-5.172412
2010,Oil shale and tar sands,652.143849
2010,Other products mainly from fossil fuels e.g. plastics,12.724646
2010,Petroleum,4008.7477400000002
2010,Products mainly from biomass nec.,-11.488541000000001
2010,Products mainly from metals nec.,-5.547496
2010,Products mainly from non-metallic minerals,-38.791886
2010,Refined fossil fuels mainly for fuel e.g. LPG gasoline diesel,-71.384299
2010,Waste for final treatment and disposal,0.432772
2010,Wild catch and harvest,70.165578
2010,Wood,2246.166921
2011,Coal,7674.892988
2011,Crop Residues,6504.270767
2011,Crops,8199.0509290000009
2011,Excavated earthen materials (including soil) nec,0
2011,Ferrous ores,2954.196642
2011,Grazed biomass and fodder crops,6018.218834
2011,Mixed / complex products nec.,-72.285906
2011,Natural Gas,2334.97969
2011,Non-ferrous ores,5209.97644
2011,Non-metallic minerals - construction dominant,37416.536875
2011,Non-metallic minerals - industrial or agricultural dominant,1672.623854
2011,Non-wild animal products,-3.8431079999999995
2011,Oil shale and tar sands,706.727396
2011,Other products mainly from fossil fuels e.g. plastics,4.658970999999998
2011,Petroleum,4008.742132
2011,Products mainly from biomass nec.,-11.660828999999998
2011,Products mainly from metals nec.,-46.537479000000005
2011,Products mainly from non-metallic minerals,-30.322960000000002
2011,Refined fossil fuels mainly for fuel e.g. LPG gasoline diesel,-85.562827
2011,Waste for final treatment and disposal,-0.37758300000000006
2011,Wild catch and harvest,74.513747
2011,Wood,2287.658439
2012,Coal,7802.2891389999995
2012,Crop Residues,6516.96784
2012,Crops,8214.91936
2012,Excavated earthen materials (including soil) nec,0
2012,Ferrous ores,2938.778331
2012,Grazed biomass and fodder crops,5945.241721
2012,Mixed / complex products nec.,-73.040278
2012,Natural Gas,2369.076214
2012,Non-ferrous ores,5452.422351
2012,Non-metallic minerals - construction dominant,39470.63089
2012,Non-metallic minerals - industrial or agricultural dominant,1698.495709
2012,Non-wild animal products,-5.3988770000000015
2012,Oil shale and tar sands,746.239866
2012,Other products mainly from fossil fuels e.g. plastics,17.037538
2012,Petroleum,4063.042316
2012,Products mainly from biomass nec.,-11.755893999999998
2012,Products mainly from metals nec.,-15.069848999999996
2012,Products mainly from non-metallic minerals,-16.861103
2012,Refined fossil fuels mainly for fuel e.g. LPG gasoline diesel,-86.58380600000001
2012,Waste for final treatment and disposal,0.9161119999999999
2012,Wild catch and harvest,70.114763
2012,Wood,2299.316822
2013,Coal,7783.380333
2013,Crop Residues,6939.852337
2013,Crops,8602.222175
2013,Excavated earthen materials (including soil) nec,0
2013,Ferrous ores,3070.2576990000002
2013,Grazed biomass and fodder crops,5961.107611
2013,Mixed / complex products nec.,-8.184433999999994
2013,Natural Gas,2395.427068
2013,Non-ferrous ores,5784.195991
2013,Non-metallic minerals - construction dominant,41005.346559
2013,Non-metallic minerals - industrial or agricultural dominant,1774.711703
2013,Non-wild animal products,-6.497987000000001
2013,Oil shale and tar sands,769.859388
2013,Other products mainly from fossil fuels e.g. plastics,-0.7690600000000004
2013,Petroleum,4059.347401
2013,Products mainly from biomass nec.,-14.906014
2013,Products mainly from metals nec.,10.004676
2013,Products mainly from non-metallic minerals,-49.856407
2013,Refined fossil fuels mainly for fuel e.g. LPG gasoline diesel,-77.45361799999999
2013,Waste for final treatment and disposal,0.80054
2013,Wild catch and harvest,71.035751
2013,Wood,2328.969963
2014,Coal,7717.6260950000005
2014,Crop Residues,7055.109087
2014,Crops,8755.051899
2014,Excavated earthen materials (including soil) nec,0
2014,Ferrous ores,3388.735955
2014,Grazed biomass and fodder crops,5990.502683
2014,Mixed / complex products nec.,2.965230000000005
2014,Natural Gas,2461.131266
2014,Non-ferrous ores,5870.188306
2014,Non-metallic minerals - construction dominant,41657.852964
2014,Non-metallic minerals - industrial or agricultural dominant,1787.234356
2014,Non-wild animal products,-7.698818000000001
2014,Oil shale and tar sands,789.5709069999999
2014,Other products mainly from fossil fuels e.g. plastics,9.136232
2014,Petroleum,4147.457909
2014,Products mainly from biomass nec.,-14.169727
2014,Products mainly from metals nec.,-11.276751999999998
2014,Products mainly from non-metallic minerals,-67.241945
2014,Refined fossil fuels mainly for fuel e.g. LPG gasoline diesel,-110.660906
2014,Waste for final treatment and disposal,1.461856
2014,Wild catch and harvest,71.780399
2014,Wood,2342.410018
2015,Coal,7511.008459
2015,Crop Residues,7144.581386
2015,Crops,8806.296936
2015,Excavated earthen materials (including soil) nec,0
2015,Ferrous ores,3262.117334
2015,Grazed biomass and fodder crops,6036.762718
2015,Mixed / complex products nec.,-205.67209
2015,Natural Gas,2499.993272
2015,Non-ferrous ores,6027.56469
2015,Non-metallic minerals - construction dominant,41444.896876
2015,Non-metallic minerals - industrial or agricultural dominant,1674.634809
2015,Non-wild animal products,-6.769765
2015,Oil shale and tar sands,799.990296
2015,Other products mainly from fossil fuels e.g. plastics,14.925066
2015,Petroleum,4264.897845
2015,Products mainly from biomass nec.,-11.119575000000003
2015,Products mainly from metals nec.,-10.309075999999996
2015,Products mainly from non-metallic minerals,-9.740627999999997
2015,Refined fossil fuels mainly for fuel e.g. LPG gasoline diesel,-111.88529399999999
2015,Waste for final treatment and disposal,1.132947
2015,Wild catch and harvest,72.326805
2015,Wood,2331.952518
2016,Coal,7045.250977
2016,Crop Residues,7249.022431
2016,Crops,8943.207828
2016,Excavated earthen materials (including soil) nec,0
2016,Ferrous ores,3211.352765
2016,Grazed biomass and fodder crops,6101.261415
2016,Mixed / complex products nec.,-159.62791700000002
2016,Natural Gas,2561.42512
2016,Non-ferrous ores,6271.886042
2016,Non-metallic minerals - construction dominant,42253.869652
2016,Non-metallic minerals - industrial or agricultural dominant,1755.980779
2016,Non-wild animal products,-5.586386
2016,Oil shale and tar sands,704.632169
2016,Other products mainly from fossil fuels e.g. plastics,24.087754
2016,Petroleum,4303.95726
2016,Products mainly from biomass nec.,-12.54241
2016,Products mainly from metals nec.,-6.086993000000001
2016,Products mainly from non-metallic minerals,-17.539517999999997
2016,Refined fossil fuels mainly for fuel e.g. LPG gasoline diesel,-105.165594
2016,Waste for final treatment and disposal,0.999515
2016,Wild catch and harvest,69.692912
2016,Wood,2393.445092
2017,Coal,7303.821079
2017,Crop Residues,7559.308799
2017,Crops,9156.089311
2017,Excavated earthen materials (including soil) nec,0
2017,Ferrous ores,3321.077798
2017,Grazed biomass and fodder crops,6130.56016
2017,Mixed / complex products nec.,-276.281704
2017,Natural Gas,2653.826511
2017,Non-ferrous ores,6344.433829
2017,Non-metallic minerals - construction dominant,41766.740455
2017,Non-metallic minerals - industrial or agricultural dominant,1728.007054
2017,Non-wild animal products,-4.658916
2017,Oil shale and tar sands,857.498745
2017,Other products mainly from fossil fuels e.g. plastics,13.287545
2017,Petroleum,4383.497476
2017,Products mainly from biomass nec.,-5.847788999999999
2017,Products mainly from metals nec.,-19.547735999999997
2017,Products mainly from non-metallic minerals,-2.7362919999999966
2017,Refined fossil fuels mainly for fuel e.g. LPG gasoline diesel,-107.57552600000001
2017,Waste for final treatment and disposal,1.424945
2017,Wild catch and harvest,72.991638
2017,Wood,2403.671157
2018,Coal,7581.380215
2018,Crop Residues,7567.517182
2018,Crops,9217.537737
2018,Excavated earthen materials (including soil) nec,0
2018,Ferrous ores,2914.667574
2018,Grazed biomass and fodder crops,6127.154122
2018,Mixed / complex products nec.,-324.125366
2018,Natural Gas,2749.9924
2018,Non-ferrous ores,6477.158035
2018,Non-metallic minerals - construction dominant,42186.245602
2018,Non-metallic minerals - industrial or agricultural dominant,2005.656552
2018,Non-wild animal products,-5.147684000000001
2018,Oil shale and tar sands,840.47834
2018,Other products mainly from fossil fuels e.g. plastics,22.522624
2018,Petroleum,4444.624549
2018,Products mainly from biomass nec.,-8.595514999999999
2018,Products mainly from metals nec.,-0.3729289999999998
2018,Products mainly from non-metallic minerals,-2.902435
2018,Refined fossil fuels mainly for fuel e.g. LPG gasoline diesel,-126.842129
2018,Waste for final treatment and disposal,1.2876560000000001
2018,Wild catch and harvest,75.940788
2018,Wood,2476.2688120000003
2019,Coal,7707.721263
2019,Crop Residues,7704.981527
2019,Crops,9328.420619
2019,Excavated earthen materials (including soil) nec,0
2019,Ferrous ores,3009.811857
2019,Grazed biomass and fodder crops,6184.50004
2019,Mixed / complex products nec.,-458.264052
2019,Natural Gas,2849.621483
2019,Non-ferrous ores,6567.939339
2019,Non-metallic minerals - construction dominant,43405.645442
2019,Non-metallic minerals - industrial or agricultural dominant,1834.507072
2019,Non-wild animal products,-4.983250999999998
2019,Oil shale and tar sands,949.106111
2019,Other products mainly from fossil fuels e.g. plastics,21.078767
2019,Petroleum,4410.327298
2019,Products mainly from biomass nec.,-5.501427999999999
2019,Products mainly from metals nec.,-29.020832000000002
2019,Products mainly from non-metallic minerals,0.1608990000000016
2019,Refined fossil fuels mainly for fuel e.g. LPG gasoline diesel,-111.75317100000002
2019,Waste for final treatment and disposal,0.6803520000000001
2019,Wild catch and harvest,73.398166
2019,Wood,2445.02076
2020,Coal,7348.7730870000005
2020,Crop Residues,7731.676059
2020,Crops,9286.587964
2020,Excavated earthen materials (including soil) nec,0
2020,Ferrous ores,2957.310803
2020,Grazed biomass and fodder crops,6223.149088
2020,Mixed / complex products nec.,-472.885199
2020,Natural Gas,2780.299635
2020,Non-ferrous ores,6447.631248
2020,Non-metallic minerals - construction dominant,43879.754379
2020,Non-metallic minerals - industrial or agricultural dominant,1725.805537
2020,Non-wild animal products,-6.224256999999998
2020,Oil shale and tar sands,926.470225
2020,Other products mainly from fossil fuels e.g. plastics,21.219849999999997
2020,Petroleum,4251.74634
2020,Products mainly from biomass nec.,-8.480718
2020,Products mainly from metals nec.,-32.222387000000005
2020,Products mainly from non-metallic minerals,2.088088999999998
2020,Refined fossil fuels mainly for fuel e.g. LPG gasoline diesel,-105.881457
2020,Waste for final treatment and disposal,0.5289450000000001
2020,Wild catch and harvest,73.068756
2020,Wood,2409.934377
2021,Coal,7676.225813
2021,Crop Residues,7867.344196
2021,Crops,9470.850151
2021,Excavated earthen materials (including soil) nec,0
2021,Ferrous ores,3112.148009
2021,Grazed biomass and fodder crops,6257.393978
2021,Mixed / complex products nec.,-466.314993
2021,Natural Gas,2813.024373
2021,Non-ferrous ores,6719.911755
2021,Non-metallic minerals - construction dominant,45951.803778
2021,Non-metallic minerals - industrial or agricultural dominant,1823.250208
2021,Non-wild animal products,-8.586435999999999
2021,Oil shale and tar sands,974.268195
2021,Other products mainly from fossil fuels e.g. plastics,22.476943999999996
2021,Petroleum,4419.889327
2021,Products mainly from biomass nec.,-6.838144000000001
2021,Products mainly from metals nec.,-30.683694
2021,Products mainly from non-metallic minerals,16.300354000000002
2021,Refined fossil fuels mainly for fuel e.g. LPG gasoline diesel,-78.31718799999999
2021,Waste for final treatment and disposal,0.656216
2021,Wild catch and harvest,76.237126
2021,Wood,2434.274076
2022,Coal,7722.445615
2022,Crop Residues,7998.179183
2022,Crops,9642.102847
2022,Excavated earthen materials (including soil) nec,0
2022,Ferrous ores,3207.422024
2022,Grazed biomass and fodder crops,6278.605343
2022,Mixed / complex products nec.,-453.706055
2022,Natural Gas,2802.265161
2022,Non-ferrous ores,6872.0549710000005
2022,Non-metallic minerals - construction dominant,47376.82049
2022,Non-metallic minerals - industrial or agricultural dominant,1878.5780300000001
2022,Non-wild animal products,-7.839442999999999
2022,Oil shale and tar sands,989.911986
2022,Other products mainly from fossil fuels e.g. plastics,21.429039000000003
2022,Petroleum,4469.4666529999995
2022,Products mainly from biomass nec.,-5.400762
2022,Products mainly from metals nec.,-29.180578
2022,Products mainly from non-metallic minerals,28.012036000000002
2022,Refined fossil fuels mainly for fuel e.g. LPG gasoline diesel,-78.65799799999999
2022,Waste for final treatment and disposal,0.783264
2022,Wild catch and harvest,78.327387
2022,Wood,2440.754138
2023,Coal,7781.820672000001
2023,Crop Residues,8115.380356
2023,Crops,9789.17533
2023,Excavated earthen materials (including soil) nec,0
2023,Ferrous ores,3312.1388220000003
2023,Grazed biomass and fodder crops,6260.825436
2023,Mixed / complex products nec.,-444.344136
2023,Natural Gas,2790.6173400000002
2023,Non-ferrous ores,7023.654391
2023,Non-metallic minerals - construction dominant,48999.623351
2023,Non-metallic minerals - industrial or agricultural dominant,1932.8855270000001
2023,Non-wild animal products,-7.235767000000001
2023,Oil shale and tar sands,996.61436
2023,Other products mainly from fossil fuels e.g. plastics,20.833344
2023,Petroleum,4509.931984
2023,Products mainly from biomass nec.,-4.784291999999999
2023,Products mainly from metals nec.,-28.420686999999997
2023,Products mainly from non-metallic minerals,40.464338999999995
2023,Refined fossil fuels mainly for fuel e.g. LPG gasoline diesel,-78.573089
2023,Waste for final treatment and disposal,0.8442999999999999
2023,Wild catch and harvest,80.130884
2023,Wood,2437.826665
2024,Coal,7854.69125
2024,Crop Residues,8256.605499
2024,Crops,9974.859148
2024,Excavated earthen materials (including soil) nec,0
2024,Ferrous ores,3429.792848
2024,Grazed biomass and fodder crops,6271.977827
2024,Mixed / complex products nec.,-437.181142
2024,Natural Gas,2793.422136
2024,Non-ferrous ores,7208.515161
2024,Non-metallic minerals - construction dominant,50886.555974
2024,Non-metallic minerals - industrial or agricultural dominant,2000.591836
2024,Non-wild animal products,-6.679057
2024,Oil shale and tar sands,997.446976
2024,Other products mainly from fossil fuels e.g. plastics,19.846181
2024,Petroleum,4551.857178
2024,Products mainly from biomass nec.,-4.492951999999999
2024,Products mainly from metals nec.,-27.566042
2024,Products mainly from non-metallic minerals,54.428663
2024,Refined fossil fuels mainly for fuel e.g. LPG gasoline diesel,-79.050479
2024,Waste for final treatment and disposal,0.9477139999999998
2024,Wild catch and harvest,82.117063
2024,Wood,2450.620014
