material_group,year,p05,p25,p50,p75,p95,p_min,p_max
Biomass,2025,27.922524693681737,28.026783899937126,28.070928304899113,28.099187514965287,28.125196439402004,27.786902545218005,28.140601375828542
Biomass,2026,28.25865838760464,28.66812683402075,28.84353155241212,28.96559750090124,29.076597469961346,27.749124450577987,29.13861770093026
Biomass,2027,28.17059197600948,29.057222070173914,29.45174169276612,29.721545755154416,29.97895704098222,27.111183281966746,30.11929355659405
Biomass,2028,27.74158655527311,29.229093645424978,29.90663378181513,30.385061721295052,30.835552132564573,26.01926230233106,31.08738512176513
Biomass,2029,27.080525624164796,29.223128966685525,30.24183642281501,30.972072358542817,31.653344711090824,24.635656516331178,32.048186000416166
Biomass,2030,26.238945666071203,29.099519739017133,30.471521713445405,31.48372979006603,32.44269497713939,23.11998719687112,33.00746020039161
Biomass,2031,25.322595736196792,28.859996448545033,30.613432998403315,31.945493797933146,33.20455092496895,21.583153619899043,33.96618882705647
Biomass,2032,24.300988393415597,28.59534148660022,30.693591106751633,32.36063686214567,33.9266151669499,20.09357762219776,34.91903270866406
Biomass,2033,23.363841928256353,28.32248934010308,30.710010744941016,32.71167810036662,34.60531412832868,18.70956288065875,35.86264815162717
Biomass,2034,22.371162485689993,27.987847396513015,30.697888122064953,32.96583086960838,35.26103412524329,17.471486558914165,36.79351794052953
Biomass,2035,21.38018286903077,27.547440260463304,30.623002337711675,33.19407679619795,35.883150909362044,16.405852677283484,37.70782744353885
Biomass,2036,20.731812155759876,27.049668422991942,30.498319781039925,33.411964898227296,36.48867297082966,15.537679764909203,38.59991705863435
Biomass,2037,19.958453895990747,26.53657859959364,30.288926000810026,33.61998048600469,37.070198962738786,14.820459000700207,39.471692378358405
Biomass,2038,19.50878219761889,26.24517647595214,30.140639245024133,33.72925136060221,37.55994185454841,14.112595128185205,40.33101763149475
Biomass,2039,19.14006484635926,25.834735906898217,30.012727134375005,33.91234825596932,38.129901145677216,13.606302346265137,41.18647091459807
Biomass,2040,18.864910835453042,25.512689954856558,30.015157105021036,34.09037517160233,38.60953545105581,13.315459575474021,42.04725475643699
Biomass,2041,18.528190246905332,25.275957649226786,29.955300765734584,34.321044289126796,39.14245316549501,13.258719976013685,42.91197568279436
Biomass,2042,18.511281412139024,25.303877015513137,30.040855652414976,34.58964378132813,39.67349707628192,13.109465810280684,43.775887355646574
Biomass,2043,18.494283582653605,25.244747477702422,30.184029766499176,34.95974796281762,40.25766104258635,12.983325839451684,44.643697720124045
Biomass,2044,18.76049634088663,25.26703938384032,30.313574374957778,35.24056666932647,40.927750300693845,13.044616776146391,45.52021591970231
Biomass,2045,19.10997411894576,25.336113043595375,30.424944538415033,35.63766430676821,41.526896423129784,13.316205177084829,46.41032610412637
Biomass,2046,19.46955146791654,25.690271841460984,30.687838812904744,35.99826559619761,42.12864968621355,13.705223750216806,47.313413091264394
Biomass,2047,19.86433804575938,25.945283686934598,30.934940815305865,36.425753845018505,42.831229386175124,14.097988417841933,48.227260088509276
Biomass,2048,20.20306959508554,26.259312535309316,31.324516423334387,36.800029721115564,43.40154646537291,14.494728637915834,49.15439631336431
Biomass,2049,20.622276112294223,26.59638636077954,31.737664253374383,37.380428624015344,44.18474198943831,14.895699398911297,50.097360953557114
Biomass,2050,20.939271011407538,27.016404312671547,32.21258246648438,37.88287254423844,44.93909551658738,15.301178881089504,51.05872660235733
Biomass,2051,21.283122768550367,27.52595363158413,32.834722665057825,38.57546184156835,45.80095614129945,15.709472437099631,52.037496273440745
Biomass,2052,21.78557940946244,28.062114238770977,33.49317263047048,39.24548639217746,46.628278615678305,16.11963091188652,53.126173717101906
Biomass,2053,22.270028407181172,28.70770543209187,34.21847482663822,40.02632471964619,47.41769353351497,16.533183831926056,54.311133544348635
Biomass,2054,22.77650647790239,29.313738561847572,35.02411726755828,40.88274531022689,48.28060693229251,16.95181591563824,55.516560932717425
Biomass,2055,23.214668639801104,29.863263334772146,35.80961427310643,41.73024436868443,49.355462930275834,17.37736797192223,56.745212336190654
Biomass,2056,23.856673582775013,30.475019857910866,36.52569480380555,42.5780850498731,50.44078298055111,17.80942225508427,57.99725793917015
Biomass,2057,24.406233652042587,31.232374992624905,37.38112621154056,43.43101728856765,51.4470818410321,18.246499764782538,59.271298632257924
Biomass,2058,25.05021314540251,31.925384552483074,38.05156428131199,44.245599695876194,52.424157846431314,18.688998729104476,60.60562879456126
Biomass,2059,25.731363989369914,32.692857356549105,38.97345710943965,45.06254969332313,53.506874261248896,19.13735836167746,61.96888265901073
Biomass,2060,26.34491517205813,33.35078544217829,39.825148032879554,45.91286294845631,54.602281525171804,19.592059303664506,63.356467164414816
Fossil fuels,2025,16.73130515812773,16.852510783822847,16.902076405959377,16.93144620508994,16.958638981419394,16.366702882525836,17.02690957550958
Fossil fuels,2026,16.654176178001872,17.10756062208883,17.30922940029135,17.4301688630185,17.54160913993081,15.318830037415895,17.821043925964542
Fossil fuels,2027,16.20622102780276,17.15840445416464,17.597910257256974,17.86933053667517,18.119299163920545,13.60071094301623,18.767911362856367
Fossil fuels,2028,15.485903671376752,17.04487911227096,17.78208658042359,18.251332117527802,18.708239045240592,11.63238665382956,19.886950551386352
Fossil fuels,2029,14.62499115511347,16.783990254957146,17.87672408176185,18.58379871016923,19.310396910193358,9.736499785767771,21.203140090131356
Fossil fuels,2030,13.61718623513517,16.49680013194774,17.930874981092977,18.886406283111466,19.9578480590418,8.093260718486965,22.7434899996469
Fossil fuels,2031,12.603534253125467,16.11651104827487,17.93662673348871,19.207799715174062,20.603184820522745,6.75969202792649,24.532901509892508
Fossil fuels,2032,11.662630900848736,15.670356450168242,17.900002394721774,19.54358886770583,21.290235152915393,5.719028554642353,26.589836820909216
Fossil fuels,2033,10.838945110521095,15.289309399687248,17.880415483917787,19.89383099881548,21.99255833986419,4.926443980984946,28.916381102231995
Fossil fuels,2034,10.108655290357397,14.885714115621901,17.86564836401677,20.209304283234122,22.79220096751284,4.3314745055217285,31.487526391968117
Fossil fuels,2035,9.356205563822694,14.533859664898138,17.797133252412394,20.582883802373956,23.687296080187448,3.8895195745343276,34.240532451495376
Fossil fuels,2036,8.831444217523153,14.183508301439744,17.789970225779534,21.01253333910665,24.679324699785578,3.56578518620577,37.05533980642394
Fossil fuels,2037,8.24046365287738,13.85851232852274,17.780738318220305,21.495849100230686,25.81379597532854,3.334409608117203,39.76402128068508
Fossil fuels,2038,7.84204290872177,13.424088994790036,17.859493012905773,21.99277797360655,27.06369769807912,3.1763410380215,42.16651514483304
Fossil fuels,2039,7.568413334578717,13.13828947629793,17.996727783678686,22.572789892907153,28.344612284554156,3.0784364221414204,44.03652474979918
Fossil fuels,2040,7.212634778684102,12.823309819297881,18.122404556339198,23.089067850813016,29.654558108035715,3.032448400545701,45.15202117860634
Fossil fuels,2041,7.145189706971696,12.556819488325557,18.287822644672914,23.7504626243205,31.07525337400547,3.035143553856426,45.80710227715206
Fossil fuels,2042,7.069332068689041,12.509741787369482,18.428033426375116,24.35609849919865,32.08498902412459,3.087834467513069,46.43100594993544
Fossil fuels,2043,7.016833122148421,12.524888218547659,18.613633929721075,25.19329837823384,33.18627212678534,3.1677582025409556,47.03204860047198
Fossil fuels,2044,7.009801579599743,12.517867864646544,18.84843423987745,25.715327851173846,34.419079343812555,3.2485632282200414,47.61916114343813
Fossil fuels,2045,6.9202031469983245,12.479279638927165,19.099139684853455,26.414171369647118,35.6416360558997,3.32963993328758,48.48300511874901
Fossil fuels,2046,6.852946181150563,12.504795588896538,19.358081239833496,26.99033762409272,37.1144559205864,3.410788862849593,50.617278810722546
Fossil fuels,2047,6.826782155878537,12.672628545479872,19.66926836601486,27.63830210827677,38.5691653940651,3.49232433398494,52.42556959788115
Fossil fuels,2048,6.9645217418955445,12.728348815244996,20.002438576603126,28.176591890127078,39.536965851718556,3.5743637283876097,54.036784084335395
Fossil fuels,2049,7.039190231580344,12.741553647857424,20.434493484360154,28.763636153043493,40.623094200012396,3.6289290687232425,55.6616213157114
Fossil fuels,2050,7.180808329270591,12.817091468033615,20.73782273636566,29.51595709388615,41.810490886755865,3.6171890085317355,57.30539901097234
Fossil fuels,2051,7.294385665354103,13.007349688721959,21.128007747214635,30.290581935994766,43.0032893150148,3.630130547504398,58.95956418786383
Fossil fuels,2052,7.417179939718206,13.203393557713532,21.39973449668515,30.71767493680112,44.12543816687294,3.667741550647544,60.61711080674714
Fossil fuels,2053,7.504630154339345,13.354366701443777,21.7325835938718,31.36465855316552,45.44305532153161,3.6905464351158837,62.287069356166015
Fossil fuels,2054,7.6397013638265125,13.611034480114363,22.15725883270779,32.09288541218299,46.8751552959957,3.7310363570740064,63.97959378759067
Fossil fuels,2055,7.798721368092826,13.859366261435571,22.51456603832184,32.54586906796415,48.17261212754328,3.795875153562724,65.70598131257658
Fossil fuels,2056,7.916919862242532,14.047501225568539,22.953961994068713,32.89477351046769,49.4624655337078,3.874097333569088,67.46458757968767
Fossil fuels,2057,8.076121172999253,14.295296170350035,23.36155426607408,33.485920743992075,50.75354995006737,3.953089730524365,69.24686710332999
Fossil fuels,2058,8.236696407559469,14.557510457327886,23.824397167793954,34.07884340847168,52.039987824517965,4.032954854964121,71.05483005359687
Fossil fuels,2059,8.386365268063644,14.82939058889995,24.244768150165996,34.72723014499216,53.151829935470154,4.11380205919259,72.89074023303166
Fossil fuels,2060,8.551565253112335,15.098131297383507,24.760883845946687,35.358163785283935,54.27032000554403,4.195747549302776,74.75712460799026
Metal ores,2025,12.918801925930318,13.254092289467087,13.546652156020048,13.860841598119627,14.396942988422355,12.439456604398448,14.950741972662673
Metal ores,2026,12.67817828980051,13.114520790301622,13.474027327616373,13.843552927630974,14.430194836208386,11.85309287769666,15.22286710563746
Metal ores,2027,11.990826750420952,12.834307785328638,13.3789947194559,13.90870187273802,14.872196942610868,10.190380009575904,16.661329163471837
Metal ores,2028,11.095290787054344,12.519767405070073,13.28543756989589,14.11313744767306,15.698638105957386,8.091497256857098,19.046119431176713
Metal ores,2029,11.15645168082864,12.83084219049072,13.810287366330172,14.86908850970253,16.786509170730376,7.191157825486613,21.080065583574264
Metal ores,2030,11.375505239949161,13.359973934413457,14.653535028017231,15.98111912180312,18.358682323099845,6.485878143530831,23.334199914691638
Metal ores,2031,11.551965818753889,13.931312433975304,15.516845831949649,17.190676324587614,20.108523915462712,5.886146160328494,25.600804862611493
Metal ores,2032,11.523403372067248,14.315231497835198,16.19920369737618,18.2287684470076,21.659238448142975,5.358576638730218,27.829365413627947
Metal ores,2033,11.531599120875757,14.657383008069568,16.787032163406053,19.2152548968106,23.13338403202289,4.944772870461834,30.202474224094562
Metal ores,2034,11.55612740758154,14.964485051323756,17.360398837606347,20.157291470589605,24.47897865200542,4.665523729210212,32.43011412950622
Metal ores,2035,11.539157273083305,15.245290714653196,17.932738342837197,20.97397672744419,25.851429852035196,4.549262502111186,34.44038287625726
Metal ores,2036,11.383770886202091,15.430083291866314,18.52849785591396,21.85985282185801,27.22623213696432,4.61778844881369,36.45526701972533
Metal ores,2037,11.311158322106369,15.606953157012537,19.1141709245114,22.94201110060622,28.825308550946204,4.845190679651483,38.41069330046114
Metal ores,2038,11.319898601494387,15.837476929203394,19.553225310118535,23.794691507445215,30.38654620581001,4.967268684694813,39.898248525210256
Metal ores,2039,11.410269215893923,16.08221245120943,20.137712041919364,24.649524629264903,31.713824274998643,5.230734857379305,40.79209449448141
Metal ores,2040,11.679719615542464,16.375627766771217,20.77338123938425,25.508793394682186,33.20837803985305,5.647710383098594,42.71647125107729
Metal ores,2041,11.8007813214749,16.76110330041705,21.40063339817355,26.44155844187945,34.56814522758077,6.224880515404603,44.865439057263245
Metal ores,2042,11.960015965070745,17.039118443499998,21.937571559571477,27.50496187933918,35.94916193329175,6.8964680808401155,47.09761499034352
Metal ores,2043,11.995733629722173,17.17531278250696,22.49747210424178,28.39697000600005,37.108485930099924,6.905331058530067,48.79793959261562
Metal ores,2044,12.118000946062141,17.43564462214882,22.934452668701226,28.932445892245347,38.16785244748394,6.9180936458252,49.82486257053033
Metal ores,2045,12.383976279271877,17.81705965102505,23.349247388868516,29.45259916331093,38.96247318432142,7.057692753419804,50.033781263611395
Metal ores,2046,12.483133971275633,18.07549311388918,23.678792102469203,29.81565898391649,39.66453442143069,7.214357318529595,51.27488051161979
Metal ores,2047,12.538128975554846,18.335894221870802,24.055229049847483,30.384406406735156,40.542366567619794,7.349580745356967,52.897929921384964
Metal ores,2048,12.53305966151116,18.55845844469252,24.45787524514554,30.89659391751549,41.462406145487385,7.582148254194259,54.484425800393545
Metal ores,2049,12.623817123262187,18.714420374647787,24.835761502160228,31.455211304585553,42.26981785215799,7.882927311992777,56.01835371749748
Metal ores,2050,12.7130016683288,19.01791337942587,25.178713028489963,31.96483198779542,43.21312349222107,8.05251413556637,57.4824325323448
Metal ores,2051,12.881764345234727,19.33436876373235,25.50083340310151,32.49690947762487,44.084747825663136,8.09530447246163,58.6464063337713
Metal ores,2052,12.964456572145012,19.62066119122594,25.93061868157948,32.985737697437195,44.764731101077714,8.103963808032715,59.511797833860506
Metal ores,2053,13.042882950890004,19.92205780745946,26.367753568243447,33.52769859646343,45.63581729753592,8.118125878036787,60.292806752981264
Metal ores,2054,13.12837857062949,20.136028310329056,26.714768425824477,34.298823391203285,46.726792274456265,8.138612849668458,60.98578575681137
Metal ores,2055,13.209631837350324,20.47781934911091,27.262175789425307,34.925844491533645,48.01118633021798,8.16564882627877,62.462092651271014
Metal ores,2056,13.263020036291648,20.80873372380698,27.816838111041946,35.7881439657211,48.98113641532215,8.183361849873375,64.30095304689937
Metal ores,2057,13.357940189000116,21.06934291990194,28.338491004104927,36.45827497223316,50.1078106398524,8.191129455834767,66.03209551400757
Metal ores,2058,13.495857425684164,21.375776815262206,28.802042793481494,37.185552188563165,51.34687826945506,8.208302897801618,67.82927941704291
Metal ores,2059,13.5758782379119,21.74435113017989,29.388077949851635,37.98376895166982,52.637683345244064,8.22860456828631,69.69797851769673
Metal ores,2060,13.703932800978453,22.087951140107705,30.005932601764634,38.86875002110247,54.03507320696095,8.255060422877184,71.6445590625005
Non-metallic minerals,2025,52.6740658993929,53.81163905537124,54.98880612469503,56.276344988985336,58.5314372386604,51.05945842804212,60.93336249807532
Non-metallic minerals,2026,51.15773364007108,53.27612841015823,54.95798427017069,56.6046206661711,59.182763504708895,45.235529424978374,62.65988003428289
Non-metallic minerals,2027,45.84631468507427,51.31559572598908,54.440304803861494,57.08417263267857,61.352929007293234,35.46249658763298,69.34387017512655
Non-metallic minerals,2028,38.33474589602323,48.17121449132098,52.96206650354691,57.561692851319684,64.12742652652366,22.274967446921927,77.98939466692812
Non-metallic minerals,2029,36.04017588193585,47.5366905013443,53.89054484951535,59.56077918800915,67.68674284917704,17.041413554163768,84.45077184349431
Non-metallic minerals,2030,34.47743246138958,47.7492645953022,55.50442696542348,62.28297786379225,72.234465354480207,12.911262043638756,94.50922780546009
Non-metallic minerals,2031,32.95460586982138,48.23304660837342,57.469967355870544,65.468005237977,77.26623922195469,9.666461840551687,105.21217246897199
Non-metallic minerals,2032,31.233516746321154,48.21472765575173,58.72648766270217,67.6691889356631,82.06113102579164,8.07806376137876,115.09684558243421
Non-metallic minerals,2033,30.82159583847593,48.2047723547371,59.78139690763852,70.16806248816852,86.9753402560012,7.639597369920987,124.69996772847765
Non-metallic minerals,2034,30.256724036552882,48.0623211265182,60.67823171216651,72.47832776717208,91.03743370079792,7.684460349094274,133.83063499933678
Non-metallic minerals,2035,29.62057922929106,47.684623412457654,61.46625664537159,74.95934498995071,94.44969035389188,7.755806280643505,142.2432143208963
Non-metallic minerals,2036,28.37202562790238,47.465800834950485,62.299105273974575,77.0955488667278,98.06722892592279,7.571637306600117,150.61513539022775
Non-metallic minerals,2037,27.063325714746696,47.37383589789733,63.30857029983368,79.17937794161935,102.33718109415294,7.646470452719892,158.80038297080992
Non-metallic minerals,2038,26.830878274314887,47.473556166845064,63.951753359883966,81.37618595002183,106.11591726855579,8.20207350630183,165.52310582172754
Non-metallic minerals,2039,26.86728219438899,48.05479485073421,64.73951882812838,83.84514035945824,110.13421216053193,8.71965193449516,170.3227107948677
Non-metallic minerals,2040,28.73905468217808,48.883285068696736,65.99248876012214,85.95305047408691,113.75233243193257,8.893360203417242,172.6875714744699
Non-metallic minerals,2041,30.135619950594695,49.29626843578903,67.26663075668762,88.37643100814282,116.75454240060472,9.050923072864354,173.68642936786728
Non-metallic minerals,2042,30.195375238330524,49.3431738985274,67.91446327836034,90.04540111336674,120.19000265923144,9.163674530525878,172.87673086449368
Non-metallic minerals,2043,31.168921829892987,49.87965964835866,68.98229139734883,91.58001413757485,122.45315045234915,9.56439830584998,168.12795061219305
Non-metallic minerals,2044,32.050921237566705,50.91504137322237,69.78358700703313,92.19145370374221,124.1895645140754,10.223953882089134,165.0809103673414
Non-metallic minerals,2045,32.68072063768528,51.623073167933136,70.39018581750483,92.34315864936542,124.65531686327947,11.140643918160281,168.0017976200621
Non-metallic minerals,2046,33.552972873139005,51.66426297859628,70.79451103454963,92.67991011371605,124.11913840087254,12.712082270981023,169.90210397847656
Non-metallic minerals,2047,34.02978467361993,51.73256330268545,71.15105677441304,93.28127738204579,124.5770467857616,14.648320403331045,171.5224647512816
Non-metallic minerals,2048,34.98767902402682,51.98474253538307,72.12864073594513,94.08647593840753,125.61373687524437,16.346031294018363,172.50057014360536
Non-metallic minerals,2049,35.40214659279162,52.765938907363136,72.97264080983196,95.08759718735554,126.8718377168151,18.375871202036723,172.76800465581866
Non-metallic minerals,2050,35.85134592938851,53.30989452096316,73.98068180924803,96.53561248570253,128.04199532939828,20.189941127779598,172.25803465220704
Non-metallic minerals,2051,36.679745108118496,53.6185132842608,74.62694803574938,96.89564580281339,128.4034617117566,20.916073950935225,170.02105871298335
Non-metallic minerals,2052,36.96771620460036,54.630770810499726,74.8718124123489,96.93942621794773,127.80406831948909,21.42020613863154,170.85097332336534
Non-metallic minerals,2053,37.93862872841263,55.336324491090814,75.84062366333626,97.27978089412345,128.08566398552205,21.540887245729646,173.85188271935087
Non-metallic minerals,2054,38.03823337548739,55.97079025262584,76.81078313290257,98.23258497117837,130.08687153507583,21.537037993676748,177.66586222056335
Non-metallic minerals,2055,38.21231541106937,56.950318077669394,77.96640444488705,99.98043040672673,132.57575846707695,21.585484787356442,182.37575415651398
Non-metallic minerals,2056,38.76516901151219,57.177022559849604,79.20918473393738,101.55751969061278,134.49539557197835,21.609868260450266,186.94070793225671
Non-metallic minerals,2057,38.776850026974245,57.86070216543917,80.22795353135348,102.63495686200773,136.48711928256256,21.602403807455342,190.81705110580046
Non-metallic minerals,2058,39.09463267657636,58.236540193642014,81.24068460742866,104.02794839276828,138.3470312912879,21.605046315193697,194.85163422812545
Non-metallic minerals,2059,39.78432775504654,59.53963999756947,82.24344508570368,105.52688579898492,140.76181442857236,21.618155787337113,199.0639549486074
Non-metallic minerals,2060,39.9191284725185,60.00410447417355,83.50474393919387,107.4776899028002,143.58232890866418,21.642599911715134,203.47639158585332
Biomass,2024,27.025007542,27.025007542,27.025007542,27.025007542,27.025007542,27.025007542,27.025007542
Fossil fuels,2024,16.138213242,16.138213242,16.138213242,16.138213242,16.138213242,16.138213242,16.138213242
Metal ores,2024,10.638308009000001,10.638308009000001,10.638308009000001,10.638308009000001,10.638308009000001,10.638308009000001,10.638308009000001
Non-metallic minerals,2024,52.88714781,52.88714781,52.88714781,52.88714781,52.88714781,52.88714781,52.88714781
