run_id,fossil_index_world,t_2060
1,0.894082901795466,2.208464815192738
2,0.6856404121129474,2.224499219616141
3,1.2923158725696442,2.2966645499600777
4,0.8135846573235825,2.2908623089507643
5,1.1287327177773518,2.187863227064922
6,0.39352702835402686,2.0780042659022593
7,0.6101700702805685,2.1774401645393846
8,0.4971387186456996,2.151588706044826
9,0.8192297932484787,2.099035055377777
10,0.4198965737902176,2.1745284410538788
11,1.0774512164380738,2.328626117815465
12,1.5064048182075434,2.2332158203798453
13,0.17980122043799818,1.8537354469507628
14,0.9510981595617232,2.327209398218102
15,0.9223976747325053,2.104704739802735
16,0.17404478371549276,1.8394026509959804
17,1.1662860354456153,2.2672403468138578
18,0.19006792695190197,1.8652402824460714
19,0.614992372025623,2.1611534298111508
20,0.47207626975771166,2.255208182148813
21,1.5093666516760254,2.2927914765367974
22,1.5928054144225139,2.266031189166341
23,0.1787026007751455,2.027629474373327
24,1.6423924510877386,2.3349604585767625
25,0.8384354889287746,2.281274947156654
26,0.5738143481278644,2.165418312337171
27,1.2886515588458516,2.2012236366827724
28,0.5479674380970981,2.0793121912674506
29,1.3940516419298268,2.295611653359443
30,1.0674885408119064,2.3285144124230452
31,1.0961055610726114,2.221543968085842
32,0.46086289408693,2.1380074480844558
33,0.0681095483201875,1.6257876856501128
34,0.19957877645132874,1.840407798027551
35,0.5288056769687729,2.1040640198023643
36,0.8363557383430229,2.3013834298424585
37,0.16200842057878123,1.8748126701601542
38,0.30439314083921765,2.2694831108237272
39,1.7098392561868252,2.2923434645241407
40,0.3501422854394717,2.129083874066994
41,0.12878274170524118,1.8011090956173177
42,0.608193869103422,2.2010833648363124
43,1.150881148529228,2.3294494427622316
44,0.2438354249441288,1.9786610009246675
45,0.39239948522777945,2.063717023024616
46,0.3199553564059221,1.992190869000839
47,0.4956656686948931,1.9826311234706016
48,0.5537057503893136,2.030043189205517
49,0.1723318331531854,1.9598043030573102
50,1.0525258431297984,2.2329867050121166
51,1.5445822152731439,2.1854047518116406
52,1.3782922158624682,2.331999264062269
53,0.7730993442670626,2.26588544419322
54,1.4550673585756946,2.294980181842141
55,0.5258335077768885,2.1077498370858883
56,0.3196745483839185,2.0339943934413163
57,0.6951679520700655,2.2093293494444124
58,1.761778143720969,2.2918059320665853
59,0.5962718350861254,2.132049244728889
60,1.8174851167355608,2.2912294024655653
61,1.3275101903743938,2.1752690070576515
62,0.9234208855832146,2.2527273767249154
63,0.6679087115561481,2.2385844883535393
64,1.1149752151274788,2.329046851477387
65,1.266929756934963,2.2358299725315627
66,0.8072765995793254,2.3255968149724926
67,0.5804907485551561,2.0917507081565225
68,0.5101609597019645,2.3222654389052786
69,1.0486531798412182,2.2018791223222407
70,0.7135162065166862,2.058825985977414
71,0.2640282045742779,1.999045107205998
72,0.3942161975325833,2.0123773477744282
73,1.035489373111841,2.058087270368355
74,0.6513805389677368,2.3238488477314925
75,0.6023061539143033,2.0923122883899357
76,0.22858763510451402,1.9363316582404444
77,0.11927505718809861,1.799041132980852
78,0.32915317400247224,2.2813816457841174
79,0.21625534223311563,1.8436931041349276
80,0.5119019684040742,1.9939599312399678
81,1.3435490055171853,2.230094651585877
82,1.1768213154072311,2.307458236681709
83,0.42199803944777264,2.209718112561602
84,0.2788949126068173,2.0946574266281
85,1.1596439655047752,2.2980376147221264
86,0.9365325778583565,2.027464065318033
87,0.44657135362541306,1.9709681776386103
88,0.8934593119041059,2.176659332826448
89,0.603723955229782,2.0322806685079864
90,1.4429316048276517,2.287836826775238
91,0.4714322188723021,2.001079273750422
92,1.2681109411607623,2.233711304716523
93,0.37101360546431134,2.3882820950997243
94,0.6860076244628052,2.3242371000764157
95,0.7145602833868694,2.19852786039212
96,0.9159977425581074,2.326815838696283
97,1.2080875096201413,2.2975362567116395
98,0.6884826791795997,2.1282090000637237
99,0.7188824452414344,2.0604219449499865
100,1.544491936383059,2.191891907931131
101,0.7575082246640148,2.2655483030092283
102,0.4231234428971762,2.339185046366553
103,1.1518970816661687,2.3199230025053756
104,0.40519049080701286,2.3560811847172953
105,0.8591577240617461,2.2050520492803214
106,0.4231043747080467,2.2601087692990194
107,0.23190106698769944,1.9338550680974897
108,1.4606165812744853,2.315660695895536
109,1.6477918696595077,2.292985613128941
110,0.9293000578874263,2.278457003042391
111,1.1115346434446334,2.32900827445005
112,1.0532787545808042,2.115957059444423
113,1.434878660529581,2.295189121251335
114,0.6704737109266864,2.1874510172879993
115,0.38440861916357194,2.040885851579091
116,0.3051790918907461,2.08534307385713
117,1.0042413420266514,2.191552705566396
118,0.34386817234344347,1.9819641428340984
119,0.21490001490253152,1.944094766137265
120,0.15424252276513414,1.8299634631475739
121,0.9073445738029396,2.2164141700663538
122,0.17698756914453095,1.9183111720623436
123,0.8056936281012741,2.286934427679121
124,1.2884591533536771,2.227488942408603
125,0.3673761648469268,2.0322028062559636
126,0.843487812465368,2.238613231504694
127,0.8844107078079969,2.300886093317542
128,0.5740468873691598,2.1347135172740344
129,0.7341969894666389,2.189311197348042
130,0.7348999912997706,2.2264395041145972
131,0.6807459262779845,2.324178103870719
132,0.29450458044308586,1.9005933485892028
133,1.0912703448397898,2.298745235583737
134,0.2736173653772789,1.9403774272983947
135,1.2175228710415194,2.253884258196824
136,0.7529355760731837,2.178378298674266
137,0.2792614148278345,2.038001207740764
138,0.9930103265733136,2.267571478198414
139,0.47141876024409185,2.0101684327917195
140,0.1734798301535155,1.8487743565104569
141,0.9230255632089976,2.1928421628157544
142,0.5031030140874974,2.0645144726464313
143,0.6181275573798439,2.3234760023738024
144,1.156826417481053,2.1232790282163796
145,0.764398504667021,2.2048807341644063
146,0.7566273778694566,2.3250289162072275
147,0.7976614153240058,2.3254890057884214
148,1.4637699226688308,2.2271641501436377
149,1.07834573172559,2.2988789966129013
150,0.7929776824958789,2.280604870001972
151,0.7117826558227693,2.2065244247414535
152,1.1295186975071385,2.329209918656057
153,0.3243632729359503,2.0409041844593703
154,1.6173833237052961,2.2933003210715532
155,0.8585481626779506,2.246838282851458
156,0.5100953756516682,2.025390486852907
157,0.4151701555638065,2.3466785054720134
158,1.2312350844165023,2.297296694923595
159,1.7094130657329456,2.2923478753079087
160,0.572548641670805,2.286739572141022
161,0.48041802595264543,2.3219319495685946
162,2.0283676583582904,2.2766943731210105
163,0.46235132585833144,2.1836218063939143
164,1.0407672378966324,2.277293022097878
165,0.3068655597552201,2.0535567951876628
166,0.9148307491738081,2.2632816771005677
167,0.3405443881088816,1.920676100950912
168,0.30660310083137193,2.267271864926619
169,0.8356026162078751,2.1730321269593666
170,0.6122737242249953,2.0027136400919057
171,0.7334247324482603,2.2394514037524886
172,0.12580759834924565,1.7133649926225711
173,0.6843611990421186,2.113503620525122
174,0.24804940312780582,2.121374546927082
175,0.06490915056210461,1.683295022620656
176,0.3800242126866749,2.1860781825819613
177,0.2649569514199197,2.167558977319485
178,1.314743409082843,2.2794685324214723
179,0.3390126072156162,2.0285466269173575
180,0.3798019725892444,1.9839648539729673
181,0.49527542496788957,1.9817495322005019
182,1.057160995276406,2.098537796994728
183,0.2539122047327531,1.903122153500346
184,0.18835103879301796,1.8588446794070652
185,0.36113149403966893,2.397592861168173
186,0.2685226291916528,2.0367964580617275
187,0.7232073547138191,2.24172220074817
188,1.0406811259532693,2.1739718070693623
189,0.1883268246867879,1.9464878515123385
190,0.5535423000429134,2.3227518473590214
191,0.5591536740864236,1.991824284435583
192,0.6546315962643738,2.1888791790430684
193,1.3744365856788991,2.274328321192447
194,1.366367228982876,2.3318655564731667
195,0.1462649476400873,1.7954034298913728
196,1.2403757519271572,2.297202095179473
197,0.7693528007983654,2.232577644809966
198,0.5042207530982489,2.3221988349993987
199,1.6406295400371382,2.235898136479494
200,0.4039166173384482,1.9323123754912626
201,1.4493222551592735,2.1589389505735346
202,0.23867689838152187,1.9361996950797133
203,0.987296680433747,2.299821292888824
204,1.181194720686384,2.289197049254536
205,0.21967171548260328,1.9388575715082232
206,1.3039536963902116,2.261311610513411
207,0.8406185102364254,2.072374012394869
208,0.8031334053433802,2.325550359867924
209,1.6258276511111305,2.3347747275993456
210,0.8671780600933272,2.0398082636913433
211,0.47586809897942906,2.120663605279176
212,0.8963639026784193,2.0838840974384714
213,0.7137198942844525,2.117893506067118
214,0.9263191597707696,2.22658648137016
215,1.0327701393296214,2.2993506732572855
216,1.1090549543661055,2.298561176869367
217,0.20958501483093178,1.9604551000928874
218,0.4893220082717371,2.0626729650914797
219,1.008715969374062,2.249042169674816
220,0.7215286408912898,2.1586114779684262
221,0.28827138845235345,2.0261056302561817
222,1.161405235258375,2.265648090006476
223,0.45447411416386896,2.141141491735513
224,0.6978818259894737,2.2346312732244704
225,0.16673924418371208,1.86122757350061
226,1.7599108322150436,2.2918252574813267
227,0.22154006162484935,1.9461274199458618
228,0.9062062791806295,2.32670605300216
229,0.2124636029801859,2.015787377030373
230,0.7525683164244089,2.168523039256244
231,1.2156928481108733,2.2362843188583597
232,0.7150456097060429,2.0394082398020235
233,0.17491003141931868,1.9105296110000762
234,0.8679406907095288,2.0974790746951686
235,0.7904576417460005,2.120637594485788
236,0.15790866634345657,1.8144960882933587
237,0.10657533734592556,1.8308532044945212
238,0.23536895423346355,1.8292910715131967
239,0.2855888354340882,1.9207100199235776
240,0.5741178316350102,2.322982548218607
241,1.2362693856300018,2.1544926852462156
242,0.3197321889301524,2.2621660768454164
243,0.11315879628732889,1.7737127629744218
244,0.9107792785667415,2.135819122082379
245,0.8911938372457734,2.300815892502513
246,0.6749736299180585,2.324113382639773
247,0.23280800964643183,2.0649259318399045
248,0.30593348307402624,1.965154809651968
249,0.6324713732476525,2.2007103837042417
250,0.6976356018960168,2.2553403476443474
251,0.5588025108877039,2.0423710087825357
252,0.43540047812644284,2.0597145675252415
253,0.5084961693440597,2.1647882176003184
254,0.5860237015484234,2.0269687518543664
255,0.5733234209620971,2.168539317909715
256,1.811062453844094,2.2912958726949446
257,0.8362884497643968,2.1274560362548387
258,0.7888340650844693,2.278542320647685
259,0.7804314632239536,2.003107361339459
260,1.1638869090694643,2.200966837135201
261,0.5183390466946493,2.1636685667359115
262,1.4729666689575234,2.2947949360512725
263,0.1159713655320516,1.8380054691971641
264,0.1853628504346114,1.8707956341125844
265,0.8950576194818382,2.2812066241767717
266,0.5649152160839755,2.0303488857220393
267,1.5199522263476066,2.2943086672201027
268,0.4819019869193559,2.002829850833503
269,0.4929473730370314,2.0945271428958154
270,0.3509268031425662,1.9896745945852468
271,0.3141604631432753,1.9666361429091843
272,1.755174686577945,2.2918742733945376
273,1.1091731922400139,2.2590255395277308
274,0.9989058215282638,2.243585869069072
275,0.2603383357543255,1.9051580275863442
276,0.9728964879834694,2.2022901460375923
277,1.3855809255113756,2.295699319561586
278,1.0977811537782856,2.258277351300263
279,0.592871745464678,2.108212834483891
280,0.31846417545958333,1.9464320545780467
281,0.8970303095929577,2.120497416003279
282,0.21883975397834288,1.9948481405696934
283,1.1090855688616754,2.1878331014020613
284,1.523947498333064,2.294267318849529
285,0.7363817139673848,2.108586595209162
286,1.4151662937533376,2.232429546963256
287,0.22694238806892797,1.9788597278630022
288,1.9877879541994141,2.2908
289,1.1195395687159038,2.3290980287843546
290,0.4481147801300349,2.0731017158199916
291,1.246670984567391,2.231836142060491
292,0.9513239230833133,2.3272119295664786
293,1.2312175205553366,2.0723184054667527
294,0.24025714303214274,1.9016522784111025
295,0.4508635088314772,1.9762403352660316
296,0.8488659574604065,2.2520245186557264
297,1.1287782082565252,2.238232410631322
298,0.575978571526307,2.0778166970373038
299,0.5115642240798705,2.0460719446457114
300,0.44193871810331814,2.1071154956932685
301,0.5770944549316175,2.257540175350827
302,0.3898185969515673,2.3705643352877472
303,1.0302052102683474,2.127316163238338
304,1.0374744926265453,2.1808510331766446
305,0.3058936078085319,2.001338251700384
306,1.0740748127139008,2.298923197744296
307,0.5355046724016621,2.3225496024652212
308,1.5433241289061272,2.29406678379101
309,0.45491470470338863,2.018807271151002
310,0.8013069873952038,2.2033415496856543
311,1.4420516047475915,2.288553485124005
312,0.4337862709990252,2.1424496108026156
313,0.46035335815671274,2.3217069767125054
314,0.20523914619607117,1.9223108181054016
315,0.6167353213223954,2.2395992975026826
316,0.5253897567892504,1.9993608532526892
317,1.6920858475852971,2.2925272003299817
318,0.9016985897957466,2.2621237208816094
319,0.9677404681136769,2.3273959982517995
320,1.7773530775087283,2.2605709862834984
321,1.3201235416432617,2.2963767593391062
322,0.8686207045612554,2.1619690144962047
323,0.8512441970535567,2.0301101629214866
324,0.3042781718740117,1.9030065261909683
325,0.25404194918695544,1.9740595681731596
326,0.4731445486976258,2.000017160205418
327,0.40049217208685317,2.1260082481305496
328,1.2426496483483582,2.0846809976232943
329,0.23706641104472115,1.9379739870449812
330,0.5985743431288458,2.2120207138695838
331,0.7346075213221811,2.2515502237146654
332,0.5523211020379061,2.035536411622232
333,1.0875352000037801,2.2987838918137475
334,1.360633960095215,2.295957503829008
335,0.9234739575217122,2.1244256052034465
336,0.6288481651964193,2.0694083990697343
337,0.5844402488973759,2.0869619597068425
338,1.2726152438935086,2.2661574700096265
339,0.923457136652437,2.0823056632150574
340,0.27874745307073345,1.999561428833693
341,0.11754269946445195,1.859241890184675
342,1.6185643794556213,2.2682811894889734
343,0.15150006812558725,1.8071606684780246
344,0.7532149503773755,2.156432290378749
345,0.4151079645799664,2.088860384598113
346,1.2390026564103103,2.3304374953685603
347,1.7008804269317959,2.2924361823649515
348,0.6845284728176816,2.3181414816752706
349,0.275278919469342,1.8812312103222373
350,1.0570724863354444,2.2919191266486267
351,0.7532845563922768,2.1497171529426327
352,0.33784658192257966,2.0628353714276066
353,0.4340485425165074,2.0556648515842846
354,0.6128158795490203,2.118834584864162
355,0.21851729675953727,1.9323611729429362
356,0.3359765112729991,2.0376242038228325
357,1.2808300312368432,2.257391119286475
358,0.9294800343486369,2.2307822854229142
359,0.49028828155385584,1.9942014372401684
360,0.2983111902878294,1.895663709266521
361,0.4026217796501097,2.0005584174846645
362,0.1829667037791997,1.8442694866504195
363,0.3546156781630913,2.031548505427096
364,0.31750738545116364,2.055878927865785
365,0.5627073117814552,2.1131591883256005
366,0.6787748083822088,2.3241560029305384
367,1.518496068219246,2.2618365907176674
368,1.1847007082632586,2.329828640814371
369,0.6804371584301482,2.145873686159586
370,0.5639372421582062,2.028647463090643
371,0.14004312098082644,1.8320720396064112
372,0.3110169703973275,1.893871633049431
373,0.7231131583349845,2.1269429233416504
374,0.8865471090499035,2.326485626743543
375,1.6225959907191292,2.2932463734834667
376,0.4107354979772762,2.0772102726459996
377,0.5315520629719146,2.0365868476308298
378,1.138568090976152,2.329311383973864
379,1.2867744130700534,2.26756502240576
380,1.659902503755038,2.292860276233659
381,0.31007498670802625,1.8936277394552996
382,0.3319806805272832,2.165916640294677
383,0.575964970021719,2.1460160270908255
384,1.0834152734055655,2.220199467307422
385,0.5501501996996717,2.322713813811189
386,1.565762887324429,2.293834557774441
387,1.7068113024363476,2.2923748018033576
388,0.356226127022419,2.0742084443107895
389,0.5077389042560383,2.32223828187797
390,0.5821443667867248,2.0957112949909114
391,0.6122161979837354,2.089017665090776
392,0.4254485609593635,2.045330470971278
393,1.2725929445401305,2.230778761146315
394,1.298818259399683,2.2706378857766953
395,0.8827916501230787,2.300902849472662
396,0.3865155227840048,1.9667128937908538
397,1.3166067255832856,2.3298675172459773
398,1.100738462031312,2.183633668862551
399,0.6529758527312178,2.1057838090644507
400,0.6322709628488978,2.2006106263431
401,0.4095532763910495,2.2024382918439236
402,0.18665720719112466,1.8500400045819185
403,1.4611110737042763,2.3329278612947877
404,0.23814702347006478,1.9155796138106906
405,1.1237958716856264,2.1473553623832764
406,0.25963147344850795,1.8662868958420828
407,1.2294738766935218,2.1995134887564385
408,0.3934794742577741,2.161768879893499
409,1.660605943128243,2.3351646753305797
410,0.3245875934384134,1.8885705149368315
411,1.6416441527905037,2.247239826134637
412,0.7013899934739855,2.3244095731781416
413,0.6765550567421198,2.1484215261431627
414,0.9982294734292531,2.2532246209891467
415,0.5229115349024464,2.3224084033116075
416,0.16962578984772983,2.080286543911459
417,0.42516743436053905,2.3372592305622684
418,0.8455262728351595,2.0879566179848266
419,0.9552776274837302,2.282394871566212
420,1.6249753653475707,2.334765171440012
421,1.5268711548947975,2.3336651888913647
422,0.13958547172363744,1.8774529301759377
423,0.3208100750337609,1.8981422358230189
424,0.35214749598346307,2.0250082270367886
425,0.2638397891066574,1.9664560163775673
426,0.11941465305735663,1.8269142348064902
427,0.7755592770801755,2.1418871737446477
428,0.8608738053209116,2.2374043595874173
429,0.4494625208315029,2.043228115399422
430,0.6997838602166723,2.2541693321388223
431,0.46904008274463493,2.321804375645818
432,1.3305958084674627,2.2516929979712366
433,1.3941952003376643,2.29561016762674
434,0.31151582648501386,2.057278633147
435,0.30128718272856764,2.2577584244053845
436,0.6468592482419636,2.207872169972772
437,0.8127075425837125,2.265984325946148
438,1.2153500490557096,2.3301722931392166
439,0.7350728902197484,2.3247872389117243
440,1.0561278220380494,2.248124359313595
441,1.3260759206698849,2.268223400504259
442,0.4138547353136965,2.151032528943989
443,0.5727762505558662,2.096083930309778
444,0.33978752188264055,2.0385712085530594
445,1.4293913452823337,2.270778703078881
446,0.7516776859604244,2.2600471609452195
447,0.8605654988087267,2.257741205804267
448,0.318571550750112,2.0977475621462185
449,0.5626997035245728,2.0383977229794192
450,0.9755470101785988,2.2448377315738783
451,1.0814408353096818,2.188489772833634
452,0.2150201536865886,1.90079310855531
453,0.23296260561852578,1.9197035054207061
454,1.2193213531730054,2.2894690383337157
455,1.2479932637156006,2.206729334562268
456,0.48028467231866506,1.9968879873982186
457,0.7005124885589715,2.2084275824866975
458,0.42224399328323825,2.0279975323062756
459,0.1895587398589231,1.8721519918733203
460,0.2844773424786572,1.8090913759879657
461,1.4579030433638704,2.33289189161139
462,1.220431003203405,2.2974085098777035
463,0.8782937794110016,2.2779655306584665
464,0.6797443239833759,2.076788485339466
465,0.7301266195889442,2.0867487703493284
466,1.4911375059846954,2.333264529327222
467,1.1496940715523907,2.329436132793654
468,0.21902590741030226,1.885124641153907
469,0.5637812703292702,2.1593777715851608
470,1.0345119620741967,2.3281446662015717
471,1.0910238368886538,2.328778299312733
472,0.5480244553590029,2.110468788415436
473,0.3741841309556111,1.9747846736649852
474,0.4066429805153724,1.9434953482328623
475,0.7960134739709407,2.098162732412696
476,0.49887061813954353,2.1705798307274393
477,0.6742180532616614,2.1684997749605155
478,0.2617470849186101,2.0256356416457066
479,1.4209153136333694,2.3302740744467103
480,0.08440463836988459,1.7955893510212013
481,0.4855390296033535,2.052006956426113
482,1.1838709460859755,2.3298193371982436
483,0.8292512038187133,2.1985755290233273
484,0.1894511338104289,1.980754527333152
485,0.9704995537069615,2.299995131822193
486,0.8062686868458151,2.245327924834171
487,0.8438479943812828,2.3013058900453607
488,0.5228817784049348,2.2559930244786597
489,0.7608707435622756,2.2555891332108353
490,0.699661292243558,2.2218107537135996
491,1.6133540969384867,2.2182960855130758
492,1.1996355433835655,2.1330709183194445
493,1.2652081199138192,2.3307313212135474
494,0.32642716326650917,2.2895333828356788
495,0.4230582142353514,1.9613408668056176
496,0.3326634851008788,2.0809865024303336
497,1.1528914635679708,2.298107498563176
498,0.8149412491791991,2.291537573430571
499,1.3505407691810523,2.159566131282895
500,0.4465466063900227,2.0571229080755167
501,1.227317712298493,2.3303064792322945
502,0.4092218277902489,2.0031478727995644
503,1.2723118340465052,2.2968715782677465
504,0.269045140733289,1.9480707681741376
505,0.16199653627113395,1.8157961258495885
506,1.6299125103127614,2.240332008817091
507,0.9734494187177122,2.298141714851338
508,0.942560220190255,2.3051397796911637
509,1.256900381653063,2.2729679410327113
510,1.015495139061319,2.0363544380544494
511,0.7147300866743047,2.2930308192437994
512,1.3543855093345722,2.225725611810408
513,0.7993674672159201,2.1924769356734437
514,1.1165573249149312,2.2984835323939063
515,0.44096069717178843,1.9526135034472007
516,0.5873335666032748,2.022528161274269
517,0.9926393203688634,2.3276751738634847
518,0.12019125614147955,1.8366750038889514
519,0.3916074350091262,2.1148850778112114
520,0.22283262548742763,1.8997150424273457
521,1.4908147422769216,2.3332609103750457
522,0.41872245520259077,2.118347026206884
523,0.5959027830616047,2.1483017099989934
524,1.549339155119559,2.3094560817101772
525,0.11907537401148864,1.8715520052963632
526,0.34603807719038876,2.0196859933189764
527,0.49897912909320835,2.1032607482602703
528,1.226633502396574,2.2242867826152826
529,1.0982450237555732,2.293871914663842
530,0.6330867068016272,2.0665554057227613
531,0.8742446701215264,2.1306859760908576
532,0.5050537478029574,2.041590250379258
533,0.801345996065918,2.275261345358374
534,0.27993778522508767,1.9177210864729235
535,1.0248950706903557,2.2371796155062214
536,0.6632359428634265,2.2544427601281343
537,0.31444871348905645,2.11805613183368
538,1.0996022520318751,2.310157240533732
539,0.3743001968104472,1.9356529130689955
540,0.5402935839405798,2.0446867316043162
541,0.7443949856166829,2.176548296107935
542,0.8013834520522363,2.0329485536284944
543,0.234805202177867,1.8677069701091025
544,1.4739183568082133,2.2947850867238517
545,1.1061088463465347,2.3289474383035396
546,0.4288858789696474,2.1275322648617268
547,0.4860842962668843,2.321995481994296
548,0.8741559358882165,2.326346692092602
549,1.8168772047720156,2.2912356939444023
550,1.2281300221983187,2.2292558049713826
551,0.290931069059312,1.9992718429884078
552,0.1948801942633071,1.8534206483661002
553,2.0539398634200876,2.2908
554,0.34791659461238894,2.139087116161379
555,1.2591648711071401,2.2312575358493967
556,1.0267466255522195,2.277959634685584
557,0.4543860099812033,2.085975775399308
558,0.7453290339879628,2.139441276127611
559,1.5117893401515865,2.3334960857209412
560,0.9247410207943008,2.0633169384203294
561,1.2127338102714078,2.297488170633439
562,1.2694488270582112,2.3307788696707563
563,0.5377721462575867,2.0770193174085874
564,0.7793314505327829,2.0318129199211654
565,1.2175560296472145,2.330197027451252
566,0.4931849894120627,2.089332006870392
567,0.32594612553328334,2.3018884093209597
568,0.25391450261824017,1.8442085991621384
569,0.801412704347695,2.11277596526361
570,0.8859604763407406,2.261613114007377
571,0.6227642858641613,2.194889238372041
572,1.336620317651171,2.3315320225382825
573,0.2912263300442995,1.9592439142284506
574,0.22675822732835654,1.9453612882747526
575,0.124106697859733,1.8541000524640505
576,0.48003470457320635,1.9928655161645517
577,0.7475020207848388,2.2112543784739915
578,1.0688584282075457,2.0696636941297104
579,1.3006901981921861,2.1754075527894368
580,1.2142157495171622,2.296982521816031
581,0.655131826279278,2.323890908623259
582,1.289382345869312,2.3310023720334394
583,0.20993707404906956,1.889125785491637
584,0.2865982835714653,1.8562153374643031
585,1.4817910070549576,2.29470361010324
586,0.8811816835724299,2.300919511540674
587,0.9056843106405595,2.3267002004879576
588,1.0629383547929545,2.2736651584661445
589,0.1321723651054061,1.823724357895834
590,0.8030947508345359,2.1535573142865365
591,1.1673068965223934,2.2009461862444644
592,0.22801868051249913,1.939990197465947
593,0.2570235959328008,1.9508688446588898
594,1.4309876460732054,2.2952293906267958
595,0.24215530999144796,2.0734353365348914
596,0.19866883149769216,1.9030676310993733
597,0.32436474432685225,1.9882891213738483
598,0.5730641537356446,2.0497898435842545
599,0.3452082211690752,2.3380618731291785
600,0.12893922896218749,1.8201597959663052
601,1.525767642691609,2.247544414442939
602,1.1810227172600574,2.3297874017493103
603,0.26167533767492257,1.903909619116015
604,0.7671064433154917,2.2215958017436424
605,0.9764071600339452,2.299933992080894
606,0.39559179464143135,1.982069576626797
607,0.28050643091426053,2.0938269584659785
608,0.9288070343652234,2.0735342700450974
609,0.6595501570656783,2.1417156390528405
610,1.4423665273898667,2.3327176901539874
611,1.005211319549262,2.2996358884559
612,0.24396940479799534,1.913056447029094
613,0.15883544544654613,1.8668765845095832
614,0.19559506871998172,1.9122673854524623
615,1.1572353017023729,2.2980625427680397
616,1.2577513651268655,2.2970222693012494
617,0.29030552102044793,1.9294343821661644
618,0.950040179261572,2.300206872549571
619,0.8284266440100206,2.1555952113741883
620,0.9361833185070535,2.2514737201096544
621,0.26525972004222415,1.940598448773836
622,1.5510903848665696,2.2939864082795074
623,0.501823392808418,2.084446424816298
624,0.19736201348356153,2.0436472841722155
625,1.0384700739909365,2.2910608945735675
626,1.133091996966227,2.2983124096894247
627,0.09387966080113774,1.8463603930357955
628,0.24204510868864357,1.9036725014784477
629,1.1977424531857563,2.2104674487172975
630,0.9210319094296208,2.1611743235925007
631,1.5745037645071973,2.3341992642289915
632,0.7926617164462965,2.2495392130340686
633,0.4014337120693189,2.035138437270855
634,0.58578338419529,2.1008049928199446
635,0.6022622957608906,2.0634679914825886
636,0.6120901742004032,2.3051551237938135
637,0.1601234615485891,1.8451663860296161
638,0.464236085760821,2.321750511363933
639,0.13545283320573287,1.9561704128210353
640,0.5956369163624765,2.178556864173495
641,1.0555232776243384,2.238214510532306
642,0.8651000247128777,2.279335557276876
643,0.18099056548778397,1.820895352813112
644,0.2733919589817121,1.9656064369420165
645,0.17703922308345788,2.029187213632185
646,0.6846286725357218,2.1806080928880998
647,0.16609484689979567,1.88867821853486
648,1.1351633318793743,2.3292732084911654
649,0.13831253797357398,1.8402854039967644
650,0.27699677964882435,1.9555882017393655
651,0.1542622722801431,1.8380725584700286
652,1.190714416274734,2.329896068846611
653,0.6607292792670805,2.227037791338918
654,0.7428971985306252,2.145542203697675
655,0.13267662460828358,1.9499123842483295
656,0.23620597338306065,1.9181721729241428
657,0.8892188664505848,2.326515583526248
658,0.2608627518336524,1.9574295510068858
659,1.1913937027373087,2.314556237610809
660,0.949364871690876,2.275224373459297
661,0.5481964588877668,2.0272284945534835
662,0.6833680195547044,2.0662569422190513
663,0.6676051949569806,2.169827125411105
664,0.24840462250945147,1.9848795972182995
665,0.8330083216065766,2.1786611926353743
666,0.6043369672455486,2.1086733048567967
667,0.4629137187902385,2.0974148265643335
668,0.08620555630002628,1.8595585853221261
669,0.6424617291485784,2.059583458492853
670,0.15934335779832592,1.976874395794752
671,0.7789396894547042,2.1239626950681307
672,0.5825818558199628,2.1706969006797334
673,1.1182237689050636,2.1362213725130714
674,0.4237491527052204,2.0215118364335103
675,0.3898948134982935,2.0132300241328136
676,1.0281630140301274,2.2993983538970157
677,0.6141126251274039,2.1940645629700413
678,0.8630100298672958,2.1940346493211482
679,1.5345099168935863,2.294158004940893
680,1.0444085433491843,2.2992302236248103
681,0.4158586419730674,1.950506925995356
682,0.6892723391235847,2.3242737053264513
683,0.4384368267332364,2.0843017892573314
684,0.6605290348181169,2.2146765166767532
685,0.7336964268889564,2.2328610751283
686,0.8695304122366664,2.274443417812442
687,1.121958141438249,2.250241081641936
688,0.16871618084689555,1.9776770009635443
689,0.12817425658615583,1.8447625563012986
690,0.9378160921361317,2.1031411837150866
691,0.14469102466448347,1.873778350945583
692,0.07493964976885409,1.827274173926526
693,1.3267198901427346,2.270994502526003
694,0.2501525450327118,2.0213597124880684
695,0.4316075112844723,2.026279612121554
696,0.4654185863673167,2.160826693679283
697,0.25833266649037095,1.9621559729281706
698,0.4316331431333435,1.9649297743604346
699,0.10148261772100622,1.8388802851942636
700,0.7812272655932678,2.121075924129242
701,0.7155235107481805,2.2287429788903768
702,0.7678518155638683,2.2211500039076024
703,0.8111051319888121,2.2346699332512454
704,0.3634359671025044,2.0729697121586197
705,0.5187023277095856,2.082512598236807
706,0.3161306645488032,1.9624399234483905
707,0.21316906583036133,1.8835068794692937
708,1.6281570233135658,2.2730300937427796
709,0.10797103510156109,1.8574884397360845
710,0.8155649618198538,2.289657129683091
711,0.867063932001102,2.0848938904175567
712,0.25594453708549375,2.1486306804166984
713,0.1621577871332459,1.9158211796006062
714,0.6196073176118778,2.15179513590704
715,0.5372483708127043,2.006007796217607
716,0.28602327206424194,2.023571015519934
717,0.5742198467085838,2.129746696810053
718,0.6525011771370902,2.1763296524381452
719,1.1225079875360648,2.329131311850231
720,0.6586559549629682,2.0757998890427074
721,1.369053028505988,2.2476699646371276
722,0.25584198050239676,2.176429062290855
723,0.06432220787192786,1.6180368770039981
724,0.47597628126015634,2.002392083306047
725,1.3657249550084387,2.295904815465105
726,0.2673102532052412,1.9354804056067578
727,0.9262407421812682,2.119947616175783
728,0.6491624625288263,2.303885279777133
729,0.7078674242664809,2.208476889485127
730,0.949108958154078,2.300216510060003
731,1.2678165126619538,2.2857696365409055
732,0.23817839278023284,2.131494501619291
733,0.44198878290120225,2.061842933246348
734,0.4367636617778903,2.1951038737423096
735,0.9143599831336984,2.1903124058002486
736,1.5200247442514474,2.333588424273477
737,0.4387146152401396,2.0226933652547063
738,0.791973577282658,2.0119199716680214
739,0.9355978787831674,2.164860121151687
740,0.2632126809313564,2.0818394468192274
741,0.8999302362263075,2.25707447975078
742,1.0639278288900773,2.299028212183583
743,0.13564290425337883,1.8212143750352439
744,0.3205552899327051,1.9092862650994662
745,1.5768252645198195,2.265108964406597
746,1.3626286029740522,2.240014658616555
747,0.6015985103288302,2.114105204036181
748,0.8355717238406458,2.325914070906317
749,0.7580060457719501,2.15451278698672
750,0.7567945153354928,2.2680484676756536
751,0.7197318297615638,2.118502303982236
752,1.0534925297581497,2.328357483705728
753,0.6933036691381151,2.186596525442586
754,0.6711603265246192,2.154138877519099
755,0.5950018755959156,2.0587903196123594
756,0.22398067457201004,1.8916852591556825
757,0.8635978810739365,2.313949418036088
758,0.6557363921202384,2.0600321990398562
759,1.0064840134805733,2.1452824644811317
760,0.4993062165609373,2.268113368934012
761,1.7191426728377588,2.2922471804361777
762,0.28323535419970214,2.2254526225311433
763,0.2145494852578064,1.971782526290585
764,1.7060508662510587,2.292382671805025
765,1.1868582361610236,2.195508212858309
766,0.23881198240872814,1.8936723235593553
767,1.1231287523217655,2.301343923212412
768,1.3352810731277367,2.2962198891107257
769,0.22553680810334106,2.10665217640285
770,0.17204672558306158,1.9893770359175644
771,0.2784689362616046,1.9402180534706506
772,0.6779060703219826,2.2164632163381826
773,0.28323151048468265,1.993608154679396
774,1.5636471170458737,2.2938564545699145
775,0.9543155580766551,2.2171251384544335
776,0.8728741179499757,2.0838085609438863
777,0.6188680270599651,2.1444921411284144
778,1.1209555791012673,2.1728454593481112
779,0.8674856453413679,2.326271902201708
780,0.9999343006452279,2.2233254715381
781,1.3554294561483968,2.3317429179117486
782,0.8248510210403893,2.3257938662185147
783,0.352097488088105,2.070309713755584
784,1.2598023770630165,2.330670709923054
785,0.682633835591406,2.2052104654062012
786,0.45769541794330504,2.035791451670088
787,0.4137126633579896,2.0481686978157763
788,1.9499944655069008,2.2908
789,0.46373355239630776,2.0198213274047694
790,0.9207438543757257,2.300510069754226
791,0.28852737631893244,1.9031991722920438
792,0.20661267551651907,1.9323152716776453
793,1.1858841224117003,2.2423347544687044
794,0.942483040896325,2.3002850838349955
795,0.6142943941021178,2.3234330234568716
796,0.3858102413070441,2.1281116092901082
797,0.35669859275947796,1.973224942143574
798,1.274121309720842,2.2968528514148563
799,0.2036314710418136,1.8777591854171138
800,0.5063341120993986,2.167946957309409
801,0.6278725226278399,1.9944293138894085
802,0.1379773805828547,1.8234514548388505
803,0.5286254991537134,2.1521152036521443
804,0.6852849154697431,2.0657839036105057
805,0.25088276512981755,1.9463523727368228
806,0.4201712760750619,2.03909793909375
807,0.5602840716782215,2.0865928184425035
808,1.676147836878059,2.277099857592795
809,0.19563925076244246,1.9283341800479454
810,1.392909850682717,2.220598988843902
811,1.0907538613054943,2.298750580839992
812,0.923071916274561,2.326895157082296
813,1.4104041614351805,2.152613039289797
814,1.1105966902135405,2.287641585851276
815,0.9004728254499214,2.256516684154145
816,0.07781687295552064,1.8613127716435494
817,1.1003577871986217,2.328882955192471
818,0.7696057388614852,2.1257858199784097
819,0.41888151649835503,2.031055956534695
820,1.0891139929479752,2.190087388052885
821,0.3018651320743398,1.907880745939746
822,1.098212185799053,2.32885889787541
823,1.1285796759730562,2.3291993899815435
824,1.529832445415234,2.3022596466411467
825,0.6896414640394324,2.2226333492879387
826,0.4623145249710362,2.080055041859749
827,0.22391906497213176,1.9168209603312214
828,0.45243985561595035,2.054808234022854
829,0.7169162904806827,2.1287190304203865
830,0.7253553514265878,2.244126511785818
831,0.49116897791370984,2.3220524934217477
832,0.31820525795749355,2.0327965765715565
833,0.4739665334707604,2.32185961292667
834,0.3414994669379211,2.1055811473031163
835,1.2878304220901247,2.2087040764619505
836,1.2970873619280607,2.331088763669054
837,1.4529999534753149,2.2950015780906385
838,0.5680134008195863,2.1303343964605226
839,1.2756192576254626,2.3308480549372224
840,0.41513140402722176,2.1158224090992674
841,1.1558817798107457,2.3024745694966096
842,1.485799845457995,2.294662121329394
843,0.21845708065015465,1.9028593797826374
844,0.45800545568390266,2.1851706136648237
845,0.09967570792595307,1.750648212812668
846,0.29272658174920285,1.9440733657538778
847,1.0632196518101118,2.197236106669004
848,1.173730760797566,2.131799084462195
849,0.2477479811460934,2.048904178035618
850,0.5945326394648685,2.205766182365795
851,0.9316336589845207,2.326991154670203
852,0.36352860433026507,2.023144546768725
853,1.4862037633951826,2.283350652750526
854,1.3748742259458122,2.295810126681319
855,1.4218842817280184,2.2953236043083125
856,0.3990087994593177,1.9491826688308906
857,1.4241910242385534,2.2711052264591585
858,0.34838880493672575,1.978973732599612
859,0.8051169747228959,2.2866473895829045
860,0.9633985782885808,2.266587656615479
861,0.3662771607938166,2.0849749313397283
862,0.17184362482554294,1.8566183466828647
863,1.5271195554767807,2.294234490197378
864,1.0344828617667345,2.1975228290791096
865,0.6756450292390812,2.02558940517305
866,0.9755331890668446,2.2999430370909835
867,0.5088301459176187,2.3222505173037336
868,0.37080302089480105,2.3884805044861483
869,0.5343221982460581,2.149705743919379
870,1.0768026201983598,2.328618845502263
871,0.09107130702099898,1.80730536939244
872,1.3677278960171235,2.2454301588144974
873,1.890101311031773,2.2908
874,1.6553848164485174,2.2896120427457056
875,0.173717839538453,1.8613142573100263
876,0.700217168432504,2.1435232234562474
877,0.1654000521824634,1.8708994535317076
878,0.717405923981488,2.2772496850034996
879,1.569184520605177,2.2937991461775895
880,0.23777770419017638,1.9403301609252694
881,0.39003017613926483,1.934075595640881
882,0.8436658048798491,2.2689732846704316
883,0.6073659464257872,2.1170042730076806
884,1.0780618138804718,2.252424584507533
885,1.5020385055075387,2.333386755571973
886,1.161350796288317,2.119344393148603
887,0.21516390979222333,2.111092846593758
888,0.4883249529606877,2.1088384828290287
889,0.4469906262479453,1.9733884267179198
890,1.0030283558090989,2.3277916597679003
891,0.23819147962442946,1.878659732877625
892,0.695935085746631,2.0758103872883065
893,0.16546646101283846,1.8593855808334647
894,1.4916589554723498,2.333270376021607
895,1.394150084475111,2.280625992162193
896,1.003412446478104,2.1835492217843178
897,0.34821071521945907,1.9308761430984416
898,0.6399198005310401,2.224927783421002
899,0.8439391131702306,2.0781781605629503
900,0.21673230220867434,1.8817099723735384
901,0.9870601701557664,2.299823740610695
902,0.8761256952769647,2.3009718376096924
903,0.867993936180591,2.229081554662661
904,1.110826621592315,2.125107627189119
905,0.18938810148009635,1.964710965153876
906,1.2856327092325062,2.2952888729877423
907,1.1244751739554888,2.284191121676781
908,1.2896378951168137,2.331005237350955
909,1.36575416183901,2.325172588089668
910,0.5256789233064928,2.0676110017788063
911,0.39538562052317744,2.133359247250544
912,0.8489429554371584,2.21699145202719
913,0.5944518208182669,2.216554550735417
914,0.6292554967046851,2.106498323953672
915,0.7824724727234778,2.2279273557718344
916,1.6372790900718843,2.334903125585075
917,1.116374450123725,2.2984854250246616
918,1.2429196365733273,2.3304814140729952
919,0.6513269570788993,2.3238482469505235
920,1.1240718312029396,2.247264638770017
921,0.48121991950205745,2.1583084740227894
922,0.1518288596590628,1.9674471015240553
923,1.3450282634434414,2.2536848427759595
924,0.7440443536730079,2.136294200348871
925,1.4714038286815931,2.2948111103941238
926,0.542387638443813,2.322626776956452
927,0.31514704305858776,1.9416692700931888
928,0.3556588129111887,2.041621782014123
929,0.364499958555227,2.3384700082248
930,0.4101107772310041,1.9544584059010548
931,0.680002238970256,2.1327123406483777
932,1.2202029250425384,2.1993766069591287
933,1.9683396884210476,2.2908
934,1.0412393896362977,2.2963878011031413
935,1.387604053743692,2.295678381548812
936,0.6684650601697112,2.235381176421941
937,1.1815250547525549,2.297811160205371
938,0.7365981131293757,2.2333591738233314
939,0.6393374957985118,2.118243790515348
940,0.14721475116498212,1.8265072677871457
941,1.8524895589975845,2.2857802288594713
942,0.11454911953593763,1.8240394665521298
943,1.2497047709525078,2.1264026385938126
944,1.2769824313426765,2.296823240735657
945,0.5711479759312498,2.127730719154913
946,1.0676385180016228,2.3285160940256047
947,0.3693181634282943,1.912885427694591
948,0.9323512990304268,2.200820094095195
949,0.21123547231667364,1.888157874180005
950,0.9939820548708523,2.290090107856725
951,1.0900174947468124,2.2575336900129535
952,0.3882126771538573,2.263756526469525
953,0.8764987939904575,2.1200491104552226
954,0.43813577533214043,2.029091102104692
955,1.1057243337244225,2.3289431269985292
956,0.3776356890095197,2.0978273303164072
957,0.2768818060422964,2.0256168828510734
958,0.5246793900195825,2.156315670879394
959,0.7448753682338196,2.3248971481062353
960,0.9456490258946805,2.255996900633017
961,1.3009080821825245,2.2825832469545433
962,0.8000291245929996,2.2841148338572648
963,0.3168218766020337,1.9658992930218233
964,0.5139030282202636,2.202580708179044
965,0.3955545222082665,2.056783908106003
966,0.5834031902107737,2.1594954817613017
967,1.0457047678158784,2.3282701642910975
968,1.1411282978759847,2.234634715092748
969,0.6717622201875301,2.2452115099755052
970,0.15587117281912566,1.9100292460457688
971,0.23672698348632867,2.1276336682725017
972,0.2578150238975452,2.051264093112733
973,0.6488521006335012,2.0946034107035434
974,0.19908886765239672,1.9349646762109551
975,0.7040487270293428,2.2308082474882736
976,0.7984605918891667,2.190140009409903
977,0.6212722279120899,2.3235112616423983
978,0.32313743638090997,2.0032163433093304
979,1.2522480998168106,2.2674857971589186
980,0.650662676557972,2.260278368925577
981,1.75257175938021,2.291901211935578
982,1.9279584344996334,2.2842702091403106
983,0.9024554953638657,2.185422663296636
984,0.8105174923961136,2.303661493678331
985,1.1788563142656547,2.297838779869569
986,1.3451122514507834,2.328336122146244
987,0.5476290669808603,2.060805106556538
988,1.123016071136189,2.2042249744309603
989,1.6478857454913638,2.2281279793767
990,0.8881252295412323,2.300847650522736
991,0.4058878553781588,2.05704539219741
992,1.2818703602141066,2.2967726539683357
993,0.88941397332702965,2.300834312893703
994,1.4828744365749087,2.252389064606032
995,1.2893278101015981,2.3310017605572093
996,0.8102939163493541,2.3256306463011938
997,2.006427702669838,2.2908
998,0.5887490388663914,2.1744099308450413
999,0.3329318341191695,2.1617573039431153
1000,1.1125558835231968,2.298524944613674
