parameter,srrc,p_value,abs_srrc,family,label,significant
x_rnkssp_u,0.7640018863872624,0,0.7640018863872624,SSP choice,ssp_u,TRUE
x_rnkintensity_buildings_nonMetallic_global,0.2762555110147637,6.053789211734922e-115,0.2762555110147637,Intensity,intensity_buildings_nonMetallic_global,TRUE
x_rnkintensity_civil_nonMetallic_global,0.2333115068048107,1.8298379101647572e-88,0.2333115068048107,Intensity,intensity_civil_nonMetallic_global,TRUE
x_rnkintensity_crops_global,0.1798623727838242,2.9023151930219596e-56,0.1798623727838242,Intensity,intensity_crops_global,TRUE
x_rnkgrade_ore_nonfe,-0.16198124827498098,1.4238922936473715e-47,0.16198124827498098,Other,grade_ore_nonfe,TRUE
x_rnkintensity_oil_global,0.15762895843410565,1.0674772349139767e-44,0.15762895843410565,Intensity,intensity_oil_global,TRUE
x_rnkdowncycling,-0.13361232140349802,4.698330085513633e-34,0.13361232140349802,Other,downcycling,TRUE
x_rnkrecycling_rate_nonfe,-0.11680477152431322,5.952665249684763e-27,0.11680477152431322,Other,recycling_rate_nonfe,TRUE
x_rnklifetime_mean_civil_infrastructure,-0.07859646341935386,3.070712228861886e-13,0.07859646341935386,Lifetime,lifetime_mean_civil_infrastructure,TRUE
x_rnkintensity_coal_global,0.07402527833945355,4.954684998341207e-12,0.07402527833945355,Intensity,intensity_coal_global,TRUE
x_rnklifetime_mean_buildings,-0.0624409744574086,3.997844985161266e-9,0.0624409744574086,Lifetime,lifetime_mean_buildings,TRUE
x_rnkintensity_civil_metalOres_global,0.058734964700870654,3.2419234229947504e-8,0.058734964700870654,Intensity,intensity_civil_metalOres_global,TRUE
x_rnkrecycling_rate_fe,-0.0447205401561581,2.2290377223862862e-5,0.0447205401561581,Other,recycling_rate_fe,TRUE
x_rnkgrade_ore_fe,-0.04393951183987307,3.403694381639089e-5,0.04393951183987307,Other,grade_ore_fe,TRUE
x_rnkintensity_buildings_metalOres_global,0.043588261466076875,3.668147206220851e-5,0.043588261466076875,Intensity,intensity_buildings_metalOres_global,TRUE
x_rnkintensity_grazed_biomass_global,0.04243799658745438,6.308372148515372e-5,0.04243799658745438,Intensity,intensity_grazed_biomass_global,TRUE
x_rnkintensity_gas_global,0.03836678540050925,3.002059576643723e-4,0.03836678540050925,Intensity,intensity_gas_global,TRUE
x_rnkintensity_machinery_metalOres_global,0.0338592320123941,0.0014637796342405291,0.0338592320123941,Intensity,intensity_machinery_metalOres_global,TRUE
x_rnktarget_year,0.02743552451844938,0.009801551873934757,0.02743552451844938,Intensity,target_year,TRUE
x_rnkintensity_wood_global,0.02414772010118137,0.022471258002798897,0.02414772010118137,Intensity,intensity_wood_global,TRUE
x_rnkmax_secondary_build_civil,-0.02056543596025338,0.05139200382646905,0.02056543596025338,Other,max_secondary_build_civil,FALSE
x_rnklifetime_mean_machinery,-0.020417336530797848,0.05253465403481611,0.020417336530797848,Lifetime,lifetime_mean_machinery,FALSE
x_rnkshare_granular_road,-0.01649242888166537,0.11844246198997324,0.01649242888166537,Other,share_granular_road,FALSE
x_rnkintensity_sl_products_metalOres_global,0.014529592595327805,0.16857475552794693,0.014529592595327805,Intensity,intensity_sl_products_metalOres_global,FALSE
x_rnkmax_secondary_roads,0.0136658047228259,0.1960715281442133,0.0136658047228259,Other,max_secondary_roads,FALSE
x_rnkrecyc_convergence_yr,-0.00982965194530788,0.3494213481347961,0.00982965194530788,Other,recyc_convergence_yr,FALSE
x_rnklifetime_mean_short_lived,0.008678815543555823,0.4113651970553318,0.008678815543555823,Lifetime,lifetime_mean_short_lived,FALSE
x_rnkshare_agg_concrete,0.006324404156770169,0.5479187570170285,0.006324404156770169,Other,share_agg_concrete,FALSE
x_rnklifetime_k_buildings,0.005099324320916552,0.6276879580470689,0.005099324320916552,Lifetime,lifetime_k_buildings,FALSE
x_rnklifetime_k_machinery,0.0032621023362445624,0.7571856750054868,0.0032621023362445624,Lifetime,lifetime_k_machinery,FALSE
x_rnklifetime_k_short_lived,-0.002505210774392437,0.812415731452998,0.002505210774392437,Lifetime,lifetime_k_short_lived,FALSE
x_rnkshare_concrete_civil,-0.0018476549675888122,0.8613168168446936,0.0018476549675888122,Other,share_concrete_civil,FALSE
x_rnklifetime_k_civil_infrastructure,-4.271791131802375e-4,0.967701067993751,4.271791131802375e-4,Lifetime,lifetime_k_civil_infrastructure,FALSE
x_rnkshare_concrete_buildings,-1.2319531728457162e-4,0.9907430933875189,1.2319531728457162e-4,Other,share_concrete_buildings,FALSE
