ISO3,year,population
AFG,1970,11150329
AFG,1971,11429926
AFG,1972,11705409
AFG,1973,12001983
AFG,1974,12314016
AFG,1975,12624237
AFG,1976,12923671
AFG,1977,13196031
AFG,1978,13485482
AFG,1979,13737400
AFG,1980,13573734
AFG,1981,12764889
AFG,1982,11110273
AFG,1983,10872483
AFG,1984,10963481
AFG,1985,11416962
AFG,1986,11436742
AFG,1987,11403405
AFG,1988,11372232
AFG,1989,11674364
AFG,1990,12073812
AFG,1991,12017508
AFG,1992,12460250
AFG,1993,14097697
AFG,1994,15788647
AFG,1995,16712942
AFG,1996,17418729
AFG,1997,18107803
AFG,1998,18796380
AFG,1999,19523611
AFG,2000,20251958
AFG,2001,20008696
AFG,2002,20559918
AFG,2003,22196316
AFG,2004,23269782
AFG,2005,23851525
AFG,2006,24957609
AFG,2007,25890580
AFG,2008,25929124
AFG,2009,27036120
AFG,2010,27896081
AFG,2011,28672096
AFG,2012,30023320
AFG,2013,31096748
AFG,2014,32148660
AFG,2015,33436386
AFG,2016,34227141
AFG,2017,35174083
AFG,2018,36203786
AFG,2019,37282292
AFG,2020,38429950
AFG,2021,39708008
AFG,2022,40292816
AFG,2023,40864868
AFG,2024,42044654
AGO,1970,5794161
AGO,1971,5911415
AGO,1972,6070789
AGO,1973,6277736
AGO,1974,6499320
AGO,1975,6727414
AGO,1976,6958479
AGO,1977,7190850
AGO,1978,7444809
AGO,1979,7708658
AGO,1980,7985756
AGO,1981,8281986.999999999
AGO,1982,8589227
AGO,1983,8914070
AGO,1984,9251895
AGO,1985,9599940
AGO,1986,9958299
AGO,1987,10320600
AGO,1988,10675115
AGO,1989,11047467
AGO,1990,11429657
AGO,1991,11823062
AGO,1992,12223995
AGO,1993,12623430
AGO,1994,13030839
AGO,1995,13468690
AGO,1996,13930866
AGO,1997,14411080
AGO,1998,14909745
AGO,1999,15408995
AGO,2000,15925474
AGO,2001,16464262.999999998
AGO,2002,17030152
AGO,2003,17625247
AGO,2004,18262177
AGO,2005,18938669
AGO,2006,19643652
AGO,2007,20386906
AGO,2008,21170217
AGO,2009,21987093
AGO,2010,22842454
AGO,2011,23747196
AGO,2012,24689507
AGO,2013,25665281
AGO,2014,26665959
AGO,2015,27655580
AGO,2016,28660016
AGO,2017,29706124
AGO,2018,30763554
AGO,2019,31830756
AGO,2020,32920509
AGO,2021,33981756
AGO,2022,35083102
AGO,2023,36186956
AGO,2024,37312856
ALB,1970,2154468
ALB,1971,2207971
ALB,1972,2262013
ALB,1973,2316518
ALB,1974,2371692
ALB,1975,2427110
ALB,1976,2482608
ALB,1977,2538552
ALB,1978,2594647
ALB,1979,2654595
ALB,1980,2708174
ALB,1981,2762658
ALB,1982,2818168
ALB,1983,2875647
ALB,1984,2934613
ALB,1985,2995303
ALB,1986,3057180
ALB,1987,3118124
ALB,1988,3179553
ALB,1989,3246285
ALB,1990,3274462
ALB,1991,3281470
ALB,1992,3283735
ALB,1993,3281267
ALB,1994,3274382
ALB,1995,3264437
ALB,1996,3252697
ALB,1997,3238659
ALB,1998,3220660
ALB,1999,3199605
ALB,2000,3177586
ALB,2001,3154709
ALB,2002,3141178
ALB,2003,3127006
ALB,2004,3109169
ALB,2005,3088146
ALB,2006,3064172
ALB,2007,3037445
ALB,2008,3008329
ALB,2009,2977532
ALB,2010,2945427
ALB,2011,2912016
ALB,2012,2910992
ALB,2013,2909016
ALB,2014,2906129
ALB,2015,2901370
ALB,2016,2895894
ALB,2017,2899839
ALB,2018,2896646
ALB,2019,2891816
ALB,2020,2878203
ALB,2021,2865704
ALB,2022,2833567
ALB,2023,2821649
ALB,2024,2801661
ARE,1970,262678
ARE,1971,310393
ARE,1972,359661
ARE,1973,410366
ARE,1974,462431
ARE,1975,515741.99999999994
ARE,1976,569971
ARE,1977,661761
ARE,1978,758657
ARE,1979,859891
ARE,1980,964130
ARE,1981,1067270
ARE,1982,1132440
ARE,1983,1200300
ARE,1984,1270311
ARE,1985,1341681
ARE,1986,1414142
ARE,1987,1520624
ARE,1988,1627864
ARE,1989,1735712
ARE,1990,1843989
ARE,1991,1952451
ARE,1992,2060800.0000000002
ARE,1993,2168660
ARE,1994,2275527
ARE,1995,2380849
ARE,1996,2488476
ARE,1997,2706652
ARE,1998,2928167
ARE,1999,3152676
ARE,2000,3379342
ARE,2001,3607809
ARE,2002,3839372
ARE,2003,4074280
ARE,2004,4310634
ARE,2005,4547300
ARE,2006,4782280
ARE,2007,5235920
ARE,2008,6013349
ARE,2009,6591980
ARE,2010,6822136
ARE,2011,7054590
ARE,2012,7344257
ARE,2013,7649980
ARE,2014,8013714
ARE,2015,8460035
ARE,2016,8889231
ARE,2017,9172515
ARE,2018,9296139
ARE,2019,9397601
ARE,2020,9358094
ARE,2021,9538954
ARE,2022,10039142
ARE,2023,10445031
ARE,2024,10839131
ARG,1970,23689611
ARG,1971,24067043
ARG,1972,24447373
ARG,1973,24841283
ARG,1974,25250727
ARG,1975,25671974
ARG,1976,26076241
ARG,1977,26488325
ARG,1978,26915285
ARG,1979,27349030
ARG,1980,27788760
ARG,1981,28234433
ARG,1982,28693485
ARG,1983,29155038
ARG,1984,29627626
ARG,1985,30098560
ARG,1986,30574321
ARG,1987,31049639
ARG,1988,31533884
ARG,1989,32027180
ARG,1990,32514716
ARG,1991,32997086.000000004
ARG,1992,33463502
ARG,1993,33923553
ARG,1994,34381880
ARG,1995,34845103
ARG,1996,35294937
ARG,1997,35732648
ARG,1998,36162935
ARG,1999,36582785
ARG,2000,37006579
ARG,2001,37421389
ARG,2002,37828262
ARG,2003,38230436
ARG,2004,38618128
ARG,2005,39013703
ARG,2006,39419876
ARG,2007,39824354
ARG,2008,40209172
ARG,2009,40639124
ARG,2010,41070538
ARG,2011,41506849
ARG,2012,41954472
ARG,2013,42368971
ARG,2014,42795940
ARG,2015,43252203
ARG,2016,43701821
ARG,2017,44098806
ARG,2018,44478982
ARG,2019,44830781
ARG,2020,45116150
ARG,2021,45267779
ARG,2022,45356784
ARG,2023,45459024
ARG,2024,45617778
AUS,1970,12398569
AUS,1971,12800253
AUS,1972,13195675
AUS,1973,13414117
AUS,1974,13623253
AUS,1975,13815736
AUS,1976,13972242
AUS,1977,14121268
AUS,1978,14285749
AUS,1979,14448447
AUS,1980,14617623
AUS,1981,14825071
AUS,1982,15073333
AUS,1983,15311637
AUS,1984,15518149
AUS,1985,15723157
AUS,1986,15948338
AUS,1987,16190928
AUS,1988,16453609
AUS,1989,16734589
AUS,1990,17004135
AUS,1991,17248461
AUS,1992,17457924
AUS,1993,17640653
AUS,1994,17805169
AUS,1995,17989698
AUS,1996,18200991
AUS,1997,18409624
AUS,1998,18600201
AUS,1999,18803233
AUS,2000,19016729
AUS,2001,19248213
AUS,2002,19482653
AUS,2003,19708057
AUS,2004,19930852
AUS,2005,20162502
AUS,2006,20426478
AUS,2007,20754641
AUS,2008,21154456
AUS,2009,21586721
AUS,2010,21979301
AUS,2011,22303860
AUS,2012,22655690
AUS,2013,23049598
AUS,2014,23422943
AUS,2015,23768258
AUS,2016,24127746
AUS,2017,24532180
AUS,2018,24929897
AUS,2019,25309514
AUS,2020,25655914
AUS,2021,25831668
AUS,2022,26081167
AUS,2023,26320802
AUS,2024,26581446
AUT,1970,7454391
AUT,1971,7478247
AUT,1972,7521022
AUT,1973,7565496
AUT,1974,7604715
AUT,1975,7591218
AUT,1976,7564442
AUT,1977,7564472
AUT,1978,7570199
AUT,1979,7552210
AUT,1980,7544472
AUT,1981,7552340
AUT,1982,7582772
AUT,1983,7563385
AUT,1984,7558941
AUT,1985,7562488
AUT,1986,7566130
AUT,1987,7572660
AUT,1988,7575971
AUT,1989,7594713
AUT,1990,7646100
AUT,1991,7713149
AUT,1992,7801131
AUT,1993,7884293
AUT,1994,7930698
AUT,1995,7945612
AUT,1996,7955031
AUT,1997,7966798
AUT,1998,7972809
AUT,1999,7984122
AUT,2000,8003663
AUT,2001,8022193
AUT,2002,8062272
AUT,2003,8101001
AUT,2004,8144203
AUT,2005,8202779
AUT,2006,8255629.999999999
AUT,2007,8284166.999999999
AUT,2008,8309736.999999999
AUT,2009,8336768
AUT,2010,8353362.999999999
AUT,2011,8376820
AUT,2012,8409720
AUT,2013,8453482
AUT,2014,8509331
AUT,2015,8586304
AUT,2016,8701773
AUT,2017,8774058
AUT,2018,8823497
AUT,2019,8859804
AUT,2020,8901948
AUT,2021,8940862
AUT,2022,8993251
AUT,2023,9136103
AUT,2024,9124755
BEL,1970,9609358
BEL,1971,9651651
BEL,1972,9681411
BEL,1973,9708295
BEL,1974,9727775
BEL,1975,9743837
BEL,1976,9753115
BEL,1977,9764687
BEL,1978,9783341
BEL,1979,9800293
BEL,1980,9822438
BEL,1981,9843747
BEL,1982,9857591
BEL,1983,9867064
BEL,1984,9871200
BEL,1985,9877973
BEL,1986,9882702
BEL,1987,9891265
BEL,1988,9907028
BEL,1989,9926101
BEL,1990,9947045
BEL,1991,9974891
BEL,1992,10023031
BEL,1993,10068943
BEL,1994,10100918
BEL,1995,10131093
BEL,1996,10143437
BEL,1997,10170502
BEL,1998,10192426
BEL,1999,10213937
BEL,2000,10239426
BEL,2001,10264008
BEL,2002,10310001
BEL,2003,10355945
BEL,2004,10396575
BEL,2005,10446009
BEL,2006,10511762
BEL,2007,10585123
BEL,2008,10665862
BEL,2009,10753553
BEL,2010,10872318
BEL,2011,11000933
BEL,2012,11076330
BEL,2013,11138706
BEL,2014,11181846
BEL,2015,11238392
BEL,2016,11312277
BEL,2017,11353124
BEL,2018,11400037
BEL,2019,11457173
BEL,2020,11524063
BEL,2021,11556151
BEL,2022,11585536
BEL,2023,11698104
BEL,2024,11727682
BGD,1970,68224614
BGD,1971,69893175
BGD,1972,70660342
BGD,1973,72622696
BGD,1974,74821892
BGD,1975,76856803
BGD,1976,78851898
BGD,1977,80858738
BGD,1978,82875789
BGD,1979,84903521
BGD,1980,86966622
BGD,1981,89066241
BGD,1982,91539968
BGD,1983,94089045
BGD,1984,96581264
BGD,1985,99048668
BGD,1986,101458982
BGD,1987,103812162
BGD,1988,106106420
BGD,1989,108325595
BGD,1990,110542003
BGD,1991,112725431
BGD,1992,114848787
BGD,1993,117055596
BGD,1994,119209125
BGD,1995,121477233
BGD,1996,123723507
BGD,1997,126000851
BGD,1998,128395288
BGD,1999,130849375
BGD,2000,133366753.99999999
BGD,2001,135721855
BGD,2002,137889766
BGD,2003,139977550
BGD,2004,141963153
BGD,2005,143842558
BGD,2006,145589014
BGD,2007,147222933
BGD,2008,148755623
BGD,2009,150192904
BGD,2010,151554524
BGD,2011,152849439
BGD,2012,154332712
BGD,2013,155807491
BGD,2014,157256790
BGD,2015,158673067
BGD,2016,160093291
BGD,2017,161530574
BGD,2018,162841719
BGD,2019,164204488
BGD,2020,165621622
BGD,2021,166974426
BGD,2022,168343283
BGD,2023,170426512
BGD,2024,172507468
BOL,1970,4538520
BOL,1971,4641500
BOL,1972,4747185
BOL,1973,4854771
BOL,1974,4965630
BOL,1975,5079321
BOL,1976,5195758
BOL,1977,5317234
BOL,1978,5441098
BOL,1979,5567149
BOL,1980,5694549
BOL,1981,5823252
BOL,1982,5952967
BOL,1983,6083209
BOL,1984,6214912
BOL,1985,6348825
BOL,1986,6483546
BOL,1987,6621412
BOL,1988,6762912
BOL,1989,6908105
BOL,1990,7055428
BOL,1991,7204857
BOL,1992,7355722
BOL,1993,7504950
BOL,1994,7653441
BOL,1995,7801203
BOL,1996,7948148
BOL,1997,8095324
BOL,1998,8240476.000000001
BOL,1999,8386312
BOL,2000,8533299
BOL,2001,8679352
BOL,2002,8826120
BOL,2003,8974591
BOL,2004,9126809
BOL,2005,9281764
BOL,2006,9439743
BOL,2007,9603635
BOL,2008,9768284
BOL,2009,9933431
BOL,2010,10099120
BOL,2011,10265570
BOL,2012,10432288
BOL,2013,10599326
BOL,2014,10765889
BOL,2015,10931888
BOL,2016,11097522
BOL,2017,11262517
BOL,2018,11426658
BOL,2019,11590078
BOL,2020,11752693
BOL,2021,11879906
BOL,2022,11994813
BOL,2023,12159495
BOL,2024,12328824
BRA,1970,94203972
BRA,1971,96547330
BRA,1972,98931217
BRA,1973,101362377
BRA,1974,103839574
BRA,1975,106339777
BRA,1976,108899353
BRA,1977,111527345
BRA,1978,114223240
BRA,1979,116978644
BRA,1980,119782997
BRA,1981,122631924
BRA,1982,125494294
BRA,1983,128352017
BRA,1984,131228136.99999999
BRA,1985,134089590
BRA,1986,136941601
BRA,1987,139731139
BRA,1988,142478749
BRA,1989,145173965
BRA,1990,147831978
BRA,1991,150454468
BRA,1992,152994044
BRA,1993,155556113
BRA,1994,158033041
BRA,1995,160496971
BRA,1996,162973176
BRA,1997,165431922
BRA,1998,167891396
BRA,1999,170427914
BRA,2000,172855172
BRA,2001,175181391
BRA,2002,177421015
BRA,2003,179585952
BRA,2004,181659425
BRA,2005,183690861
BRA,2006,185685342
BRA,2007,187620869
BRA,2008,189483771
BRA,2009,191250832
BRA,2010,192909069
BRA,2011,194494790
BRA,2012,196074679
BRA,2013,197677544
BRA,2014,199279055
BRA,2015,200891199
BRA,2016,202459865
BRA,2017,203976362
BRA,2018,205430528
BRA,2019,206783993
BRA,2020,208126926
BRA,2021,209194759
BRA,2022,209905829
BRA,2023,210707000
BRA,2024,211574458
CAN,1970,21186412
CAN,1971,21693632
CAN,1972,22097750
CAN,1973,22364011
CAN,1974,22660442
CAN,1975,22987722
CAN,1976,23310251
CAN,1977,23601311
CAN,1978,23859369
CAN,1979,24098108
CAN,1980,24376237
CAN,1981,24691315
CAN,1982,24998632
CAN,1983,25281696
CAN,1984,25543520
CAN,1985,25797230
CAN,1986,26057701
CAN,1987,26364361
CAN,1988,26717480
CAN,1989,27138409
CAN,1990,27593691
CAN,1991,27985194
CAN,1992,28329121
CAN,1993,28670998
CAN,1994,28990276
CAN,1995,29304487
CAN,1996,29613776
CAN,1997,29920635
CAN,1998,30197543
CAN,1999,30462396
CAN,2000,30736515
CAN,2001,31047091
CAN,2002,31380063
CAN,2003,31691092
CAN,2004,31981872
CAN,2005,32283483
CAN,2006,32596863
CAN,2007,32921479
CAN,2008,33262864
CAN,2009,33635306
CAN,2010,34017435
CAN,2011,34376362
CAN,2012,34734543
CAN,2013,35110489
CAN,2014,35476376
CAN,2015,35792151
CAN,2016,36132317
CAN,2017,36574369
CAN,2018,37042624
CAN,2019,37547386
CAN,2020,38018483
CAN,2021,38325321
CAN,2022,38582793
CAN,2023,39059725
CAN,2024,39538484
CHE,1970,6168681
CHE,1971,6193163
CHE,1972,6233898
CHE,1973,6288263
CHE,1974,6326542
CHE,1975,6356211
CHE,1976,6320988
CHE,1977,6284121
CHE,1978,6278598
CHE,1979,6285479
CHE,1980,6303950
CHE,1981,6335743
CHE,1982,6373370
CHE,1983,6410238
CHE,1984,6428384
CHE,1985,6456460
CHE,1986,6485453
CHE,1987,6524047
CHE,1988,6567498
CHE,1989,6620788
CHE,1990,6674789
CHE,1991,6751557
CHE,1992,6842328
CHE,1993,6907773
CHE,1994,6968439
CHE,1995,7018736
CHE,1996,7062219
CHE,1997,7081548
CHE,1998,7096777
CHE,1999,7123805
CHE,2000,7164437
CHE,2001,7203576
CHE,2002,7249205
CHE,2003,7308299
CHE,2004,7358595
CHE,2005,7409794
CHE,2006,7453852
CHE,2007,7503166
CHE,2008,7587596
CHE,2009,7695860
CHE,2010,7779430
CHE,2011,7872077
CHE,2012,7956666
CHE,2013,8041187
CHE,2014,8141217
CHE,2015,8239254.000000001
CHE,2016,8328614
CHE,2017,8421188
CHE,2018,8486068
CHE,2019,8546621
CHE,2020,8608427
CHE,2021,8672736
CHE,2022,8741311
CHE,2023,8843053
CHE,2024,8898069
CHL,1970,9763176
CHL,1971,9927512
CHL,1972,10091890
CHL,1973,10257466
CHL,1974,10423257
CHL,1975,10588377
CHL,1976,10754742
CHL,1977,10921760
CHL,1978,11089278
CHL,1979,11256113
CHL,1980,11423444
CHL,1981,11593656
CHL,1982,11763777
CHL,1983,11936651
CHL,1984,12115624
CHL,1985,12299841
CHL,1986,12490708
CHL,1987,12687119
CHL,1988,12893182
CHL,1989,13105665
CHL,1990,13324345
CHL,1991,13550007
CHL,1992,13774975
CHL,1993,13994180
CHL,1994,14210372
CHL,1995,14422140
CHL,1996,14632623
CHL,1997,14835468
CHL,1998,15029401
CHL,1999,15226197
CHL,2000,15412428
CHL,2001,15594842
CHL,2002,15772856
CHL,2003,15942995
CHL,2004,16106508
CHL,2005,16268135
CHL,2006,16429419.999999998
CHL,2007,16588969.000000002
CHL,2008,16754192
CHL,2009,16923784
CHL,2010,17095677
CHL,2011,17267251
CHL,2012,17436380
CHL,2013,17601858
CHL,2014,17772155
CHL,2015,17956235
CHL,2016,18139016
CHL,2017,18395427
CHL,2018,18722308
CHL,2019,19064074
CHL,2020,19331414
CHL,2021,19409834
CHL,2022,19502834
CHL,2023,19603239
CHL,2024,19714431
CHN,1970,812550133
CHN,1971,834067801
CHN,1972,854071933
CHN,1973,873283695
CHN,1974,891870197
CHN,1975,908744967
CHN,1976,923488619
CHN,1977,937255966
CHN,1978,949836783
CHN,1979,962486186
CHN,1980,976089953
CHN,1981,990237132
CHN,1982,1005205011
CHN,1983,1021971348
CHN,1984,1036158564
CHN,1985,1051540712
CHN,1986,1068074929
CHN,1987,1086392285
CHN,1988,1106042607
CHN,1989,1124445724
CHN,1990,1143536292
CHN,1991,1163629156
CHN,1992,1177947900
CHN,1993,1191200574
CHN,1994,1203416576
CHN,1995,1214589617
CHN,1996,1225678238
CHN,1997,1236211386
CHN,1998,1246067858
CHN,1999,1255626395
CHN,2000,1264726915
CHN,2001,1274435436
CHN,2002,1283014689
CHN,2003,1290718988
CHN,2004,1298315664
CHN,2005,1305884967
CHN,2006,1314169304
CHN,2007,1321938768
CHN,2008,1329688395
CHN,2009,1337953637
CHN,2010,1347091795
CHN,2011,1356031233
CHN,2012,1364470096
CHN,2013,1374571633
CHN,2014,1383444448
CHN,2015,1392459496
CHN,2016,1399808851
CHN,2017,1408296413
CHN,2018,1416413041
CHN,2019,1421604871
CHN,2020,1425435844
CHN,2021,1426776342
CHN,2022,1426098192
CHN,2023,1424260946
CHN,2024,1420908919
CMR,1970,6364622
CMR,1971,6534964
CMR,1972,6713853
CMR,1973,6899891
CMR,1974,7093429
CMR,1975,7293738
CMR,1976,7500503
CMR,1977,7695420
CMR,1978,7897582
CMR,1979,8126260
CMR,1980,8353022.999999999
CMR,1981,8671414
CMR,1982,8961339
CMR,1983,9096017
CMR,1984,9334777
CMR,1985,9615379
CMR,1986,9908081
CMR,1987,10212603
CMR,1988,10528896
CMR,1989,10841040
CMR,1990,11164450
CMR,1991,11499192
CMR,1992,11835168
CMR,1993,12177539
CMR,1994,12528723
CMR,1995,12881083
CMR,1996,13235949
CMR,1997,13593566
CMR,1998,13956862
CMR,1999,14332857
CMR,2000,14717424
CMR,2001,15107838
CMR,2002,15511143
CMR,2003,15939912
CMR,2004,16380768
CMR,2005,16840207
CMR,2006,17308981
CMR,2007,17791832
CMR,2008,18307960
CMR,2009,18840153
CMR,2010,19387794
CMR,2011,19948338
CMR,2012,20516269
CMR,2013,21102789
CMR,2014,21701963
CMR,2015,22417823
CMR,2016,23109006
CMR,2017,23799317
CMR,2018,24457885
CMR,2019,25154881
CMR,2020,25857309
CMR,2021,26563807
CMR,2022,27267710
CMR,2023,27997833
CMR,2024,28747541
COD,1970,19851225
COD,1971,20423647
COD,1972,20967490
COD,1973,21534830
COD,1974,22120500
COD,1975,22717257
COD,1976,23324944
COD,1977,23923117
COD,1978,24535006
COD,1979,25450372
COD,1980,26323192
COD,1981,27099005
COD,1982,27902025
COD,1983,28774354
COD,1984,29727571
COD,1985,30762591
COD,1986,31767041
COD,1987,32763351
COD,1988,33834457
COD,1989,34931047
COD,1990,36042685
COD,1991,37325442
COD,1992,38526193
COD,1993,39931627
COD,1994,41381046
COD,1995,43872705
COD,1996,44994704
COD,1997,45597543
COD,1998,46462261
COD,1999,48132939
COD,2000,49693003
COD,2001,51321880
COD,2002,52943412
COD,2003,54557637
COD,2004,56130097
COD,2005,57865385
COD,2006,59686064
COD,2007,61545751
COD,2008,63409753
COD,2009,65371574
COD,2010,67452514
COD,2011,69673561
COD,2012,72025062
COD,2013,74484175
COD,2014,77094615
COD,2015,79711869
COD,2016,82359193
COD,2017,85553637
COD,2018,88613159
COD,2019,91482128
COD,2020,94412756
COD,2021,97567240
COD,2022,100730624
COD,2023,104063312
COD,2024,107516151
COL,1970,20553112
COL,1971,21070452
COL,1972,21567741
COL,1973,22071385
COL,1974,22579363
COL,1975,23087575
COL,1976,23601714
COL,1977,24115907
COL,1978,24671081
COL,1979,25229592
COL,1980,25801660
COL,1981,26407335
COL,1982,27019199
COL,1983,27657462
COL,1984,28318884
COL,1985,28966495
COL,1986,29570446
COL,1987,30187779
COL,1988,30811156
COL,1989,31449892
COL,1990,32102665
COL,1991,32777472
COL,1992,33419273
COL,1993,34101870
COL,1994,34781076
COL,1995,35473743
COL,1996,36135582
COL,1997,36789908
COL,1998,37452391
COL,1999,38131939
COL,2000,38777787
COL,2001,39402081
COL,2002,40016444
COL,2003,40632916
COL,2004,41241942
COL,2005,41844401
COL,2006,42413553
COL,2007,42968614
COL,2008,43502133
COL,2009,44015484
COL,2010,44527597
COL,2011,45027041
COL,2012,45492187
COL,2013,45939433
COL,2014,46363736
COL,2015,46767121
COL,2016,47172760
COL,2017,47702264
COL,2018,48559892
COL,2019,49489039
COL,2020,50326931
COL,2021,50933064
COL,2022,51443283
COL,2023,52032604
COL,2024,52609701
CUB,1970,8745707
CUB,1971,8903058
CUB,1972,9055112
CUB,1973,9192670
CUB,1974,9317987
CUB,1975,9430378
CUB,1976,9529073
CUB,1977,9613410
CUB,1978,9683469
CUB,1979,9740491
CUB,1980,9786220
CUB,1981,9823371
CUB,1982,9875270
CUB,1983,9950091
CUB,1984,10031961
CUB,1985,10114637
CUB,1986,10199818
CUB,1987,10288676
CUB,1988,10382008
CUB,1989,10483161
CUB,1990,10583325
CUB,1991,10680274
CUB,1992,10755006
CUB,1993,10816597
CUB,1994,10865465
CUB,1995,10906577
CUB,1996,10944147
CUB,1997,10979873
CUB,1998,11015995
CUB,1999,11053430
CUB,2000,11091031
CUB,2001,11127186
CUB,2002,11161078
CUB,2003,11193758
CUB,2004,11225009
CUB,2005,11252503
CUB,2006,11272605
CUB,2007,11284496
CUB,2008,11290049
CUB,2009,11293474
CUB,2010,11295965
CUB,2011,11298853
CUB,2012,11304289
CUB,2013,11302062
CUB,2014,11294273
CUB,2015,11277278
CUB,2016,11272851
CUB,2017,11258373
CUB,2018,11237285
CUB,2019,11216950
CUB,2020,11188743
CUB,2021,11163965
CUB,2022,11080372
CUB,2023,11039268
CUB,2024,11000593
CZE,1970,9794185
CZE,1971,9808318
CZE,1972,9837240
CZE,1973,9878896
CZE,1974,9933524
CZE,1975,9998373
CZE,1976,10063176
CZE,1977,10122700
CZE,1978,10176031
CZE,1979,10225468
CZE,1980,10266844
CZE,1981,10283962
CZE,1982,10295065
CZE,1983,10302952
CZE,1984,10302935
CZE,1985,10304702
CZE,1986,10305587
CZE,1987,10303160
CZE,1988,10303678
CZE,1989,10307221
CZE,1990,10303989
CZE,1991,10299988
CZE,1992,10308865
CZE,1993,10316031
CZE,1994,10324765
CZE,1995,10319894
CZE,1996,10304191
CZE,1997,10288065
CZE,1998,10272037
CZE,1999,10258816
CZE,2000,10243940
CZE,2001,10229668
CZE,2002,10234204
CZE,2003,10244732
CZE,2004,10253092
CZE,2005,10269807
CZE,2006,10290498
CZE,2007,10318679
CZE,2008,10356407
CZE,2009,10400178
CZE,2010,10441791
CZE,2011,10486280
CZE,2012,10504742
CZE,2013,10509928
CZE,2014,10512397
CZE,2015,10522054
CZE,2016,10526779
CZE,2017,10537117
CZE,2018,10545566
CZE,2019,10552308
CZE,2020,10557442
CZE,2021,10542817
CZE,2022,10518548
CZE,2023,10827878
CZE,2024,10791554
DEU,1970,78306962
DEU,1971,78103243
DEU,1972,78588501
DEU,1973,78851336
DEU,1974,79082607
DEU,1975,78910778
DEU,1976,78492952
DEU,1977,78236058
DEU,1978,78135060
DEU,1979,78095659
DEU,1980,78200143
DEU,1981,78430607
DEU,1982,78465473
DEU,1983,78321876
DEU,1984,78126391
DEU,1985,77870006
DEU,1986,77856842
DEU,1987,77990773
DEU,1988,78133875
DEU,1989,78638110
DEU,1990,79376020
DEU,1991,80039898
DEU,1992,80566494
DEU,1993,81303302
DEU,1994,81670243
DEU,1995,81876990
DEU,1996,82162791
DEU,1997,82363588
DEU,1998,82415688
DEU,1999,81608190
DEU,2000,81748384
DEU,2001,81846133
DEU,2002,82021636
DEU,2003,82115017
DEU,2004,82108214
DEU,2005,82077203
DEU,2006,82016258
DEU,2007,81387684
DEU,2008,81209401
DEU,2009,81012152
DEU,2010,80858414
DEU,2011,80803434
DEU,2012,80912313
DEU,2013,80920468
DEU,2014,81162695
DEU,2015,81589465
DEU,2016,82565636
DEU,2017,82954569
DEU,2018,83253445
DEU,2019,83483566
DEU,2020,83634807
DEU,2021,83622610
DEU,2022,83771555
DEU,2023,84400899
DEU,2024,84695563
DNK,1970,4906853
DNK,1971,4950484
DNK,1972,4975640
DNK,1973,5007506
DNK,1974,5036005
DNK,1975,5055260
DNK,1976,5065541
DNK,1977,5080068
DNK,1978,5097075
DNK,1979,5111612
DNK,1980,5122105
DNK,1981,5124057
DNK,1982,5119201
DNK,1983,5116586
DNK,1984,5112349
DNK,1985,5111312
DNK,1986,5116447
DNK,1987,5124929
DNK,1988,5129336
DNK,1989,5129944
DNK,1990,5135486
DNK,1991,5146564
DNK,1992,5162125
DNK,1993,5180609
DNK,1994,5196665
DNK,1995,5215714
DNK,1996,5251006
DNK,1997,5275130
DNK,1998,5294940
DNK,1999,5313584
DNK,2000,5330035
DNK,2001,5349282
DNK,2002,5368374
DNK,2003,5383544
DNK,2004,5397697
DNK,2005,5411499
DNK,2006,5427610
DNK,2007,5447230
DNK,2008,5475984
DNK,2009,5511543
DNK,2010,5534803
DNK,2011,5560922
DNK,2012,5580776
DNK,2013,5603057
DNK,2014,5627608
DNK,2015,5659980
DNK,2016,5707422
DNK,2017,5748980
DNK,2018,5781356
DNK,2019,5806293
DNK,2020,5822944
DNK,2021,5840116
DNK,2022,5873437
DNK,2023,5932370
DNK,2024,5963903
DZA,1970,13628963
DZA,1971,13938476
DZA,1972,14259396
DZA,1973,14594747
DZA,1974,14947548
DZA,1975,15319456
DZA,1976,16037736
DZA,1977,16780604
DZA,1978,17251383
DZA,1979,17762564
DZA,1980,18310745
DZA,1981,18903603
DZA,1982,19537806
DZA,1983,20206890
DZA,1984,20909341
DZA,1985,21634597
DZA,1986,22382492
DZA,1987,23108505
DZA,1988,23778743
DZA,1989,24440328
DZA,1990,25068643
DZA,1991,25682977
DZA,1992,26292878
DZA,1993,26964257
DZA,1994,27589839
DZA,1995,28184718
DZA,1996,28755663
DZA,1997,29310426
DZA,1998,29848175
DZA,1999,30260091
DZA,2000,30688616
DZA,2001,31119169
DZA,2002,31543274
DZA,2003,31958395
DZA,2004,32393240
DZA,2005,32863332.000000004
DZA,2006,33355165.999999996
DZA,2007,33891846
DZA,2008,34486986
DZA,2009,35146936
DZA,2010,35833954
DZA,2011,36542517
DZA,2012,37264234
DZA,2013,38028098
DZA,2014,38800245
DZA,2015,39609816
DZA,2016,40429242
DZA,2017,41272200
DZA,2018,42106398
DZA,2019,42903672
DZA,2020,43685420
DZA,2021,44398762
DZA,2022,45123436
DZA,2023,45831343
DZA,2024,46497095
ECU,1970,6064174
ECU,1971,6246600
ECU,1972,6433504
ECU,1973,6624564
ECU,1974,6819503
ECU,1975,7017642
ECU,1976,7218859
ECU,1977,7422965
ECU,1978,7630673
ECU,1979,7841661
ECU,1980,8056077
ECU,1981,8275677
ECU,1982,8498143
ECU,1983,8724452
ECU,1984,8956383
ECU,1985,9193181
ECU,1986,9429126
ECU,1987,9662870
ECU,1988,9895709
ECU,1989,10125906
ECU,1990,10357798
ECU,1991,10589548
ECU,1992,10815213
ECU,1993,11045042
ECU,1994,11263506
ECU,1995,11480888
ECU,1996,11700141
ECU,1997,11921758
ECU,1998,12140495
ECU,1999,12361874
ECU,2000,12579716
ECU,2001,12798695
ECU,2002,13022786
ECU,2003,13254158
ECU,2004,13490453
ECU,2005,13726950
ECU,2006,13965375
ECU,2007,14206888
ECU,2008,14450658
ECU,2009,14699747
ECU,2010,14952162
ECU,2011,15201228
ECU,2012,15451225
ECU,2013,15693163
ECU,2014,15921092
ECU,2015,16149157
ECU,2016,16383293
ECU,2017,16626984
ECU,2018,16892055
ECU,2019,17207038
ECU,2020,17473005
ECU,2021,17619124
ECU,2022,17745785
ECU,2023,17902009
ECU,2024,18058157
EGY,1970,34220545
EGY,1971,35027434
EGY,1972,35839301
EGY,1973,36677355
EGY,1974,37526730
EGY,1975,38412604
EGY,1976,39338049
EGY,1977,40253065
EGY,1978,41244674
EGY,1979,42278188
EGY,1980,43359068
EGY,1981,44541758
EGY,1982,45752690
EGY,1983,47062532
EGY,1984,48510272
EGY,1985,49984397
EGY,1986,51485539
EGY,1987,52927051
EGY,1988,54421818
EGY,1989,55953545
EGY,1990,57467739
EGY,1991,59325497
EGY,1992,60732498
EGY,1993,62228823
EGY,1994,63602538
EGY,1995,64968640
EGY,1996,66336604.99999999
EGY,1997,67719491
EGY,1998,69143990
EGY,1999,70742598
EGY,2000,72299310
EGY,2001,73867258
EGY,2002,75436800
EGY,2003,77041474
EGY,2004,78665622
EGY,2005,80289265
EGY,2006,81912742
EGY,2007,83488064
EGY,2008,85064386
EGY,2009,86665193
EGY,2010,88338078
EGY,2011,90054067
EGY,2012,92132051
EGY,2013,94189952
EGY,2014,96477154
EGY,2015,98580154
EGY,2016,100614530
EGY,2017,102674648
EGY,2018,104717467
EGY,2019,106646720
EGY,2020,108459596
EGY,2021,110170651
EGY,2022,111743365
EGY,2023,113493134
EGY,2024,115578409
ESP,1970,33653306
ESP,1971,33972140
ESP,1972,34342762
ESP,1973,34736972
ESP,1974,35116075
ESP,1975,35607448
ESP,1976,35984090
ESP,1977,36368470
ESP,1978,36734070
ESP,1979,37075865
ESP,1980,37384880
ESP,1981,37690249
ESP,1982,37935176
ESP,1983,38159027
ESP,1984,38347461
ESP,1985,38527504
ESP,1986,38675138
ESP,1987,38796273
ESP,1988,38907746
ESP,1989,38996782
ESP,1990,39062333
ESP,1991,39107625
ESP,1992,39295893
ESP,1993,39544798
ESP,1994,39758444
ESP,1995,39958997
ESP,1996,40146478
ESP,1997,40328266
ESP,1998,40519386
ESP,1999,40715495
ESP,2000,40910218
ESP,2001,41129331
ESP,2002,41361868
ESP,2003,42149540
ESP,2004,42863546
ESP,2005,43605586
ESP,2006,44312184
ESP,2007,45078711
ESP,2008,45954303
ESP,2009,46515805
ESP,2010,46754555
ESP,2011,46926388
ESP,2012,47069697
ESP,2013,46966948
ESP,2014,46753830
ESP,2015,46686545
ESP,2016,46680827
ESP,2017,46784715
ESP,2018,46952476
ESP,2019,47233166
ESP,2020,47637072
ESP,2021,47721906
ESP,2022,47749421
ESP,2023,47907344
ESP,2024,47915815
ETH,1970,27444423
ETH,1971,28213833
ETH,1972,28986379
ETH,1973,29762838
ETH,1974,30570732
ETH,1975,31343814
ETH,1976,32102691
ETH,1977,32966146
ETH,1978,33368398
ETH,1979,34100787
ETH,1980,34376517
ETH,1981,34480512
ETH,1982,36127512
ETH,1983,37275068
ETH,1984,38206566
ETH,1985,39264878
ETH,1986,40419394
ETH,1987,41655917
ETH,1988,43264162
ETH,1989,45037489
ETH,1990,46721892
ETH,1991,48497617
ETH,1992,50936779
ETH,1993,52770716
ETH,1994,54647067
ETH,1995,56575949
ETH,1996,58498721
ETH,1997,60436550
ETH,1998,62372527
ETH,1999,64354521
ETH,2000,66394600.99999999
ETH,2001,68428387
ETH,2002,70547137
ETH,2003,72723897
ETH,2004,74941429
ETH,2005,77212983
ETH,2006,79521958
ETH,2007,81885022
ETH,2008,84321413
ETH,2009,86765923
ETH,2010,89249350
ETH,2011,91827677
ETH,2012,94472263
ETH,2013,97125271
ETH,2014,99752231
ETH,2015,102478988
ETH,2016,105255281
ETH,2017,108181043
ETH,2018,111151919
ETH,2019,114176386
ETH,2020,117298379
ETH,2021,120536964
ETH,2022,123740213
ETH,2023,127028360
ETH,2024,130355024
FIN,1970,4614187
FIN,1971,4598423
FIN,1972,4625832
FIN,1973,4653265
FIN,1974,4678564
FIN,1975,4702146
FIN,1976,4720190
FIN,1977,4730483
FIN,1978,4746686
FIN,1979,4757806
FIN,1980,4771072
FIN,1981,4787627
FIN,1982,4812069
FIN,1983,4841695
FIN,1984,4869880
FIN,1985,4893771
FIN,1986,4910750
FIN,1987,4925760
FIN,1988,4938753
FIN,1989,4954504
FIN,1990,4974549
FIN,1991,4998601
FIN,1992,5029159
FIN,1993,5055137
FIN,1994,5078043
FIN,1995,5098874
FIN,1996,5116971
FIN,1997,5132462
FIN,1998,5147388
FIN,1999,5159708
FIN,2000,5171324
FIN,2001,5181079
FIN,2002,5194863
FIN,2003,5206229
FIN,2004,5219681
FIN,2005,5236615
FIN,2006,5255549
FIN,2007,5276944
FIN,2008,5300476
FIN,2009,5326278
FIN,2010,5351435
FIN,2011,5375266
FIN,2012,5401216
FIN,2013,5426727
FIN,2014,5451379
FIN,2015,5471989
FIN,2016,5487446
FIN,2017,5503492
FIN,2018,5513300
FIN,2019,5518173
FIN,2020,5525345
FIN,2021,5533879
FIN,2022,5548271
FIN,2023,5590327
FIN,2024,5612044
FJI,1970,526105
FJI,1971,536271
FJI,1972,545972
FJI,1973,555026
FJI,1974,563418
FJI,1975,571559
FJI,1976,580253
FJI,1977,590814
FJI,1978,604796
FJI,1979,619386
FJI,1980,634339
FJI,1981,649610
FJI,1982,665332
FJI,1983,681496
FJI,1984,698174
FJI,1985,715257
FJI,1986,732266
FJI,1987,746346
FJI,1988,754735
FJI,1989,762660
FJI,1990,769982
FJI,1991,776650
FJI,1992,782662
FJI,1993,788030
FJI,1994,792708
FJI,1995,796834
FJI,1996,800658
FJI,1997,806921
FJI,1998,817356
FJI,1999,827159
FJI,2000,836497
FJI,2001,845321
FJI,2002,853871
FJI,2003,862228
FJI,2004,870344
FJI,2005,878388
FJI,2006,886370
FJI,2007,894361
FJI,2008,901303
FJI,2009,905495
FJI,2010,908983
FJI,2011,911855
FJI,2012,914122
FJI,2013,915715
FJI,2014,916990
FJI,2015,918179
FJI,2016,918977
FJI,2017,919355
FJI,2018,918162
FJI,2019,916198
FJI,2020,913601
FJI,2021,916325
FJI,2022,917097
FJI,2023,921747
FJI,2024,926544
FRA,1970,50568411
FRA,1971,51057739
FRA,1972,51528379
FRA,1973,51959368
FRA,1974,52365052
FRA,1975,52644423
FRA,1976,52848227
FRA,1977,53069998
FRA,1978,53324277
FRA,1979,53535059
FRA,1980,53786732
FRA,1981,54095390
FRA,1982,54414634
FRA,1983,54750181
FRA,1984,55028634
FRA,1985,55324604
FRA,1986,55609696
FRA,1987,55895971
FRA,1988,56200757
FRA,1989,56522940
FRA,1990,56847224
FRA,1991,57133253
FRA,1992,57409877
FRA,1993,57699863
FRA,1994,57902670
FRA,1995,58097063
FRA,1996,58287343
FRA,1997,58473940
FRA,1998,58663380
FRA,1999,58894252
FRA,2000,59274168
FRA,2001,59693265
FRA,2002,60116990
FRA,2003,60537506
FRA,2004,60944745
FRA,2005,61405748
FRA,2006,61844316
FRA,2007,62255359
FRA,2008,62609519
FRA,2009,62950861
FRA,2010,63262065
FRA,2011,63572660
FRA,2012,63894894
FRA,2013,64222037
FRA,2014,64553431
FRA,2015,64831554
FRA,2016,65001118
FRA,2017,65172593
FRA,2018,65396959
FRA,2019,65642126.00000001
FRA,2020,65816792
FRA,2021,65993763.00000001
FRA,2022,66173331.99999999
FRA,2023,66381485
FRA,2024,66496159
GBR,1970,55552336
GBR,1971,55775266
GBR,1972,56005478
GBR,1973,56153000
GBR,1974,56224583
GBR,1975,56224516
GBR,1976,56215769
GBR,1977,56186507
GBR,1978,56165152
GBR,1979,56185961
GBR,1980,56251565
GBR,1981,56312641
GBR,1982,56296542
GBR,1983,56288967
GBR,1984,56375148
GBR,1985,56527479
GBR,1986,56685350
GBR,1987,56818495
GBR,1988,56953552
GBR,1989,57099541
GBR,1990,57264731
GBR,1991,57470993
GBR,1992,57639391
GBR,1993,57799152
GBR,1994,57922922
GBR,1995,58083484
GBR,1996,58225785
GBR,1997,58371345
GBR,1998,58522833
GBR,1999,58730806
GBR,2000,58946508
GBR,2001,59168168
GBR,2002,59408012
GBR,2003,59673514
GBR,2004,59967256
GBR,2005,60372678
GBR,2006,60819538
GBR,2007,61282651
GBR,2008,61789058
GBR,2009,62265555
GBR,2010,62746896
GBR,2011,63266070
GBR,2012,63752501
GBR,2013,64168467
GBR,2014,64610309
GBR,2015,65121524
GBR,2016,65642696
GBR,2017,66144020.00000001
GBR,2018,66564922.00000001
GBR,2019,66940028.00000001
GBR,2020,67281888
GBR,2021,67421835
GBR,2022,67915749
GBR,2023,68442882
GBR,2024,68923043
GHA,1970,8801966
GHA,1971,9049659
GHA,1972,9302869
GHA,1973,9573505
GHA,1974,9855728
GHA,1975,10145319
GHA,1976,10443298
GHA,1977,10746528
GHA,1978,11077213
GHA,1979,11419687
GHA,1980,11774824
GHA,1981,12108072
GHA,1982,12455352
GHA,1983,12832286
GHA,1984,13227387
GHA,1985,13513792
GHA,1986,13808667
GHA,1987,14121766
GHA,1988,14456449
GHA,1989,14816687
GHA,1990,15196938
GHA,1991,15592359
GHA,1992,15982633
GHA,1993,16387078.000000002
GHA,1994,16791960
GHA,1995,17194419
GHA,1996,17603614
GHA,1997,18016749
GHA,1998,18461166
GHA,1999,18914907
GHA,2000,19384822
GHA,2001,19889352
GHA,2002,20444785
GHA,2003,21013991
GHA,2004,21579419
GHA,2005,22157177
GHA,2006,22741699
GHA,2007,23339705
GHA,2008,23944853
GHA,2009,24555039
GHA,2010,25170290
GHA,2011,25779699
GHA,2012,26410477
GHA,2013,27058060
GHA,2014,27714325
GHA,2015,28368860
GHA,2016,29023275
GHA,2017,29690208
GHA,2018,30326500
GHA,2019,30948669
GHA,2020,31569221
GHA,2021,32206397
GHA,2022,32830932.999999996
GHA,2023,33467371
GHA,2024,34108457
HKG,1970,3565786
HKG,1971,3914046
HKG,1972,4064426
HKG,1973,4169819.0000000005
HKG,1974,4276674
HKG,1975,4384771
HKG,1976,4491985
HKG,1977,4598279
HKG,1978,4702702
HKG,1979,4805435
HKG,1980,4909906
HKG,1981,5015062
HKG,1982,5106849
HKG,1983,5193339
HKG,1984,5276874
HKG,1985,5355084
HKG,1986,5431159
HKG,1987,5471707
HKG,1988,5501036
HKG,1989,5528761
HKG,1990,5552387
HKG,1991,5568807
HKG,1992,5687381
HKG,1993,5831732
HKG,1994,5973294
HKG,1995,6111229
HKG,1996,6242978
HKG,1997,6361950
HKG,1998,6471397
HKG,1999,6571272
HKG,2000,6661777
HKG,2001,6747551
HKG,2002,6800926
HKG,2003,6841891
HKG,2004,6875922
HKG,2005,6900405
HKG,2006,6916567
HKG,2007,6945613
HKG,2008,6997077
HKG,2009,7044300
HKG,2010,7084633
HKG,2011,7118601
HKG,2012,7167338
HKG,2013,7234784
HKG,2014,7293886
HKG,2015,7345115
HKG,2016,7387704
HKG,2017,7428315
HKG,2018,7461468
HKG,2019,7480919
HKG,2020,7490707
HKG,2021,7489764
HKG,2022,7479439
HKG,2023,7452391
HKG,2024,7433078
HUN,1970,10299784
HUN,1971,10330502
HUN,1972,10357436
HUN,1973,10391171
HUN,1974,10423707
HUN,1975,10484119
HUN,1976,10547185
HUN,1977,10600358
HUN,1978,10645921
HUN,1979,10674455
HUN,1980,10702050
HUN,1981,10688683
HUN,1982,10669975
HUN,1983,10642257
HUN,1984,10603721
HUN,1985,10564935
HUN,1986,10529595
HUN,1987,10492601
HUN,1988,10457609
HUN,1989,10423453
HUN,1990,10383388
HUN,1991,10379174
HUN,1992,10377178
HUN,1993,10365770
HUN,1994,10347970
HUN,1995,10331904
HUN,1996,10313672
HUN,1997,10290798
HUN,1998,10266405
HUN,1999,10237028
HUN,2000,10202563
HUN,2001,10178636
HUN,2002,10154744
HUN,2003,10122187
HUN,2004,10095739
HUN,2005,10075843
HUN,2006,10055569
HUN,2007,10044317
HUN,2008,10023846
HUN,2009,10009468
HUN,2010,9993288
HUN,2011,9964969
HUN,2012,9928384
HUN,2013,9904862
HUN,2014,9873831
HUN,2015,9851853
HUN,2016,9826569
HUN,2017,9794495
HUN,2018,9776714
HUN,2019,9772073
HUN,2020,9768620
HUN,2021,9730293
HUN,2022,9685406
HUN,2023,9683205
HUN,2024,9689722
IDN,1970,114076572
IDN,1971,117238417
IDN,1972,120428988
IDN,1973,123650694
IDN,1974,126926336
IDN,1975,130183753
IDN,1976,133503942.00000001
IDN,1977,136843369
IDN,1978,140223713
IDN,1979,143682614
IDN,1980,147187053
IDN,1981,150714026
IDN,1982,154256043
IDN,1983,157848262
IDN,1984,161454501
IDN,1985,165047747
IDN,1986,168504623
IDN,1987,171845506
IDN,1988,175176802
IDN,1989,178533329
IDN,1990,181869930
IDN,1991,185132265
IDN,1992,188424211
IDN,1993,191663277
IDN,1994,194947058
IDN,1995,198236597
IDN,1996,201539517
IDN,1997,204869178
IDN,1998,208203012
IDN,1999,211450565
IDN,2000,214558771
IDN,2001,217596809
IDN,2002,220598994
IDN,2003,223577996
IDN,2004,226518019
IDN,2005,229335279
IDN,2006,232408021
IDN,2007,235495283
IDN,2008,238629392
IDN,2009,241686415
IDN,2010,244753641
IDN,2011,247857003
IDN,2012,251083061
IDN,2013,254313989
IDN,2014,257390944
IDN,2015,260363854
IDN,2016,263234643.99999997
IDN,2017,266020191.99999997
IDN,2018,268673124
IDN,2019,271230569
IDN,2020,273748193
IDN,2021,275881538
IDN,2022,277634568
IDN,2023,280026489
IDN,2024,282353644
IND,1970,539538407
IND,1971,552190129
IND,1972,564002646
IND,1973,576961637
IND,1974,589969558
IND,1975,604113224
IND,1976,618505846
IND,1977,633217920
IND,1978,648384286
IND,1979,663072172
IND,1980,679239321
IND,1981,695468730
IND,1982,711923769
IND,1983,728703177
IND,1984,746042184
IND,1985,763708714
IND,1986,781586872
IND,1987,799793084
IND,1988,818069456
IND,1989,836616524
IND,1990,855462534
IND,1991,874481909
IND,1992,893373292
IND,1993,912540848
IND,1994,931695926
IND,1995,950631609
IND,1996,969970478
IND,1997,989386439
IND,1998,1008881084
IND,1999,1028449076
IND,2000,1048002570
IND,2001,1067842896
IND,2002,1087954254
IND,2003,1107246507
IND,2004,1126359505
IND,2005,1145623522
IND,2006,1163729122
IND,2007,1182028657
IND,2008,1199323384
IND,2009,1216538543
IND,2010,1234510963
IND,2011,1252452165
IND,2012,1269997744
IND,2013,1287351261
IND,2014,1304307760
IND,2015,1320246623
IND,2016,1335802372
IND,2017,1352086220
IND,2018,1367228580
IND,2019,1382089548
IND,2020,1395971076
IND,2021,1409264315
IND,2022,1419143477
IND,2023,1431702948
IND,2024,1444436244
IRN,1970,28702907
IRN,1971,29587292
IRN,1972,30470849
IRN,1973,31371508
IRN,1974,32308167
IRN,1975,33284759
IRN,1976,34321187
IRN,1977,35353355
IRN,1978,36513006
IRN,1979,37740063
IRN,1980,39109842
IRN,1981,40574806
IRN,1982,43403818
IRN,1983,45140463
IRN,1984,46918607
IRN,1985,48669389
IRN,1986,50495189
IRN,1987,52396901
IRN,1988,54250084
IRN,1989,55895305
IRN,1990,57514522
IRN,1991,59245661
IRN,1992,60728200
IRN,1993,61641766
IRN,1994,61165321
IRN,1995,61875875
IRN,1996,62535259
IRN,1997,63227340
IRN,1998,64051936
IRN,1999,64987782
IRN,2000,65902998.99999999
IRN,2001,66934319
IRN,2002,67969691
IRN,2003,68052943
IRN,2004,69485737
IRN,2005,71026895
IRN,2006,72630015
IRN,2007,74155479
IRN,2008,75049816
IRN,2009,75978591
IRN,2010,76937059
IRN,2011,77904626
IRN,2012,78862571
IRN,2013,79878588
IRN,2014,80950783
IRN,2015,82053308
IRN,2016,83185416
IRN,2017,84439040
IRN,2018,85614468
IRN,2019,86621528
IRN,2020,87481767
IRN,2021,87965119
IRN,2022,88945856
IRN,2023,90102637
IRN,2024,91114777
IRQ,1970,9565906
IRQ,1971,9905315
IRQ,1972,10250303
IRQ,1973,10610024
IRQ,1974,10981714
IRQ,1975,11353807
IRQ,1976,11733472
IRQ,1977,12121830
IRQ,1978,12540262
IRQ,1979,12966449
IRQ,1980,13374282
IRQ,1981,13809701
IRQ,1982,14203062
IRQ,1983,14609103
IRQ,1984,15072006
IRQ,1985,15549459
IRQ,1986,15817401
IRQ,1987,16330889
IRQ,1988,16711207.999999998
IRQ,1989,17106429
IRQ,1990,17622656
IRQ,1991,17539755
IRQ,1992,17994752
IRQ,1993,18606938
IRQ,1994,19795452
IRQ,1995,20484162
IRQ,1996,21167559
IRQ,1997,21835084
IRQ,1998,22518103
IRQ,1999,23250696
IRQ,2000,24022358
IRQ,2001,24825754
IRQ,2002,25569927
IRQ,2003,26443192
IRQ,2004,27162125
IRQ,2005,27993632
IRQ,2006,28821265
IRQ,2007,28411764
IRQ,2008,28371450
IRQ,2009,29570621
IRQ,2010,30545791
IRQ,2011,31544941
IRQ,2012,32777906.000000004
IRQ,2013,34531779
IRQ,2014,36032199
IRQ,2015,37067919
IRQ,2016,38053150
IRQ,2017,38886104
IRQ,2018,39788603
IRQ,2019,40742646
IRQ,2020,41641695
IRQ,2021,42591514
IRQ,2022,43550907
IRQ,2023,44590195
IRQ,2024,45557903
ISR,1970,2808977
ISR,1971,2920578
ISR,1972,3034022
ISR,1973,3124780
ISR,1974,3201309
ISR,1975,3278653
ISR,1976,3357525
ISR,1977,3439009
ISR,1978,3520227
ISR,1979,3600564
ISR,1980,3681184
ISR,1981,3762146
ISR,1982,3842329
ISR,1983,3924935
ISR,1984,3994324
ISR,1985,4073146
ISR,1986,4137572
ISR,1987,4200369
ISR,1988,4273370
ISR,1989,4341270
ISR,1990,4421750
ISR,1991,4668248
ISR,1992,4891531
ISR,1993,5022945
ISR,1994,5149145
ISR,1995,5284254
ISR,1996,5425223
ISR,1997,5573880
ISR,1998,5719066
ISR,1999,5861214
ISR,2000,6030947
ISR,2001,6191434
ISR,2002,6328530
ISR,2003,6446909
ISR,2004,6558731
ISR,2005,6671444
ISR,2006,6784968
ISR,2007,6903095
ISR,2008,7021815
ISR,2009,7143426
ISR,2010,7268766
ISR,2011,7404704
ISR,2012,7537341
ISR,2013,7678220
ISR,2014,7820538
ISR,2015,7973820
ISR,2016,8131997
ISR,2017,8288013.999999999
ISR,2018,8435579
ISR,2019,8584554
ISR,2020,8730394
ISR,2021,8870358
ISR,2022,9015491
ISR,2023,9190811
ISR,2024,9321817
ITA,1970,53231973
ITA,1971,53548498
ITA,1972,53867091
ITA,1973,54268034
ITA,1974,54633100
ITA,1975,55009127
ITA,1976,55322963
ITA,1977,55595868
ITA,1978,55833242
ITA,1979,56044689
ITA,1980,56220071
ITA,1981,56604098
ITA,1982,56689402
ITA,1983,56748949
ITA,1984,56783274
ITA,1985,56837431
ITA,1986,56873570
ITA,1987,56878405
ITA,1988,56905447
ITA,1989,56952055
ITA,1990,57001455
ITA,1991,57061452
ITA,1992,57089335
ITA,1993,57160644
ITA,1994,57180883
ITA,1995,57659393
ITA,1996,57147294
ITA,1997,57176889
ITA,1998,57201660
ITA,1999,57228729
ITA,2000,57252868
ITA,2001,57291525
ITA,2002,57319996
ITA,2003,57521259
ITA,2004,57958139
ITA,2005,58395336
ITA,2006,58644050
ITA,2007,58864816
ITA,2008,59352624
ITA,2009,59770744
ITA,2010,60037277
ITA,2011,60291149
ITA,2012,60444610
ITA,2013,60618420
ITA,2014,60689317
ITA,2015,60639026
ITA,2016,60511606
ITA,2017,60444609
ITA,2018,60336027
ITA,2019,60218970
ITA,2020,60041302
ITA,2021,59784236
ITA,2022,59674464
ITA,2023,59563765
ITA,2024,59435141
JPN,1970,106091333
JPN,1971,107333403
JPN,1972,108570656
JPN,1973,109907254
JPN,1974,111322219
JPN,1975,112697169
JPN,1976,113945223
JPN,1977,115060368
JPN,1978,116088186
JPN,1979,117065703
JPN,1980,117977409
JPN,1981,118740103
JPN,1982,119248004
JPN,1983,119723546
JPN,1984,120174347
JPN,1985,120594441
JPN,1986,121069886
JPN,1987,121663583
JPN,1988,122223591
JPN,1989,122730314
JPN,1990,123164512
JPN,1991,123635017
JPN,1992,124144724
JPN,1993,124622691
JPN,1994,125057225
JPN,1995,125516496
JPN,1996,125828834
JPN,1997,126121770
JPN,1998,126410088
JPN,1999,126688274
JPN,2000,126914854
JPN,2001,127140724
JPN,2002,127379572
JPN,2003,127589624
JPN,2004,127752879
JPN,2005,127878669
JPN,2006,127947992
JPN,2007,128046503
JPN,2008,128128861
JPN,2009,128183119
JPN,2010,128201820
JPN,2011,128168730
JPN,2012,128024135
JPN,2013,127832435
JPN,2014,127614856
JPN,2015,127358353
JPN,2016,127193392
JPN,2017,127126510
JPN,2018,127002870
JPN,2019,126823995
JPN,2020,126574852
JPN,2021,126034234
JPN,2022,125324442
JPN,2023,124670714
JPN,2024,124071179
KAZ,1970,12287173
KAZ,1971,12550941
KAZ,1972,12818685
KAZ,1973,13084911
KAZ,1974,13331332
KAZ,1975,13577809
KAZ,1976,13823876
KAZ,1977,14173600
KAZ,1978,14532930
KAZ,1979,14890064
KAZ,1980,15067328
KAZ,1981,15238569
KAZ,1982,15407594
KAZ,1983,15577596
KAZ,1984,15753506
KAZ,1985,15935736
KAZ,1986,16126443
KAZ,1987,16398962
KAZ,1988,16656468
KAZ,1989,16905869
KAZ,1990,17088157
KAZ,1991,17219952
KAZ,1992,17337248
KAZ,1993,17328001
KAZ,1994,17220974
KAZ,1995,16866569
KAZ,1996,16594503
KAZ,1997,16237551
KAZ,1998,15848950
KAZ,1999,15446621
KAZ,2000,15465128
KAZ,2001,15537077
KAZ,2002,15614023
KAZ,2003,15699332
KAZ,2004,15795429
KAZ,2005,15904890
KAZ,2006,16031343
KAZ,2007,16176088
KAZ,2008,16338340
KAZ,2009,16514710
KAZ,2010,16724982
KAZ,2011,16948639
KAZ,2012,17183366
KAZ,2013,17428846
KAZ,2014,17684158
KAZ,2015,17948412
KAZ,2016,18219926
KAZ,2017,18507273
KAZ,2018,18796589
KAZ,2019,19068864
KAZ,2020,19350246
KAZ,2021,19613988
KAZ,2022,19873218
KAZ,2023,20196000
KAZ,2024,20464208
KEN,1970,11153789
KEN,1971,11583794
KEN,1972,11994014
KEN,1973,12418107
KEN,1974,12851563
KEN,1975,13288593
KEN,1976,13734748
KEN,1977,14180498
KEN,1978,14677140
KEN,1979,15191111
KEN,1980,15730221
KEN,1981,16306697
KEN,1982,16896318
KEN,1983,17516032
KEN,1984,18176715
KEN,1985,18853097
KEN,1986,19550438
KEN,1987,20252854
KEN,1988,20979339
KEN,1989,21733099
KEN,1990,22503769
KEN,1991,23281534
KEN,1992,24011493
KEN,1993,24753426
KEN,1994,25480950
KEN,1995,26233310
KEN,1996,26970193
KEN,1997,27718229
KEN,1998,28485306
KEN,1999,29290809
KEN,2000,30176006
KEN,2001,31109774
KEN,2002,32128566
KEN,2003,33131051
KEN,2004,34173395
KEN,2005,35253516
KEN,2006,36339452
KEN,2007,37468564
KEN,2008,38604135
KEN,2009,39808568
KEN,2010,41009214
KEN,2011,42187919
KEN,2012,43329003
KEN,2013,44447603
KEN,2014,45525978
KEN,2015,46576903
KEN,2016,47600149
KEN,2017,48679225
KEN,2018,49716306
KEN,2019,50697909
KEN,2020,51707746
KEN,2021,52726921
KEN,2022,53711410
KEN,2023,54793511
KEN,2024,55884494
KHM,1970,6674278
KHM,1971,6604087
KHM,1972,6637673
KHM,1973,6710098
KHM,1974,6769355
KHM,1975,6797125
KHM,1976,6365617
KHM,1977,5904365
KHM,1978,5432736
KHM,1979,4990569
KHM,1980,5187047
KHM,1981,5212697
KHM,1982,5356294
KHM,1983,5516570
KHM,1984,5755836
KHM,1985,5934398
KHM,1986,6153169
KHM,1987,6418217
KHM,1988,6697723
KHM,1989,6926304
KHM,1990,7220642
KHM,1991,7528862
KHM,1992,7844837
KHM,1993,8381330
KHM,1994,8851433
KHM,1995,9626890
KHM,1996,10410104
KHM,1997,11192435
KHM,1998,11949529
KHM,1999,12166816
KHM,2000,12364646
KHM,2001,12560027
KHM,2002,12756941
KHM,2003,12953541
KHM,2004,13148395
KHM,2005,13341067
KHM,2006,13537337
KHM,2007,13740718
KHM,2008,13942822
KHM,2009,14164137
KHM,2010,14389483
KHM,2011,14611969
KHM,2012,14833199
KHM,2013,15056972
KHM,2014,15283443
KHM,2015,15510100
KHM,2016,15736401
KHM,2017,15969205
KHM,2018,16177540
KHM,2019,16371503
KHM,2020,16591105
KHM,2021,16859842
KHM,2022,17088769
KHM,2023,17314678
KHM,2024,17533083
KOR,1970,32192690
KOR,1971,32891703.999999996
KOR,1972,33588002
KOR,1973,34284929
KOR,1974,34966770
KOR,1975,35608904
KOR,1976,36142581
KOR,1977,36617269
KOR,1978,37070005
KOR,1979,37493865
KOR,1980,37927933
KOR,1981,38354280
KOR,1982,39024098
KOR,1983,39688211
KOR,1984,40313671
KOR,1985,40882930
KOR,1986,41414996
KOR,1987,42022013
KOR,1988,42622170
KOR,1989,43223784
KOR,1990,43825750
KOR,1991,44337104
KOR,1992,44541196
KOR,1993,44766194
KOR,1994,45009253
KOR,1995,45252428
KOR,1996,45484423
KOR,1997,45792976
KOR,1998,46090097
KOR,1999,46371658
KOR,2000,46629108
KOR,2001,46904214
KOR,2002,47182722
KOR,2003,47415519
KOR,2004,47612802
KOR,2005,47781349
KOR,2006,47921939
KOR,2007,48091096
KOR,2008,48265141
KOR,2009,48447845
KOR,2010,48645528
KOR,2011,48893137
KOR,2012,49362150
KOR,2013,49837009
KOR,2014,50305320
KOR,2015,50772791
KOR,2016,51195032
KOR,2017,51400646
KOR,2018,51571895
KOR,2019,51709893
KOR,2020,51825799
KOR,2021,51891164
KOR,2022,51805631
KOR,2023,51759392
KOR,2024,51738086
KWT,1970,780411
KWT,1971,837817
KWT,1972,892335
KWT,1973,948370
KWT,1974,1006937
KWT,1975,1069755
KWT,1976,1139971
KWT,1977,1217452
KWT,1978,1298594
KWT,1979,1382044
KWT,1980,1464985
KWT,1981,1544579
KWT,1982,1622273
KWT,1983,1702688
KWT,1984,1785903
KWT,1985,1855472
KWT,1986,1933012
KWT,1987,2012028
KWT,1988,2093960.9999999998
KWT,1989,2175454
KWT,1990,2259483
KWT,1991,1110154
KWT,1992,1592643
KWT,1993,1677280
KWT,1994,1667023
KWT,1995,1661699
KWT,1996,1701327
KWT,1997,1759166
KWT,1998,1816200
KWT,1999,1872404
KWT,2000,1927655
KWT,2001,1981763
KWT,2002,2034480
KWT,2003,2085467
KWT,2004,2134295
KWT,2005,2180346
KWT,2006,2293230
KWT,2007,2436237
KWT,2008,2579536
KWT,2009,2723305
KWT,2010,2867663
KWT,2011,3019080
KWT,2012,3246549
KWT,2013,3427501
KWT,2014,3587991
KWT,2015,3743541
KWT,2016,3925367
KWT,2017,4082575
KWT,2018,4226794
KWT,2019,4419981
KWT,2020,4464406
KWT,2021,4335882
KWT,2022,4385601
KWT,2023,4793420
KWT,2024,4884143
LAO,1970,2637759
LAO,1971,2701645
LAO,1972,2767611
LAO,1973,2835709
LAO,1974,2905436
LAO,1975,2974086
LAO,1976,3036957
LAO,1977,3092796
LAO,1978,3145049
LAO,1979,3198432
LAO,1980,3257973
LAO,1981,3327174
LAO,1982,3406087
LAO,1983,3493965
LAO,1984,3588038
LAO,1985,3687649
LAO,1986,3792320
LAO,1987,3901109
LAO,1988,4014115
LAO,1989,4131087.0000000005
LAO,1990,4250860
LAO,1991,4373050
LAO,1992,4497185
LAO,1993,4622108
LAO,1994,4748012
LAO,1995,4870428
LAO,1996,4988390
LAO,1997,5102967
LAO,1998,5201056
LAO,1999,5295476
LAO,2000,5386093
LAO,2001,5476332
LAO,2002,5566632
LAO,2003,5655145
LAO,2004,5740745
LAO,2005,5822506
LAO,2006,5916540
LAO,2007,6009860
LAO,2008,6102613
LAO,2009,6195325
LAO,2010,6287959
LAO,2011,6380429
LAO,2012,6472751
LAO,2013,6565205
LAO,2014,6657564
LAO,2015,6748779
LAO,2016,6854512
LAO,2017,6963093
LAO,2018,7073201
LAO,2019,7182889
LAO,2020,7292382
LAO,2021,7400683
LAO,2022,7505704
LAO,2023,7612311
LAO,2024,7717674
LKA,1970,12151891
LKA,1971,12422329
LKA,1972,12681491
LKA,1973,12936919
LKA,1974,13184913
LKA,1975,13426473
LKA,1976,13671494
LKA,1977,13922045
LKA,1978,14176698
LKA,1979,14443558
LKA,1980,14715670
LKA,1981,14980278
LKA,1982,15218550
LKA,1983,15354585
LKA,1984,15423004
LKA,1985,15460715
LKA,1986,15627592
LKA,1987,15834921
LKA,1988,15998231
LKA,1989,16159011
LKA,1990,16338103
LKA,1991,16366812
LKA,1992,16583895
LKA,1993,16894672
LKA,1994,17157165
LKA,1995,17394382
LKA,1996,17733753
LKA,1997,18076283
LKA,1998,18420117
LKA,1999,18771889
LKA,2000,19117572
LKA,2001,19468535
LKA,2002,19732190
LKA,2003,19879314
LKA,2004,20023729
LKA,2005,20151481
LKA,2006,20281568
LKA,2007,20423254
LKA,2008,20561836
LKA,2009,20696920
LKA,2010,20815950
LKA,2011,20942228
LKA,2012,21075868
LKA,2013,21263048
LKA,2014,21454606
LKA,2015,21640306
LKA,2016,21819637
LKA,2017,22001908
LKA,2018,22173136
LKA,2019,22333100
LKA,2020,22488003
LKA,2021,22635611
LKA,2022,22765133
LKA,2023,22904797
LKA,2024,23038437
MAR,1970,14929528
MAR,1971,15329369
MAR,1972,15725081
MAR,1973,16124303
MAR,1974,16528234
MAR,1975,16939451
MAR,1976,17362121
MAR,1977,17786244
MAR,1978,18243269
MAR,1979,18711501
MAR,1980,19199676
MAR,1981,19720210
MAR,1982,20250593
MAR,1983,20790043
MAR,1984,21331348
MAR,1985,21856208
MAR,1986,22371699
MAR,1987,22829907
MAR,1988,23278876
MAR,1989,23722173
MAR,1990,24156656
MAR,1991,24594446
MAR,1992,25003582
MAR,1993,25421355
MAR,1994,25807817
MAR,1995,26193828
MAR,1996,26605029
MAR,1997,27011186
MAR,1998,27415488
MAR,1999,27827808
MAR,2000,28226551
MAR,2001,28620320
MAR,2002,29008965
MAR,2003,29387318
MAR,2004,29755513
MAR,2005,30150524
MAR,2006,30565764
MAR,2007,30976591
MAR,2008,31396345
MAR,2009,31817188
MAR,2010,32244368
MAR,2011,32689663
MAR,2012,33135512.000000004
MAR,2013,33574971
MAR,2014,34000171
MAR,2015,34409389
MAR,2016,34805788
MAR,2017,35241127
MAR,2018,35651657
MAR,2019,36027863
MAR,2020,36393933
MAR,2021,36774483
MAR,2022,37134402
MAR,2023,37523726
MAR,2024,37901284
MEX,1970,50020308
MEX,1971,51609598
MEX,1972,53215518
MEX,1973,54844818
MEX,1974,56489750
MEX,1975,58150549
MEX,1976,59814251
MEX,1977,61476772
MEX,1978,63140215
MEX,1979,64817878
MEX,1980,66479853
MEX,1981,68120816
MEX,1982,69663400
MEX,1983,71203119
MEX,1984,72739361
MEX,1985,74274332
MEX,1986,75812496
MEX,1987,77358778
MEX,1988,78914523
MEX,1989,80476539
MEX,1990,82017824
MEX,1991,83622516
MEX,1992,85238629
MEX,1993,86850989
MEX,1994,88456626
MEX,1995,90061783
MEX,1996,91663126
MEX,1997,93242279
MEX,1998,94800135
MEX,1999,96350355
MEX,2000,97881058
MEX,2001,99370046
MEX,2002,100828153
MEX,2003,102269095
MEX,2004,103687936
MEX,2005,105100326
MEX,2006,106522682
MEX,2007,107984649
MEX,2008,109564071
MEX,2009,111184505
MEX,2010,112814937
MEX,2011,114432853
MEX,2012,116054154
MEX,2013,117582263
MEX,2014,119104883
MEX,2015,120463639
MEX,2016,121680973
MEX,2017,122821728
MEX,2018,123978387
MEX,2019,125169035
MEX,2020,126356930
MEX,2021,127241179
MEX,2022,128055116
MEX,2023,129171119
MEX,2024,130308399
MMR,1970,26886348
MMR,1971,27499684
MMR,1972,28114755
MMR,1973,28741894
MMR,1974,29310881
MMR,1975,29885454
MMR,1976,30467676
MMR,1977,31049947
MMR,1978,31661985
MMR,1979,32283967
MMR,1980,32909131.999999996
MMR,1981,33545277
MMR,1982,34172289
MMR,1983,34793642
MMR,1984,35531787
MMR,1985,36266840
MMR,1986,36978815
MMR,1987,37650941
MMR,1988,38292248
MMR,1989,38909606
MMR,1990,39519630
MMR,1991,40114873
MMR,1992,40673434
MMR,1993,41227250
MMR,1994,41777608
MMR,1995,42332677
MMR,1996,42877998
MMR,1997,43431722
MMR,1998,43985874
MMR,1999,44529711
MMR,2000,45045737
MMR,2001,45535945
MMR,2002,46006332
MMR,2003,46458974
MMR,2004,46875409
MMR,2005,47262136
MMR,2006,47614594
MMR,2007,47955677
MMR,2008,48294409
MMR,2009,48487178
MMR,2010,48833740
MMR,2011,49215024
MMR,2012,49624616
MMR,2013,50050276
MMR,2014,50475039
MMR,2015,50888228
MMR,2016,51289883
MMR,2017,51701509
MMR,2018,52088367
MMR,2019,52456126
MMR,2020,52825300
MMR,2021,53207743
MMR,2022,53566461
MMR,2023,53947114
MMR,2024,54320481
MNG,1970,1278362
MNG,1971,1312181
MNG,1972,1347961
MNG,1973,1385681
MNG,1974,1425323
MNG,1975,1466776
MNG,1976,1509817
MNG,1977,1554073
MNG,1978,1598416
MNG,1979,1640521
MNG,1980,1680796
MNG,1981,1721875
MNG,1982,1763838
MNG,1983,1806891
MNG,1984,1851293
MNG,1985,1897404
MNG,1986,1945623
MNG,1987,1996307
MNG,1988,2049292
MNG,1989,2103351
MNG,1990,2145019
MNG,1991,2184128
MNG,1992,2221408
MNG,1993,2256838
MNG,1994,2290187
MNG,1995,2321301
MNG,1996,2350129
MNG,1997,2376800
MNG,1998,2401456
MNG,1999,2424112
MNG,2000,2443968
MNG,2001,2466396
MNG,2002,2489003
MNG,2003,2511146
MNG,2004,2532464
MNG,2005,2553121
MNG,2006,2573801
MNG,2007,2595710
MNG,2008,2620221
MNG,2009,2648627
MNG,2010,2682025
MNG,2011,2721439
MNG,2012,2768922
MNG,2013,2821996
MNG,2014,2881765
MNG,2015,2944312
MNG,2016,3008739
MNG,2017,3072885
MNG,2018,3135843
MNG,2019,3199569
MNG,2020,3264658
MNG,2021,3316913
MNG,2022,3362435
MNG,2023,3409595
MNG,2024,3454270
MOZ,1970,8155910
MOZ,1971,8345102.999999999
MOZ,1972,8567530
MOZ,1973,8818341
MOZ,1974,9090142
MOZ,1975,9382044
MOZ,1976,9699591
MOZ,1977,10034827
MOZ,1978,10415123
MOZ,1979,10821377
MOZ,1980,11236242
MOZ,1981,11436201
MOZ,1982,11700052
MOZ,1983,11948687
MOZ,1984,12198957
MOZ,1985,12432951
MOZ,1986,12664946
MOZ,1987,12876210
MOZ,1988,12768937
MOZ,1989,12832179
MOZ,1990,12981505
MOZ,1991,13207568
MOZ,1992,13496611
MOZ,1993,13730020
MOZ,1994,14372364
MOZ,1995,15695341
MOZ,1996,16225718
MOZ,1997,16759241.999999998
MOZ,1998,17140722
MOZ,1999,17540205
MOZ,2000,17928808
MOZ,2001,18330497
MOZ,2002,18744961
MOZ,2003,19171715
MOZ,2004,19613235
MOZ,2005,20067391
MOZ,2006,20541747
MOZ,2007,21032426
MOZ,2008,21542844
MOZ,2009,22095228
MOZ,2010,22688261
MOZ,2011,23310209
MOZ,2012,23987869
MOZ,2013,24687824
MOZ,2014,25415398
MOZ,2015,26161552
MOZ,2016,26933593
MOZ,2017,27740616
MOZ,2018,28592171
MOZ,2019,29445118
MOZ,2020,30323642
MOZ,2021,31243734
MOZ,2022,32171866
MOZ,2023,33140625.999999996
MOZ,2024,34129694
MYS,1970,10060053
MYS,1971,10297551
MYS,1972,10549356
MYS,1973,10804315
MYS,1974,11066927
MYS,1975,11334885
MYS,1976,11608942
MYS,1977,11891253
MYS,1978,12180173
MYS,1979,12476142
MYS,1980,12779583
MYS,1981,13187143
MYS,1982,13611263
MYS,1983,14054333
MYS,1984,14517482
MYS,1985,15000536
MYS,1986,15503981
MYS,1987,16016858
MYS,1988,16536615.000000002
MYS,1989,17056594
MYS,1990,17573400
MYS,1991,18092942
MYS,1992,18591985
MYS,1993,19077160
MYS,1994,19568169
MYS,1995,20072723
MYS,1996,20588474
MYS,1997,21111700
MYS,1998,21638737
MYS,1999,22174688
MYS,2000,22696373
MYS,2001,23239259
MYS,2002,23813818
MYS,2003,24391135
MYS,2004,24968069
MYS,2005,25545476
MYS,2006,26126667
MYS,2007,26709151
MYS,2008,27287626
MYS,2009,27852492
MYS,2010,28397063
MYS,2011,28914490
MYS,2012,29409588
MYS,2013,29916074
MYS,2014,30432455
MYS,2015,30959818
MYS,2016,31505777
MYS,2017,32073594
MYS,2018,32637695
MYS,2019,33184239
MYS,2020,33696952
MYS,2021,34082165
MYS,2022,34482632
MYS,2023,34908354
MYS,2024,35344242
NGA,1970,55242100
NGA,1971,56545575
NGA,1972,57883793
NGA,1973,59319703
NGA,1974,60844576
NGA,1975,62513712
NGA,1976,64307919
NGA,1977,66208099
NGA,1978,68261080
NGA,1979,70391984
NGA,1980,72604499
NGA,1981,74924784
NGA,1982,77211423
NGA,1983,79545979
NGA,1984,81330541
NGA,1985,83722345
NGA,1986,86073600
NGA,1987,88398306
NGA,1988,90785125
NGA,1989,93255055
NGA,1990,95806973
NGA,1991,98434877
NGA,1992,101005446
NGA,1993,103740095
NGA,1994,106504044
NGA,1995,109367384
NGA,1996,112271472
NGA,1997,115238085
NGA,1998,118271498
NGA,1999,121421011
NGA,2000,124673629
NGA,2001,128091359
NGA,2002,131633829.99999999
NGA,2003,135310147
NGA,2004,139095142
NGA,2005,143018948
NGA,2006,147015559
NGA,2007,151139108
NGA,2008,155395414
NGA,2009,159794614
NGA,2010,164304314
NGA,2011,168981457
NGA,2012,173777738
NGA,2013,178623511
NGA,2014,183475375
NGA,2015,188318455
NGA,2016,193025301
NGA,2017,197862099
NGA,2018,202647058
NGA,2019,207230451
NGA,2020,211740831
NGA,2021,216251531
NGA,2022,220807042
NGA,2023,225494749
NGA,2024,230271141
NLD,1970,12971045
NLD,1971,13133111
NLD,1972,13283598
NLD,1973,13401946
NLD,1974,13505541
NLD,1975,13613798
NLD,1976,13746273
NLD,1977,13827001
NLD,1978,13910208
NLD,1979,13997633
NLD,1980,14102705
NLD,1981,14222668
NLD,1982,14302710
NLD,1983,14365090
NLD,1984,14428712
NLD,1985,14496902
NLD,1986,14581016
NLD,1987,14671971
NLD,1988,14777923
NLD,1989,14873923
NLD,1990,14968299
NLD,1991,15093457
NLD,1992,15216723
NLD,1993,15336847
NLD,1994,15442593
NLD,1995,15528305
NLD,1996,15601760
NLD,1997,15678294
NLD,1998,15768950
NLD,1999,15885264
NLD,2000,15995104
NLD,2001,16122415
NLD,2002,16242995
NLD,2003,16333107
NLD,2004,16400717
NLD,2005,16450414
NLD,2006,16481006.000000002
NLD,2007,16506697
NLD,2008,16556017
NLD,2009,16638499
NLD,2010,16729801
NLD,2011,16812669
NLD,2012,16889445
NLD,2013,16940942
NLD,2014,16993184
NLD,2015,17066993
NLD,2016,17147873
NLD,2017,17261513
NLD,2018,17369227
NLD,2019,17473332
NLD,2020,17601682
NLD,2021,17671780
NLD,2022,17789347
NLD,2023,18019495
NLD,2024,18165554
NOR,1970,3862811
NOR,1971,3887880
NOR,1972,3917623
NOR,1973,3948194
NOR,1974,3972992
NOR,1975,3997567
NOR,1976,4017164
NOR,1977,4035275
NOR,1978,4051248
NOR,1979,4066099
NOR,1980,4078901
NOR,1981,4092306
NOR,1982,4107037.0000000005
NOR,1983,4122435.0000000005
NOR,1984,4134236
NOR,1985,4145707.9999999995
NOR,1986,4159091.0000000005
NOR,1987,4175413.9999999995
NOR,1988,4198234
NOR,1989,4220705
NOR,1990,4233121
NOR,1991,4249758
NOR,1992,4273487
NOR,1993,4299034
NOR,1994,4324690
NOR,1995,4348244
NOR,1996,4369741
NOR,1997,4392528
NOR,1998,4417445
NOR,1999,4445181
NOR,2000,4478393
NOR,2001,4503341
NOR,2002,4523973
NOR,2003,4552055
NOR,2004,4577283
NOR,2005,4606202
NOR,2006,4640046
NOR,2007,4680942
NOR,2008,4737078
NOR,2009,4799124
NOR,2010,4858121
NOR,2011,4920203
NOR,2012,4985733
NOR,2013,5051182
NOR,2014,5109067
NOR,2015,5165723
NOR,2016,5213819
NOR,2017,5258147
NOR,2018,5295458
NOR,2019,5328047
NOR,2020,5367414
NOR,2021,5391133
NOR,2022,5425048
NOR,2023,5488555
NOR,2024,5549779
NPL,1970,12299050
NPL,1971,12573329
NPL,1972,12846793
NPL,1973,13131404
NPL,1974,13419075
NPL,1975,13717795
NPL,1976,14023595
NPL,1977,14331704
NPL,1978,14666646
NPL,1979,15012745
NPL,1980,15368434
NPL,1981,15737777
NPL,1982,16107068
NPL,1983,16488907
NPL,1984,16889331
NPL,1985,17281153
NPL,1986,17674230
NPL,1987,18062018
NPL,1988,18438993
NPL,1989,18838329
NPL,1990,19277286
NPL,1991,19771860
NPL,1992,20301141
NPL,1993,20918273
NPL,1994,21442044
NPL,1995,21992913
NPL,1996,22497965
NPL,1997,22985759
NPL,1998,23453166
NPL,1999,23907548
NPL,2000,24342850
NPL,2001,24750168
NPL,2002,25143328
NPL,2003,25514634
NPL,2004,25862883
NPL,2005,26170429
NPL,2006,26448487
NPL,2007,26682362
NPL,2008,26894622
NPL,2009,27085452
NPL,2010,27260617
NPL,2011,27423288
NPL,2012,27505700
NPL,2013,27564130
NPL,2014,27615862
NPL,2015,27728877
NPL,2016,27918381
NPL,2017,27992543
NPL,2018,28029973
NPL,2019,28129405
NPL,2020,28698722
NPL,2021,29234427
NPL,2022,29715593
NPL,2023,29715279
NPL,2024,29673950
NZL,1970,2801131
NZL,1971,2843224
NZL,1972,2891106
NZL,1973,2947409
NZL,1974,3010566
NZL,1975,3071896
NZL,1976,3116168
NZL,1977,3137097
NZL,1978,3143168
NZL,1979,3141319
NZL,1980,3141882
NZL,1981,3150772
NZL,1982,3168907
NZL,1983,3201339
NZL,1984,3237218
NZL,1985,3262438
NZL,1986,3273618
NZL,1987,3289398
NZL,1988,3309488
NZL,1989,3322564
NZL,1990,3345088
NZL,1991,3448869
NZL,1992,3512982
NZL,1993,3551507
NZL,1994,3595712
NZL,1995,3646349
NZL,1996,3702508
NZL,1997,3756249
NZL,1998,3797651
NZL,1999,3825091
NZL,2000,3846018
NZL,2001,3869130
NZL,2002,3914395
NZL,2003,3987842
NZL,2004,4057331
NZL,2005,4110490
NZL,2006,4159523
NZL,2007,4204357
NZL,2008,4242174
NZL,2009,4281474
NZL,2010,4327134
NZL,2011,4368407
NZL,2012,4396994
NZL,2013,4426359
NZL,2014,4481343
NZL,2015,4564623
NZL,2016,4663435
NZL,2017,4766105
NZL,2018,4859398
NZL,2019,4942296
NZL,2020,5036509
NZL,2021,5103281
NZL,2022,5112112
NZL,2023,5151357
NZL,2024,5194315
PAK,1970,59299056
PAK,1971,61034383
PAK,1972,62661416
PAK,1973,64504973
PAK,1974,66418852
PAK,1975,68412122
PAK,1976,70510229
PAK,1977,72730280
PAK,1978,75073375
PAK,1979,77541384
PAK,1980,80452695
PAK,1981,84129325
PAK,1982,87474774
PAK,1983,90703717
PAK,1984,93751705
PAK,1985,96578167
PAK,1986,99880404
PAK,1987,103333124
PAK,1988,106928310
PAK,1989,110521169
PAK,1990,114152088
PAK,1991,118159064
PAK,1992,121961749
PAK,1993,125131948
PAK,1994,128908285
PAK,1995,132587881
PAK,1996,136576625
PAK,1997,140537558
PAK,1998,144526050
PAK,1999,148518661
PAK,2000,152612093
PAK,2001,157146160
PAK,2002,161395654
PAK,2003,165049445
PAK,2004,169171051
PAK,2005,173400949
PAK,2006,177505476
PAK,2007,181859904
PAK,2008,187126557
PAK,2009,191871669
PAK,2010,196881399
PAK,2011,201596695
PAK,2012,205895434
PAK,2013,209438815
PAK,2014,212709142
PAK,2015,215820151
PAK,2016,218761614
PAK,2017,221516123
PAK,2018,225031812
PAK,2019,228825973
PAK,2020,232775824
PAK,2021,237227668
PAK,2022,241727933
PAK,2023,245673401
PAK,2024,249335590
PER,1970,13350053
PER,1971,13652420
PER,1972,14023715
PER,1973,14396578
PER,1974,14769156
PER,1975,15143949
PER,1976,15523965
PER,1977,15909653
PER,1978,16309958
PER,1979,16722161
PER,1980,17144116
PER,1981,17577783
PER,1982,18019827
PER,1983,18473179
PER,1984,18938734
PER,1985,19410698
PER,1986,19885711
PER,1987,20348532
PER,1988,20816107
PER,1989,21293298
PER,1990,21771879
PER,1991,22257664
PER,1992,22709886
PER,1993,23182795
PER,1994,23644771
PER,1995,24118215
PER,1996,24579623
PER,1997,25042719
PER,1998,25505576
PER,1999,25970615
PER,2000,26402394
PER,2001,26794268
PER,2002,27134933
PER,2003,27441502
PER,2004,27719479
PER,2005,27984901
PER,2006,28217460
PER,2007,28431522
PER,2008,28629876
PER,2009,28808206
PER,2010,28985416
PER,2011,29186623
PER,2012,29421548
PER,2013,29679184
PER,2014,29956654
PER,2015,30274998
PER,2016,30640202
PER,2017,31092785
PER,2018,31556488
PER,2019,32238679
PER,2020,32659927
PER,2021,33017232.000000004
PER,2022,33294532
PER,2023,33656344
PER,2024,34034890
PHL,1970,37173187
PHL,1971,38071221
PHL,1972,38966097
PHL,1973,39851024
PHL,1974,40737236
PHL,1975,41611446
PHL,1976,42630206
PHL,1977,43772770
PHL,1978,44963154
PHL,1979,46187409
PHL,1980,47426798
PHL,1981,48660682
PHL,1982,49962772
PHL,1983,51428643
PHL,1984,52960598
PHL,1985,54491764
PHL,1986,55934248
PHL,1987,57355907
PHL,1988,58959085
PHL,1989,60519018
PHL,1990,62011501
PHL,1991,63697832
PHL,1992,65066665
PHL,1993,66785585.99999999
PHL,1994,68275657
PHL,1995,69762925
PHL,1996,71329566
PHL,1997,73050919
PHL,1998,74766701
PHL,1999,76815347
PHL,2000,78691166
PHL,2001,80559628
PHL,2002,82243348
PHL,2003,83894429
PHL,2004,85569241
PHL,2005,87219768
PHL,2006,88812155
PHL,2007,90205817
PHL,2008,91944551
PHL,2009,93453638
PHL,2010,95314862
PHL,2011,97359388
PHL,2012,99137841
PHL,2013,101213184
PHL,2014,102939488
PHL,2015,104594772
PHL,2016,106031211
PHL,2017,107440227
PHL,2018,108799160
PHL,2019,110131413
PHL,2020,111477954
PHL,2021,112684574
PHL,2022,113517326
PHL,2023,114411351
PHL,2024,115371047
PNG,1970,2475663
PNG,1971,2535592
PNG,1972,2597251
PNG,1973,2659614
PNG,1974,2721644
PNG,1975,2783697
PNG,1976,2845944
PNG,1977,2908711
PNG,1978,2971943
PNG,1979,3035485
PNG,1980,3099198
PNG,1981,3163826
PNG,1982,3230211
PNG,1983,3298372
PNG,1984,3368894
PNG,1985,3441501
PNG,1986,3516370
PNG,1987,3593216
PNG,1988,3671869
PNG,1989,3751891
PNG,1990,3840265
PNG,1991,3952696
PNG,1992,4090978
PNG,1993,4242421
PNG,1994,4399322
PNG,1995,4561095
PNG,1996,4727461
PNG,1997,4899262
PNG,1998,5076505
PNG,1999,5256274
PNG,2000,5442391
PNG,2001,5631736
PNG,2002,5825135
PNG,2003,6022872
PNG,2004,6225122
PNG,2005,6430960
PNG,2006,6640850
PNG,2007,6854590
PNG,2008,7072099
PNG,2009,7293904
PNG,2010,7518972
PNG,2011,7748074
PNG,2012,7970618
PNG,2013,8192162
PNG,2014,8413233
PNG,2015,8633649
PNG,2016,8852843
PNG,2017,9070592
PNG,2018,9286836
PNG,2019,9502191
PNG,2020,9715829
PNG,2021,9915662
PNG,2022,10110130
PNG,2023,10296209
PNG,2024,10483061
POL,1970,32441797
POL,1971,32643470
POL,1972,32899122.000000004
POL,1973,33184870.000000004
POL,1974,33481678
POL,1975,33803245
POL,1976,34125553
POL,1977,34467660
POL,1978,34789364
POL,1979,35079062
POL,1980,35417711
POL,1981,35735327
POL,1982,36066499
POL,1983,36400421
POL,1984,36746977
POL,1985,37064623
POL,1986,37337083
POL,1987,37568138
POL,1988,37763277
POL,1989,37872451
POL,1990,38003724
POL,1991,38107186
POL,1992,38198708
POL,1993,38268572
POL,1994,38321191
POL,1995,38367434
POL,1996,38361900
POL,1997,38356441
POL,1998,38340179
POL,1999,38312694
POL,2000,38262731
POL,2001,38253412
POL,2002,38241301
POL,2003,38217515
POL,2004,38189533
POL,2005,38145611
POL,2006,38103147
POL,2007,38039187
POL,2008,38001655
POL,2009,37990149
POL,2010,38014161
POL,2011,38176542
POL,2012,38240743
POL,2013,38254992
POL,2014,38263533
POL,2015,38266693
POL,2016,38265935
POL,2017,38260595
POL,2018,38249322
POL,2019,38232819
POL,2020,38218950
POL,2021,38123074
POL,2022,37957529
POL,2023,38813949
POL,2024,38711738
PRT,1970,8720019
PRT,1971,8619028
PRT,1972,8752136
PRT,1973,8879058
PRT,1974,8999415
PRT,1975,9118937
PRT,1976,9245668
PRT,1977,9374844
PRT,1978,9501490
PRT,1979,9611300
PRT,1980,9715305
PRT,1981,9811944
PRT,1982,9863228
PRT,1983,9908449
PRT,1984,9942067
PRT,1985,9971724
PRT,1986,9987213
PRT,1987,9998974
PRT,1988,10005012
PRT,1989,10004167
PRT,1990,9998584
PRT,1991,9980464
PRT,1992,9957889
PRT,1993,9962790
PRT,1994,9981893
PRT,1995,10015080
PRT,1996,10048421
PRT,1997,10086877
PRT,1998,10134226
PRT,1999,10184825
PRT,2000,10244918
PRT,2001,10321491
PRT,2002,10387158
PRT,2003,10438930
PRT,2004,10469560
PRT,2005,10493203
PRT,2006,10512784
PRT,2007,10535456
PRT,2008,10558193
PRT,2009,10569968
PRT,2010,10582566
PRT,2011,10574754
PRT,2012,10539351
PRT,2013,10486949
PRT,2014,10429646
PRT,2015,10382751
PRT,2016,10357783
PRT,2017,10334961
PRT,2018,10326727
PRT,2019,10323979
PRT,2020,10362447
PRT,2021,10378591
PRT,2022,10403320
PRT,2023,10430825
PRT,2024,10430651
QAT,1970,108892
QAT,1971,123807
QAT,1972,138885
QAT,1973,154128
QAT,1974,169555
QAT,1975,185169
QAT,1976,201005
QAT,1977,217098
QAT,1978,233472
QAT,1979,250143
QAT,1980,267197
QAT,1981,284630
QAT,1982,302475
QAT,1983,320599
QAT,1984,338819
QAT,1985,356937
QAT,1986,374944
QAT,1987,389900
QAT,1988,404111
QAT,1989,418418
QAT,1990,432874
QAT,1991,447477
QAT,1992,462228
QAT,1993,477086
QAT,1994,492003
QAT,1995,506916
QAT,1996,521734.00000000006
QAT,1997,536303
QAT,1998,564698
QAT,1999,596382
QAT,2000,628619
QAT,2001,661359
QAT,2002,694491
QAT,2003,727919
QAT,2004,761445
QAT,2005,785220
QAT,2006,865595
QAT,2007,1080067
QAT,2008,1337123
QAT,2009,1516754
QAT,2010,1655345
QAT,2011,1763114
QAT,2012,1858786
QAT,2013,1955448
QAT,2014,2109834
QAT,2015,2326910
QAT,2016,2527751
QAT,2017,2670993
QAT,2018,2742426
QAT,2019,2779858
QAT,2020,2815984
QAT,2021,2790766
QAT,2022,2839198
QAT,2023,2945712
QAT,2024,3012452
ROU,1970,19864798
ROU,1971,20158451
ROU,1972,20428514
ROU,1973,20682638
ROU,1974,20914009
ROU,1975,21153095
ROU,1976,21383045
ROU,1977,21612322
ROU,1978,21788033
ROU,1979,21948100
ROU,1980,22091147
ROU,1981,22218395
ROU,1982,22327184
ROU,1983,22421701
ROU,1984,22496713
ROU,1985,22571284
ROU,1986,22640356
ROU,1987,22709129
ROU,1988,22782054
ROU,1989,22848805
ROU,1990,22926476
ROU,1991,22952584
ROU,1992,22942243
ROU,1993,22882542
ROU,1994,22801959
ROU,1995,22710526
ROU,1996,22604920
ROU,1997,22478900
ROU,1998,22344125
ROU,1999,22225676
ROU,2000,22106642
ROU,2001,21985881
ROU,2002,21853954
ROU,2003,21686079
ROU,2004,21500822
ROU,2005,21305613
ROU,2006,21121162
ROU,2007,20950303
ROU,2008,20791129
ROU,2009,20646355
ROU,2010,20507498
ROU,2011,20357650
ROU,2012,20206372
ROU,2013,20110533
ROU,2014,20015309
ROU,2015,19921039
ROU,2016,19821000
ROU,2017,19733101
ROU,2018,19645702
ROU,2019,19550042
ROU,2020,19453042
ROU,2021,19331896
ROU,2022,19164426
ROU,2023,19169119
ROU,2024,19067838
RUS,1970,130106717
RUS,1971,130627662
RUS,1972,131346563
RUS,1973,132106275
RUS,1974,132844024
RUS,1975,133674291.99999999
RUS,1976,134597903
RUS,1977,135563478
RUS,1978,136518473
RUS,1979,137439702
RUS,1980,138193379
RUS,1981,138951867
RUS,1982,139751129
RUS,1983,140744368
RUS,1984,141918189
RUS,1985,143010289
RUS,1986,144128489
RUS,1987,145487137
RUS,1988,146807628
RUS,1989,147921351
RUS,1990,148642381
RUS,1991,149316700
RUS,1992,149580166
RUS,1993,148251816
RUS,1994,148019032
RUS,1995,148382441
RUS,1996,148200365
RUS,1997,147968800
RUS,1998,147738741
RUS,1999,147532321
RUS,2000,146951628
RUS,2001,146483937
RUS,2002,145750631
RUS,2003,146128369
RUS,2004,145460090
RUS,2005,144900103
RUS,2006,144295666
RUS,2007,143910230
RUS,2008,143809297
RUS,2009,143814384
RUS,2010,143923880
RUS,2011,143945051
RUS,2012,144142446
RUS,2013,144439612
RUS,2014,144768583
RUS,2015,145082693
RUS,2016,145532538
RUS,2017,146024816
RUS,2018,146348782
RUS,2019,146511509
RUS,2020,146554625
RUS,2021,146187972
RUS,2022,145484378
RUS,2023,145675420
RUS,2024,145205581
SAU,1970,3486700
SAU,1971,3638239
SAU,1972,3809823
SAU,1973,4001620
SAU,1974,4211068
SAU,1975,4436197
SAU,1976,4676377
SAU,1977,4939489
SAU,1978,5226607
SAU,1979,5537197
SAU,1980,5870199
SAU,1981,6225795
SAU,1982,6615307
SAU,1983,7033666
SAU,1984,7472216
SAU,1985,7922398
SAU,1986,8381161
SAU,1987,8876117
SAU,1988,9384271
SAU,1989,9874058
SAU,1990,10382729
SAU,1991,10898652
SAU,1992,11422836
SAU,1993,11950517
SAU,1994,12481207
SAU,1995,13018872
SAU,1996,13559618
SAU,1997,14102400
SAU,1998,14647487
SAU,1999,15196884
SAU,2000,15747265
SAU,2001,16608179
SAU,2002,17474615
SAU,2003,18347204
SAU,2004,19226329
SAU,2005,20112631
SAU,2006,21007149
SAU,2007,21911139
SAU,2008,22825486
SAU,2009,23750269
SAU,2010,24685038
SAU,2011,25629219
SAU,2012,26582071
SAU,2013,27542814
SAU,2014,28510837
SAU,2015,29485420
SAU,2016,30464456
SAU,2017,30971161
SAU,2018,30593643
SAU,2019,30136598
SAU,2020,30809025
SAU,2021,31173389
SAU,2022,31483360
SAU,2023,32867343
SAU,2024,33661241
SGP,1970,2072612.9999999998
SGP,1971,2110503
SGP,1972,2146363
SGP,1973,2182305
SGP,1974,2217969
SGP,1975,2252181
SGP,1976,2284865
SGP,1977,2316621
SGP,1978,2346469
SGP,1979,2374736
SGP,1980,2401578
SGP,1981,2473408
SGP,1982,2590196
SGP,1983,2664638
SGP,1984,2707325
SGP,1985,2734521
SGP,1986,2735538
SGP,1987,2753769
SGP,1988,2809461
SGP,1989,2888629
SGP,1990,2988681
SGP,1991,3090501
SGP,1992,3182081
SGP,1993,3270848
SGP,1994,3364936
SGP,1995,3470698
SGP,1996,3596551
SGP,1997,3732569
SGP,1998,3860676
SGP,1999,3942159
SGP,2000,3990955
SGP,2001,4079535
SGP,2002,4152796.9999999995
SGP,2003,4140988.0000000005
SGP,2004,4135502.0000000005
SGP,2005,4210033
SGP,2006,4326694
SGP,2007,4487422
SGP,2008,4705608
SGP,2009,4907874
SGP,2010,5029261
SGP,2011,5124767
SGP,2012,5239711
SGP,2013,5346968
SGP,2014,5424209
SGP,2015,5491591
SGP,2016,5559088
SGP,2017,5596771
SGP,2018,5611386
SGP,2019,5657353
SGP,2020,5681772
SGP,2021,5558529
SGP,2022,5534051
SGP,2023,5765718
SGP,2024,5812461
SWE,1970,8004376
SWE,1971,8081185
SWE,1972,8115019
SWE,1973,8129831
SWE,1974,8144508
SWE,1975,8176770
SWE,1976,8208512.000000001
SWE,1977,8236277
SWE,1978,8267114
SWE,1979,8284462
SWE,1980,8303034
SWE,1981,8317903
SWE,1982,8323013.000000001
SWE,1983,8327352.999999999
SWE,1984,8330476.000000001
SWE,1985,8342496.999999999
SWE,1986,8357990
SWE,1987,8381377
SWE,1988,8413919
SWE,1989,8458775
SWE,1990,8526857
SWE,1991,8590278
SWE,1992,8643640
SWE,1993,8691507
SWE,1994,8744565
SWE,1995,8815815
SWE,1996,8836789
SWE,1997,8843866
SWE,1998,8847182
SWE,1999,8854035
SWE,2000,8861338
SWE,2001,8882864
SWE,2002,8909179
SWE,2003,8940914
SWE,2004,8975948
SWE,2005,9011669
SWE,2006,9047872
SWE,2007,9113374
SWE,2008,9183175
SWE,2009,9256625
SWE,2010,9340855
SWE,2011,9415609
SWE,2012,9482909
SWE,2013,9556064
SWE,2014,9645176
SWE,2015,9747691
SWE,2016,9851272
SWE,2017,9995288
SWE,2018,10120435
SWE,2019,10230374
SWE,2020,10327876
SWE,2021,10379497
SWE,2022,10452766
SWE,2023,10521910
SWE,2024,10581078
THA,1970,35461234
THA,1971,36447582
THA,1972,37427192
THA,1973,38440667
THA,1974,39454906
THA,1975,40450877
THA,1976,41429132
THA,1977,42363876
THA,1978,43324073
THA,1979,44253878
THA,1980,45182990
THA,1981,46117053
THA,1982,47034658
THA,1983,47954496
THA,1984,48892122
THA,1985,49811294
THA,1986,50730211
THA,1987,51625456
THA,1988,52522755
THA,1989,53416435
THA,1990,54281477
THA,1991,55195181
THA,1992,56079687
THA,1993,56977982
THA,1994,57838415
THA,1995,58683293
THA,1996,59513172
THA,1997,60326956
THA,1998,61122213
THA,1999,61923048
THA,2000,62675039
THA,2001,63340591
THA,2002,63961692
THA,2003,64571181
THA,2004,65165152
THA,2005,65738941.99999999
THA,2006,66295897
THA,2007,66839477
THA,2008,67365312
THA,2009,67874349
THA,2010,68367811
THA,2011,68791084
THA,2012,69223332
THA,2013,69648864
THA,2014,70041365
THA,2015,70391368
THA,2016,70690223
THA,2017,71029460
THA,2018,71290914
THA,2019,71461243
THA,2020,71583299
THA,2021,71699668
THA,2022,71754996
THA,2023,71715662
THA,2024,71689208
TUR,1970,36217959
TUR,1971,37058970
TUR,1972,37978252
TUR,1973,38882190
TUR,1974,39776876
TUR,1975,40643591
TUR,1976,41462662
TUR,1977,42337307
TUR,1978,43209289
TUR,1979,44081323
TUR,1980,44939536
TUR,1981,45878095
TUR,1982,46764286
TUR,1983,47879906
TUR,1984,49014915
TUR,1985,50133224
TUR,1986,51241006
TUR,1987,52314538
TUR,1988,53372802
TUR,1989,54446451
TUR,1990,55506995
TUR,1991,56524260
TUR,1992,57495515
TUR,1993,58484720
TUR,1994,59513614
TUR,1995,60554057
TUR,1996,61494948
TUR,1997,62407319
TUR,1998,63298613
TUR,1999,64170153
TUR,2000,65013692
TUR,2001,65838231
TUR,2002,66652024.99999999
TUR,2003,67445566
TUR,2004,68217893
TUR,2005,68967341
TUR,2006,69691772
TUR,2007,70398927
TUR,2008,71102245
TUR,2009,72022432
TUR,2010,72907264
TUR,2011,73786274
TUR,2012,74644132
TUR,2013,75750265
TUR,2014,77055797
TUR,2015,79016511
TUR,2016,81011941
TUR,2017,82292236
TUR,2018,83875088
TUR,2019,84956849
TUR,2020,85758495
TUR,2021,86424888
TUR,2022,86947617
TUR,2023,87169328
TUR,2024,87371675
TZA,1970,13259366
TZA,1971,13725989
TZA,1972,14216912
TZA,1973,14741705
TZA,1974,15278496
TZA,1975,15844764
TZA,1976,16431956.999999998
TZA,1977,17040464
TZA,1978,17665395
TZA,1979,18287737
TZA,1980,18896339
TZA,1981,19483200
TZA,1982,20086207
TZA,1983,20710934
TZA,1984,21448814
TZA,1985,22109317
TZA,1986,22894068
TZA,1987,23623850
TZA,1988,24436907
TZA,1989,25102466
TZA,1990,25775052
TZA,1991,26445361
TZA,1992,27115511
TZA,1993,27799664
TZA,1994,28865719
TZA,1995,30018993
TZA,1996,30748001
TZA,1997,31143523
TZA,1998,32012655
TZA,1999,32828261
TZA,2000,33772400
TZA,2001,34747877
TZA,2002,35648721
TZA,2003,36593886
TZA,2004,37585224
TZA,2005,38634113
TZA,2006,39730039
TZA,2007,40859766
TZA,2008,42011259
TZA,2009,43130197
TZA,2010,44137766
TZA,2011,45379209
TZA,2012,46679525
TZA,2013,48068996
TZA,2014,49579261
TZA,2015,51123762
TZA,2016,52918162
TZA,2017,54729864
TZA,2018,56575916
TZA,2019,58298373
TZA,2020,60051409
TZA,2021,61894186
TZA,2022,63766638
TZA,2023,65657004
TZA,2024,67578209
UKR,1970,47139553
UKR,1971,47383058
UKR,1972,47763517
UKR,1973,48130269
UKR,1974,48423973
UKR,1975,48729167
UKR,1976,49001291
UKR,1977,49240392
UKR,1978,49432570
UKR,1979,49609917
UKR,1980,49832845
UKR,1981,50077459
UKR,1982,50301104
UKR,1983,50504343
UKR,1984,50769716
UKR,1985,51005483
UKR,1986,51212058
UKR,1987,51425433
UKR,1988,51606032
UKR,1989,51843675
UKR,1990,51991960
UKR,1991,52116225
UKR,1992,52225696
UKR,1993,52421645
UKR,1994,52278606
UKR,1995,51873390
UKR,1996,51457688
UKR,1997,50994529
UKR,1998,50579240
UKR,1999,50180222
UKR,2000,49772671
UKR,2001,49340649
UKR,2002,48873062
UKR,2003,48481500
UKR,2004,48148772
UKR,2005,47810241
UKR,2006,47360871
UKR,2007,47196518
UKR,2008,46929078
UKR,2009,46709273
UKR,2010,46538189
UKR,2011,46373816
UKR,2012,46241891
UKR,2013,46178221
UKR,2014,46075318
UKR,2015,45869443
UKR,2016,45700349
UKR,2017,45533315
UKR,2018,45338768
UKR,2019,45079046
UKR,2020,44835870
UKR,2021,44524159
UKR,2022,44073121
UKR,2023,38024411
UKR,2024,37441260
USA,1970,206457170
USA,1971,209135508
USA,1972,211717355
USA,1973,213967790
USA,1974,216045312
USA,1975,218107641
USA,1976,220150961
USA,1977,222186554
USA,1978,224332284
USA,1979,226459908
USA,1980,228690259
USA,1981,231027051
USA,1982,233376184
USA,1983,235790119
USA,1984,238182611
USA,1985,240525324
USA,1986,242855563
USA,1987,245052052
USA,1988,247270530
USA,1989,249515940
USA,1990,251834166
USA,1991,254912608
USA,1992,258030237
USA,1993,261181802
USA,1994,264084659.99999997
USA,1995,266864960.00000003
USA,1996,269546629
USA,1997,272174763
USA,1998,274761262
USA,1999,277477403
USA,2000,280093565
USA,2001,282874696
USA,2002,285684581
USA,2003,288484095
USA,2004,291332104
USA,2005,294240403
USA,2006,297192924
USA,2007,300267495
USA,2008,303420956
USA,2009,306519709
USA,2010,309527200
USA,2011,312598380
USA,2012,315611776
USA,2013,318618933
USA,2014,321602585
USA,2015,324628169
USA,2016,327624824
USA,2017,330734029
USA,2018,333675290
USA,2019,336437705
USA,2020,339142428
USA,2021,339729889
USA,2022,340592993
USA,2023,342475098
USA,2024,344479572
UZB,1970,11587369
UZB,1971,11937906
UZB,1972,12285115
UZB,1973,12645098
UZB,1974,13016996
UZB,1975,13401025
UZB,1976,13796017
UZB,1977,14201223
UZB,1978,14616420
UZB,1979,15016277
UZB,1980,15414897
UZB,1981,15824976
UZB,1982,16245089
UZB,1983,16680383.000000002
UZB,1984,17136418
UZB,1985,17621274
UZB,1986,18129403
UZB,1987,18661839
UZB,1988,19198301
UZB,1989,19722960
UZB,1990,20231406
UZB,1991,20698506
UZB,1992,21227314
UZB,1993,21742867
UZB,1994,22233043
UZB,1995,22693539
UZB,1996,23141638
UZB,1997,23562324
UZB,1998,23955596
UZB,1999,24314262
UZB,2000,24637755
UZB,2001,24936354
UZB,2002,25244211
UZB,2003,25555748
UZB,2004,25866770
UZB,2005,26191930
UZB,2006,26522019
UZB,2007,26876068
UZB,2008,27275948
UZB,2009,27713601
UZB,2010,28165056
UZB,2011,28605957
UZB,2012,29040434
UZB,2013,29483372
UZB,2014,29964758
UZB,2015,30481229
UZB,2016,31017464
UZB,2017,31551672
UZB,2018,32086683
UZB,2019,32660298
UZB,2020,33269104
UZB,2021,33903640
UZB,2022,34583751
UZB,2023,35294160
UZB,2024,36010454
VEN,1970,11212279
VEN,1971,11563301
VEN,1972,11918716
VEN,1973,12279644
VEN,1974,12647430
VEN,1975,13023272
VEN,1976,13408512
VEN,1977,13804056
VEN,1978,14209568
VEN,1979,14623800
VEN,1980,15045304
VEN,1981,15471131
VEN,1982,15903463
VEN,1983,16340286
VEN,1984,16784124
VEN,1985,17233558
VEN,1986,17689310
VEN,1987,18157763
VEN,1988,18632163
VEN,1989,19109878
VEN,1990,19587963
VEN,1991,20066057
VEN,1992,20543735
VEN,1993,21018161
VEN,1994,21490880
VEN,1995,21959496
VEN,1996,22428145
VEN,1997,22896081
VEN,1998,23367290
VEN,1999,23835383
VEN,2000,24297804
VEN,2001,24755612
VEN,2002,25204231
VEN,2003,25667111
VEN,2004,26118296
VEN,2005,26563380
VEN,2006,27008227
VEN,2007,27441145
VEN,2008,27857581
VEN,2009,28249811
VEN,2010,28626785
VEN,2011,28999417
VEN,2012,29371006
VEN,2013,29736647
VEN,2014,30087749
VEN,2015,30420409
VEN,2016,30727535
VEN,2017,30803906
VEN,2018,30326741
VEN,2019,29288443
VEN,2020,28587753
VEN,2021,28300402
VEN,2022,28175250
VEN,2023,28250783
VEN,2024,28350925
VNM,1970,41021281
VNM,1971,41929178
VNM,1972,42969373
VNM,1973,43888964
VNM,1974,44930757
VNM,1975,45896318
VNM,1976,47069488
VNM,1977,48300373
VNM,1978,49609372
VNM,1979,50889733
VNM,1980,51866688
VNM,1981,53113515
VNM,1982,54362766
VNM,1983,55659812
VNM,1984,57016030
VNM,1985,58396103
VNM,1986,59725140
VNM,1987,60968956
VNM,1988,62200346
VNM,1989,63486109
VNM,1990,64808586
VNM,1991,66200519
VNM,1992,67583031
VNM,1993,68937644
VNM,1994,70235124
VNM,1995,71473658
VNM,1996,72626222
VNM,1997,73686671
VNM,1998,74767106
VNM,1999,75832215
VNM,2000,76742689
VNM,2001,77565332
VNM,2002,78373390
VNM,2003,79171058
VNM,2004,79956496
VNM,2005,80721447
VNM,2006,81455179
VNM,2007,82880614
VNM,2008,84386137
VNM,2009,85965438
VNM,2010,86954597
VNM,2011,87955706
VNM,2012,88980922
VNM,2013,90039789
VNM,2014,91106419
VNM,2015,92252737
VNM,2016,93393771
VNM,2017,94606462
VNM,2018,95747492
VNM,2019,96727147
VNM,2020,97620404
VNM,2021,98537978
VNM,2022,99332219
VNM,2023,100029091
VNM,2024,100675292
ZAF,1970,21946681
ZAF,1971,22613287
ZAF,1972,23270999
ZAF,1973,23947913
ZAF,1974,24640613
ZAF,1975,25337604
ZAF,1976,26044276
ZAF,1977,26746624
ZAF,1978,27491280
ZAF,1979,28247735
ZAF,1980,29020589
ZAF,1981,30017126
ZAF,1982,31064963
ZAF,1983,32165714
ZAF,1984,33312894.999999996
ZAF,1985,34472681
ZAF,1986,35611505
ZAF,1987,36749525
ZAF,1988,37902856
ZAF,1989,39058441
ZAF,1990,40198710
ZAF,1991,41293825
ZAF,1992,42081971
ZAF,1993,42805047
ZAF,1994,43789266
ZAF,1995,44219013
ZAF,1996,44864096
ZAF,1997,45381940
ZAF,1998,45951736
ZAF,1999,46496025
ZAF,2000,46964645
ZAF,2001,47354792
ZAF,2002,47778809
ZAF,2003,48260021
ZAF,2004,48740675
ZAF,2005,49242166
ZAF,2006,49737899
ZAF,2007,50258655
ZAF,2008,50798512
ZAF,2009,51430685
ZAF,2010,52026347
ZAF,2011,52661755
ZAF,2012,53328655
ZAF,2013,54236478
ZAF,2014,55121105
ZAF,2015,56068572
ZAF,2016,57378501
ZAF,2017,57140601
ZAF,2018,58129723
ZAF,2019,59096278
ZAF,2020,60079493
ZAF,2021,61045269
ZAF,2022,61959937
ZAF,2023,62796883
ZAF,2024,63627884
