model,family,ssp,marker,metric,year,index
AIM 3.0,Medium,SSP1,FALSE,agri_crops_pc,2020,1
AIM 3.0,Medium,SSP1,FALSE,agri_crops_pc,2025,1.0214085458687678
AIM 3.0,Medium,SSP1,FALSE,agri_crops_pc,2030,0.969627411918582
AIM 3.0,Medium,SSP1,FALSE,agri_crops_pc,2035,0.949222113758071
AIM 3.0,Medium,SSP1,FALSE,agri_crops_pc,2040,0.957955871312735
AIM 3.0,Medium,SSP1,FALSE,agri_crops_pc,2045,0.960617735199073
AIM 3.0,Medium,SSP1,FALSE,agri_crops_pc,2050,0.9649608185758983
AIM 3.0,Medium,SSP1,FALSE,agri_crops_pc,2055,0.9787284458153415
AIM 3.0,Medium,SSP1,FALSE,agri_crops_pc,2060,1.0033608458558962
AIM 3.0,Very Low,SSP1,FALSE,agri_crops_pc,2020,1
AIM 3.0,Very Low,SSP1,FALSE,agri_crops_pc,2025,1.02024941511918
AIM 3.0,Very Low,SSP1,FALSE,agri_crops_pc,2030,0.9471338203110568
AIM 3.0,Very Low,SSP1,FALSE,agri_crops_pc,2035,0.9195081073467483
AIM 3.0,Very Low,SSP1,FALSE,agri_crops_pc,2040,0.9104758570918171
AIM 3.0,Very Low,SSP1,FALSE,agri_crops_pc,2045,0.9030953643968814
AIM 3.0,Very Low,SSP1,FALSE,agri_crops_pc,2050,0.9293953742958603
AIM 3.0,Very Low,SSP1,FALSE,agri_crops_pc,2055,0.9463965520399297
AIM 3.0,Very Low,SSP1,FALSE,agri_crops_pc,2060,0.9597653355297185
AIM 3.0,Low,SSP2,FALSE,agri_crops_pc,2020,1
AIM 3.0,Low,SSP2,FALSE,agri_crops_pc,2025,1.0202479247942455
AIM 3.0,Low,SSP2,FALSE,agri_crops_pc,2030,0.9914345966193737
AIM 3.0,Low,SSP2,FALSE,agri_crops_pc,2035,0.995267431583421
AIM 3.0,Low,SSP2,FALSE,agri_crops_pc,2040,1.00959459976305
AIM 3.0,Low,SSP2,FALSE,agri_crops_pc,2045,1.0159209703115415
AIM 3.0,Low,SSP2,FALSE,agri_crops_pc,2050,1.0275385111221198
AIM 3.0,Low,SSP2,FALSE,agri_crops_pc,2055,1.0273571682539868
AIM 3.0,Low,SSP2,FALSE,agri_crops_pc,2060,1.0486237265807126
AIM 3.0,Low-to-Negative,SSP2,TRUE,agri_crops_pc,2020,1
AIM 3.0,Low-to-Negative,SSP2,TRUE,agri_crops_pc,2025,1.0202485395138505
AIM 3.0,Low-to-Negative,SSP2,TRUE,agri_crops_pc,2030,0.9831342826352889
AIM 3.0,Low-to-Negative,SSP2,TRUE,agri_crops_pc,2035,1.002324248426697
AIM 3.0,Low-to-Negative,SSP2,TRUE,agri_crops_pc,2040,1.0065908712863256
AIM 3.0,Low-to-Negative,SSP2,TRUE,agri_crops_pc,2045,1.0135931666456715
AIM 3.0,Low-to-Negative,SSP2,TRUE,agri_crops_pc,2050,1.026159181951559
AIM 3.0,Low-to-Negative,SSP2,TRUE,agri_crops_pc,2055,1.0318428168081923
AIM 3.0,Low-to-Negative,SSP2,TRUE,agri_crops_pc,2060,1.0400593289052178
AIM 3.0,Medium-to-Low,SSP2,FALSE,agri_crops_pc,2020,1
AIM 3.0,Medium-to-Low,SSP2,FALSE,agri_crops_pc,2025,1.0202451608830334
AIM 3.0,Medium-to-Low,SSP2,FALSE,agri_crops_pc,2030,0.9973669039519425
AIM 3.0,Medium-to-Low,SSP2,FALSE,agri_crops_pc,2035,1.0042795997582825
AIM 3.0,Medium-to-Low,SSP2,FALSE,agri_crops_pc,2040,1.0152113205799018
AIM 3.0,Medium-to-Low,SSP2,FALSE,agri_crops_pc,2045,1.020652029778872
AIM 3.0,Medium-to-Low,SSP2,FALSE,agri_crops_pc,2050,1.0398065603295228
AIM 3.0,Medium-to-Low,SSP2,FALSE,agri_crops_pc,2055,1.0532394623441768
AIM 3.0,Medium-to-Low,SSP2,FALSE,agri_crops_pc,2060,1.0723869281723504
AIM 3.0,Medium,SSP2,FALSE,agri_crops_pc,2020,1
AIM 3.0,Medium,SSP2,FALSE,agri_crops_pc,2025,1.0202429703151936
AIM 3.0,Medium,SSP2,FALSE,agri_crops_pc,2030,0.9916000908408381
AIM 3.0,Medium,SSP2,FALSE,agri_crops_pc,2035,1.0143759348513588
AIM 3.0,Medium,SSP2,FALSE,agri_crops_pc,2040,1.0256811822695429
AIM 3.0,Medium,SSP2,FALSE,agri_crops_pc,2045,1.03830573671604
AIM 3.0,Medium,SSP2,FALSE,agri_crops_pc,2050,1.052626826921668
AIM 3.0,Medium,SSP2,FALSE,agri_crops_pc,2055,1.0686408972027208
AIM 3.0,Medium,SSP2,FALSE,agri_crops_pc,2060,1.086883954292295
AIM 3.0,Very Low,SSP2,FALSE,agri_crops_pc,2020,1
AIM 3.0,Very Low,SSP2,FALSE,agri_crops_pc,2025,1.0202458327024118
AIM 3.0,Very Low,SSP2,FALSE,agri_crops_pc,2030,0.9309010332563653
AIM 3.0,Very Low,SSP2,FALSE,agri_crops_pc,2035,0.9425226808114288
AIM 3.0,Very Low,SSP2,FALSE,agri_crops_pc,2040,0.917937236895746
AIM 3.0,Very Low,SSP2,FALSE,agri_crops_pc,2045,0.9078416714893237
AIM 3.0,Very Low,SSP2,FALSE,agri_crops_pc,2050,0.8972162209629614
AIM 3.0,Very Low,SSP2,FALSE,agri_crops_pc,2055,0.8790905018286638
AIM 3.0,Very Low,SSP2,FALSE,agri_crops_pc,2060,0.8873719493482052
AIM 3.0,High,SSP3,FALSE,agri_crops_pc,2020,1
AIM 3.0,High,SSP3,FALSE,agri_crops_pc,2025,1.021402264911035
AIM 3.0,High,SSP3,FALSE,agri_crops_pc,2030,0.9976215752903037
AIM 3.0,High,SSP3,FALSE,agri_crops_pc,2035,1.0177031723279502
AIM 3.0,High,SSP3,FALSE,agri_crops_pc,2040,1.031597741398116
AIM 3.0,High,SSP3,FALSE,agri_crops_pc,2045,1.032158456283314
AIM 3.0,High,SSP3,FALSE,agri_crops_pc,2050,1.0366722751706199
AIM 3.0,High,SSP3,FALSE,agri_crops_pc,2055,1.0311609618183337
AIM 3.0,High,SSP3,FALSE,agri_crops_pc,2060,1.0488149284728294
AIM 3.0,High,SSP5,FALSE,agri_crops_pc,2020,1
AIM 3.0,High,SSP5,FALSE,agri_crops_pc,2025,1.0213794864712131
AIM 3.0,High,SSP5,FALSE,agri_crops_pc,2030,1.0024198939590272
AIM 3.0,High,SSP5,FALSE,agri_crops_pc,2035,1.0198449450332523
AIM 3.0,High,SSP5,FALSE,agri_crops_pc,2040,1.062899155586081
AIM 3.0,High,SSP5,FALSE,agri_crops_pc,2045,1.0885759728904583
AIM 3.0,High,SSP5,FALSE,agri_crops_pc,2050,1.1369965698207978
AIM 3.0,High,SSP5,FALSE,agri_crops_pc,2055,1.1695599256655358
AIM 3.0,High,SSP5,FALSE,agri_crops_pc,2060,1.198851616651332
GCAM 8s,Low,SSP2,FALSE,agri_crops_pc,2020,1
GCAM 8s,Low,SSP2,FALSE,agri_crops_pc,2025,1.024378554284767
GCAM 8s,Low,SSP2,FALSE,agri_crops_pc,2030,1.072724452170222
GCAM 8s,Low,SSP2,FALSE,agri_crops_pc,2035,1.1227599171579554
GCAM 8s,Low,SSP2,FALSE,agri_crops_pc,2040,1.1570529031094563
GCAM 8s,Low,SSP2,FALSE,agri_crops_pc,2045,1.227459009099052
GCAM 8s,Low,SSP2,FALSE,agri_crops_pc,2050,1.326138810282222
GCAM 8s,Low,SSP2,FALSE,agri_crops_pc,2055,1.3900874111316122
GCAM 8s,Low,SSP2,FALSE,agri_crops_pc,2060,1.4420494996158295
GCAM 8s,Low-to-Negative,SSP2,FALSE,agri_crops_pc,2020,1
GCAM 8s,Low-to-Negative,SSP2,FALSE,agri_crops_pc,2025,1.0249572350154144
GCAM 8s,Low-to-Negative,SSP2,FALSE,agri_crops_pc,2030,1.0779277478854072
GCAM 8s,Low-to-Negative,SSP2,FALSE,agri_crops_pc,2035,1.1169318924974048
GCAM 8s,Low-to-Negative,SSP2,FALSE,agri_crops_pc,2040,1.1550773214161147
GCAM 8s,Low-to-Negative,SSP2,FALSE,agri_crops_pc,2045,1.3280090817594121
GCAM 8s,Low-to-Negative,SSP2,FALSE,agri_crops_pc,2050,1.347530622290252
GCAM 8s,Low-to-Negative,SSP2,FALSE,agri_crops_pc,2055,1.398756255088283
GCAM 8s,Low-to-Negative,SSP2,FALSE,agri_crops_pc,2060,1.4348066797235337
GCAM 8s,Medium-to-Low,SSP2,FALSE,agri_crops_pc,2020,1
GCAM 8s,Medium-to-Low,SSP2,FALSE,agri_crops_pc,2025,1.0244487318211188
GCAM 8s,Medium-to-Low,SSP2,FALSE,agri_crops_pc,2030,1.0946401085036355
GCAM 8s,Medium-to-Low,SSP2,FALSE,agri_crops_pc,2035,1.1270962438828693
GCAM 8s,Medium-to-Low,SSP2,FALSE,agri_crops_pc,2040,1.1596240866118643
GCAM 8s,Medium-to-Low,SSP2,FALSE,agri_crops_pc,2045,1.2096320636705555
GCAM 8s,Medium-to-Low,SSP2,FALSE,agri_crops_pc,2050,1.2953629177462862
GCAM 8s,Medium-to-Low,SSP2,FALSE,agri_crops_pc,2055,1.4270778269755013
GCAM 8s,Medium-to-Low,SSP2,FALSE,agri_crops_pc,2060,1.5312597428178232
GCAM 8s,Medium,SSP2,FALSE,agri_crops_pc,2020,1
GCAM 8s,Medium,SSP2,FALSE,agri_crops_pc,2025,1.0244519746844762
GCAM 8s,Medium,SSP2,FALSE,agri_crops_pc,2030,1.0955525203819692
GCAM 8s,Medium,SSP2,FALSE,agri_crops_pc,2035,1.128692101758016
GCAM 8s,Medium,SSP2,FALSE,agri_crops_pc,2040,1.1619216573622204
GCAM 8s,Medium,SSP2,FALSE,agri_crops_pc,2045,1.206165486123863
GCAM 8s,Medium,SSP2,FALSE,agri_crops_pc,2050,1.2649356745204343
GCAM 8s,Medium,SSP2,FALSE,agri_crops_pc,2055,1.3221267806586527
GCAM 8s,Medium,SSP2,FALSE,agri_crops_pc,2060,1.370430022153586
GCAM 8s,High,SSP3,TRUE,agri_crops_pc,2020,1
GCAM 8s,High,SSP3,TRUE,agri_crops_pc,2025,1.0241791173980004
GCAM 8s,High,SSP3,TRUE,agri_crops_pc,2030,1.0893457750918378
GCAM 8s,High,SSP3,TRUE,agri_crops_pc,2035,1.1104133070166926
GCAM 8s,High,SSP3,TRUE,agri_crops_pc,2040,1.1230240967645193
GCAM 8s,High,SSP3,TRUE,agri_crops_pc,2045,1.1457747925446764
GCAM 8s,High,SSP3,TRUE,agri_crops_pc,2050,1.188617580979057
GCAM 8s,High,SSP3,TRUE,agri_crops_pc,2055,1.228669687229949
GCAM 8s,High,SSP3,TRUE,agri_crops_pc,2060,1.2484547081326398
GCAM 8s,High,SSP5,FALSE,agri_crops_pc,2020,1
GCAM 8s,High,SSP5,FALSE,agri_crops_pc,2025,1.0254259367382148
GCAM 8s,High,SSP5,FALSE,agri_crops_pc,2030,1.112070373995929
GCAM 8s,High,SSP5,FALSE,agri_crops_pc,2035,1.1489252409911632
GCAM 8s,High,SSP5,FALSE,agri_crops_pc,2040,1.1949763391994377
GCAM 8s,High,SSP5,FALSE,agri_crops_pc,2045,1.2587207134262892
GCAM 8s,High,SSP5,FALSE,agri_crops_pc,2050,1.3299755061634837
GCAM 8s,High,SSP5,FALSE,agri_crops_pc,2055,1.3721954252877926
GCAM 8s,High,SSP5,FALSE,agri_crops_pc,2060,1.415244029111307
GCAM 8s,High-to-Low,SSP5,FALSE,agri_crops_pc,2020,1
GCAM 8s,High-to-Low,SSP5,FALSE,agri_crops_pc,2025,1.0254259367382148
GCAM 8s,High-to-Low,SSP5,FALSE,agri_crops_pc,2030,1.112070373995929
GCAM 8s,High-to-Low,SSP5,FALSE,agri_crops_pc,2035,1.1489252409911632
GCAM 8s,High-to-Low,SSP5,FALSE,agri_crops_pc,2040,1.1949763391994377
GCAM 8s,High-to-Low,SSP5,FALSE,agri_crops_pc,2045,1.2587207134262892
GCAM 8s,High-to-Low,SSP5,FALSE,agri_crops_pc,2050,1.3299755061634837
GCAM 8s,High-to-Low,SSP5,FALSE,agri_crops_pc,2055,1.3721954252877926
GCAM 8s,High-to-Low,SSP5,FALSE,agri_crops_pc,2060,1.415244029111307
IMAGE 3.4,Low,SSP1,FALSE,agri_crops_pc,2020,1
IMAGE 3.4,Low,SSP1,FALSE,agri_crops_pc,2025,0.9995604667548738
IMAGE 3.4,Low,SSP1,FALSE,agri_crops_pc,2030,1.007537155029572
IMAGE 3.4,Low,SSP1,FALSE,agri_crops_pc,2035,1.0261664748324668
IMAGE 3.4,Low,SSP1,FALSE,agri_crops_pc,2040,1.060269979054937
IMAGE 3.4,Low,SSP1,FALSE,agri_crops_pc,2045,1.0806099122551136
IMAGE 3.4,Low,SSP1,FALSE,agri_crops_pc,2050,1.1031759246623611
IMAGE 3.4,Low,SSP1,FALSE,agri_crops_pc,2060,1.1295125146213603
IMAGE 3.4,Low-to-Negative,SSP1,FALSE,agri_crops_pc,2020,1
IMAGE 3.4,Low-to-Negative,SSP1,FALSE,agri_crops_pc,2025,0.9995604667548738
IMAGE 3.4,Low-to-Negative,SSP1,FALSE,agri_crops_pc,2030,1.0081045471324264
IMAGE 3.4,Low-to-Negative,SSP1,FALSE,agri_crops_pc,2035,1.0235105392954456
IMAGE 3.4,Low-to-Negative,SSP1,FALSE,agri_crops_pc,2040,1.0554862543644306
IMAGE 3.4,Low-to-Negative,SSP1,FALSE,agri_crops_pc,2045,1.074846416637739
IMAGE 3.4,Low-to-Negative,SSP1,FALSE,agri_crops_pc,2050,1.1091849215514487
IMAGE 3.4,Low-to-Negative,SSP1,FALSE,agri_crops_pc,2060,1.2398248363128286
IMAGE 3.4,Medium-to-Low,SSP1,FALSE,agri_crops_pc,2020,1
IMAGE 3.4,Medium-to-Low,SSP1,FALSE,agri_crops_pc,2025,0.9995604667548738
IMAGE 3.4,Medium-to-Low,SSP1,FALSE,agri_crops_pc,2030,1.0110681609191772
IMAGE 3.4,Medium-to-Low,SSP1,FALSE,agri_crops_pc,2035,1.0281741167121456
IMAGE 3.4,Medium-to-Low,SSP1,FALSE,agri_crops_pc,2040,1.0582095927027035
IMAGE 3.4,Medium-to-Low,SSP1,FALSE,agri_crops_pc,2045,1.0808375770280227
IMAGE 3.4,Medium-to-Low,SSP1,FALSE,agri_crops_pc,2050,1.101046864385726
IMAGE 3.4,Medium-to-Low,SSP1,FALSE,agri_crops_pc,2060,1.1467705983480245
IMAGE 3.4,Medium,SSP1,FALSE,agri_crops_pc,2020,1
IMAGE 3.4,Medium,SSP1,FALSE,agri_crops_pc,2025,0.9995604667548738
IMAGE 3.4,Medium,SSP1,FALSE,agri_crops_pc,2030,1.008445382734943
IMAGE 3.4,Medium,SSP1,FALSE,agri_crops_pc,2035,1.026619590906579
IMAGE 3.4,Medium,SSP1,FALSE,agri_crops_pc,2040,1.0603769290886502
IMAGE 3.4,Medium,SSP1,FALSE,agri_crops_pc,2045,1.0832557735920936
IMAGE 3.4,Medium,SSP1,FALSE,agri_crops_pc,2050,1.1016897603734979
IMAGE 3.4,Medium,SSP1,FALSE,agri_crops_pc,2060,1.1384879419608602
IMAGE 3.4,Very Low,SSP1,FALSE,agri_crops_pc,2020,1
IMAGE 3.4,Very Low,SSP1,FALSE,agri_crops_pc,2025,1.0003191926134833
IMAGE 3.4,Very Low,SSP1,FALSE,agri_crops_pc,2030,0.9954873610890491
IMAGE 3.4,Very Low,SSP1,FALSE,agri_crops_pc,2035,1.0007308899403515
IMAGE 3.4,Very Low,SSP1,FALSE,agri_crops_pc,2040,1.033824149468825
IMAGE 3.4,Very Low,SSP1,FALSE,agri_crops_pc,2045,1.1038464866247
IMAGE 3.4,Very Low,SSP1,FALSE,agri_crops_pc,2050,1.1692918446170424
IMAGE 3.4,Very Low,SSP1,FALSE,agri_crops_pc,2060,1.2237584326103448
IMAGE 3.4,Low,SSP2,FALSE,agri_crops_pc,2020,1
IMAGE 3.4,Low,SSP2,FALSE,agri_crops_pc,2025,1.0033049651233226
IMAGE 3.4,Low,SSP2,FALSE,agri_crops_pc,2030,1.0159824305737548
IMAGE 3.4,Low,SSP2,FALSE,agri_crops_pc,2035,1.0459087130600744
IMAGE 3.4,Low,SSP2,FALSE,agri_crops_pc,2040,1.0872207609940976
IMAGE 3.4,Low,SSP2,FALSE,agri_crops_pc,2045,1.1139680397037424
IMAGE 3.4,Low,SSP2,FALSE,agri_crops_pc,2050,1.1257449269195972
IMAGE 3.4,Low,SSP2,FALSE,agri_crops_pc,2060,1.2181233930010236
IMAGE 3.4,Low-to-Negative,SSP2,FALSE,agri_crops_pc,2020,1
IMAGE 3.4,Low-to-Negative,SSP2,FALSE,agri_crops_pc,2025,1.0033049651233226
IMAGE 3.4,Low-to-Negative,SSP2,FALSE,agri_crops_pc,2030,1.0174465658141834
IMAGE 3.4,Low-to-Negative,SSP2,FALSE,agri_crops_pc,2035,1.0376874509340777
IMAGE 3.4,Low-to-Negative,SSP2,FALSE,agri_crops_pc,2040,1.0578517252251636
IMAGE 3.4,Low-to-Negative,SSP2,FALSE,agri_crops_pc,2045,1.0772720172172572
IMAGE 3.4,Low-to-Negative,SSP2,FALSE,agri_crops_pc,2050,1.1036978090643745
IMAGE 3.4,Low-to-Negative,SSP2,FALSE,agri_crops_pc,2060,1.2498844001919716
IMAGE 3.4,Medium-to-Low,SSP2,FALSE,agri_crops_pc,2020,1
IMAGE 3.4,Medium-to-Low,SSP2,FALSE,agri_crops_pc,2025,1.0033049651233226
IMAGE 3.4,Medium-to-Low,SSP2,FALSE,agri_crops_pc,2030,1.022350486702913
IMAGE 3.4,Medium-to-Low,SSP2,FALSE,agri_crops_pc,2035,1.0446515364131426
IMAGE 3.4,Medium-to-Low,SSP2,FALSE,agri_crops_pc,2040,1.065834158144205
IMAGE 3.4,Medium-to-Low,SSP2,FALSE,agri_crops_pc,2045,1.0884578708526267
IMAGE 3.4,Medium-to-Low,SSP2,FALSE,agri_crops_pc,2050,1.1017456395843315
IMAGE 3.4,Medium-to-Low,SSP2,FALSE,agri_crops_pc,2060,1.1209090258197052
IMAGE 3.4,Medium,SSP2,TRUE,agri_crops_pc,2020,1
IMAGE 3.4,Medium,SSP2,TRUE,agri_crops_pc,2025,1.0038590067102684
IMAGE 3.4,Medium,SSP2,TRUE,agri_crops_pc,2030,1.0241806105026379
IMAGE 3.4,Medium,SSP2,TRUE,agri_crops_pc,2035,1.0459694007384115
IMAGE 3.4,Medium,SSP2,TRUE,agri_crops_pc,2040,1.0664149380145727
IMAGE 3.4,Medium,SSP2,TRUE,agri_crops_pc,2045,1.0900561311003676
IMAGE 3.4,Medium,SSP2,TRUE,agri_crops_pc,2050,1.1050225870237962
IMAGE 3.4,Medium,SSP2,TRUE,agri_crops_pc,2060,1.127112197461203
IMAGE 3.4,Very Low,SSP2,FALSE,agri_crops_pc,2020,1
IMAGE 3.4,Very Low,SSP2,FALSE,agri_crops_pc,2025,1.0040369367744442
IMAGE 3.4,Very Low,SSP2,FALSE,agri_crops_pc,2030,1.006020977320233
IMAGE 3.4,Very Low,SSP2,FALSE,agri_crops_pc,2035,1.019460140389759
IMAGE 3.4,Very Low,SSP2,FALSE,agri_crops_pc,2040,1.062455483198489
IMAGE 3.4,Very Low,SSP2,FALSE,agri_crops_pc,2045,1.1214617423431992
IMAGE 3.4,Very Low,SSP2,FALSE,agri_crops_pc,2050,1.1783523027305836
IMAGE 3.4,Very Low,SSP2,FALSE,agri_crops_pc,2060,1.2175344528459175
IMAGE 3.4,High,SSP3,FALSE,agri_crops_pc,2020,1
IMAGE 3.4,High,SSP3,FALSE,agri_crops_pc,2025,1.0064344346328373
IMAGE 3.4,High,SSP3,FALSE,agri_crops_pc,2030,1.042500500236947
IMAGE 3.4,High,SSP3,FALSE,agri_crops_pc,2035,1.0729098414419784
IMAGE 3.4,High,SSP3,FALSE,agri_crops_pc,2040,1.1033060756961848
IMAGE 3.4,High,SSP3,FALSE,agri_crops_pc,2045,1.136515979729967
IMAGE 3.4,High,SSP3,FALSE,agri_crops_pc,2050,1.15679796355221
IMAGE 3.4,High,SSP3,FALSE,agri_crops_pc,2060,1.1323901366112907
IMAGE 3.4,High,SSP5,FALSE,agri_crops_pc,2020,1
IMAGE 3.4,High,SSP5,FALSE,agri_crops_pc,2025,1.0001590367437687
IMAGE 3.4,High,SSP5,FALSE,agri_crops_pc,2030,1.035169016337506
IMAGE 3.4,High,SSP5,FALSE,agri_crops_pc,2035,1.0850708362056791
IMAGE 3.4,High,SSP5,FALSE,agri_crops_pc,2040,1.1337699048189465
IMAGE 3.4,High,SSP5,FALSE,agri_crops_pc,2045,1.184031644127002
IMAGE 3.4,High,SSP5,FALSE,agri_crops_pc,2050,1.2229438823825531
IMAGE 3.4,High,SSP5,FALSE,agri_crops_pc,2060,1.281738011963602
IMAGE 3.4,High-to-Low,SSP5,FALSE,agri_crops_pc,2020,1
IMAGE 3.4,High-to-Low,SSP5,FALSE,agri_crops_pc,2025,1.0001590367437687
IMAGE 3.4,High-to-Low,SSP5,FALSE,agri_crops_pc,2030,1.0351710176449855
IMAGE 3.4,High-to-Low,SSP5,FALSE,agri_crops_pc,2035,1.08507826053607
IMAGE 3.4,High-to-Low,SSP5,FALSE,agri_crops_pc,2040,1.1337149647147753
IMAGE 3.4,High-to-Low,SSP5,FALSE,agri_crops_pc,2045,1.1839651957852675
IMAGE 3.4,High-to-Low,SSP5,FALSE,agri_crops_pc,2050,1.2228090322616445
IMAGE 3.4,High-to-Low,SSP5,FALSE,agri_crops_pc,2060,1.2816965129615525
MESSAGEix-GLOBIOM-GAINS 2.1-M-R12,Low,SSP1,FALSE,agri_crops_pc,2020,1
MESSAGEix-GLOBIOM-GAINS 2.1-M-R12,Low,SSP1,FALSE,agri_crops_pc,2025,1.0223450324162056
MESSAGEix-GLOBIOM-GAINS 2.1-M-R12,Low,SSP1,FALSE,agri_crops_pc,2030,0.9794868455361525
MESSAGEix-GLOBIOM-GAINS 2.1-M-R12,Low,SSP1,FALSE,agri_crops_pc,2035,0.9519371593202407
MESSAGEix-GLOBIOM-GAINS 2.1-M-R12,Low,SSP1,FALSE,agri_crops_pc,2040,0.9306550704021979
MESSAGEix-GLOBIOM-GAINS 2.1-M-R12,Low,SSP1,FALSE,agri_crops_pc,2045,0.9047356977001032
MESSAGEix-GLOBIOM-GAINS 2.1-M-R12,Low,SSP1,FALSE,agri_crops_pc,2050,0.8836550671723818
MESSAGEix-GLOBIOM-GAINS 2.1-M-R12,Low,SSP1,FALSE,agri_crops_pc,2055,0.8678118070039673
MESSAGEix-GLOBIOM-GAINS 2.1-M-R12,Low,SSP1,FALSE,agri_crops_pc,2060,0.8573750321098103
MESSAGEix-GLOBIOM-GAINS 2.1-M-R12,Very Low,SSP1,FALSE,agri_crops_pc,2020,1
MESSAGEix-GLOBIOM-GAINS 2.1-M-R12,Very Low,SSP1,FALSE,agri_crops_pc,2025,1.0223450324162056
MESSAGEix-GLOBIOM-GAINS 2.1-M-R12,Very Low,SSP1,FALSE,agri_crops_pc,2030,0.9768802179987346
MESSAGEix-GLOBIOM-GAINS 2.1-M-R12,Very Low,SSP1,FALSE,agri_crops_pc,2035,0.948055401245374
MESSAGEix-GLOBIOM-GAINS 2.1-M-R12,Very Low,SSP1,FALSE,agri_crops_pc,2040,0.9255423149153431
MESSAGEix-GLOBIOM-GAINS 2.1-M-R12,Very Low,SSP1,FALSE,agri_crops_pc,2045,0.8986462264171525
MESSAGEix-GLOBIOM-GAINS 2.1-M-R12,Very Low,SSP1,FALSE,agri_crops_pc,2050,0.8765937211590843
MESSAGEix-GLOBIOM-GAINS 2.1-M-R12,Very Low,SSP1,FALSE,agri_crops_pc,2055,0.864227188930366
MESSAGEix-GLOBIOM-GAINS 2.1-M-R12,Very Low,SSP1,FALSE,agri_crops_pc,2060,0.8572101922649221
MESSAGEix-GLOBIOM-GAINS 2.1-M-R12,Low,SSP2,TRUE,agri_crops_pc,2020,1
MESSAGEix-GLOBIOM-GAINS 2.1-M-R12,Low,SSP2,TRUE,agri_crops_pc,2025,1.0223450324162056
MESSAGEix-GLOBIOM-GAINS 2.1-M-R12,Low,SSP2,TRUE,agri_crops_pc,2030,1.0395185538573417
MESSAGEix-GLOBIOM-GAINS 2.1-M-R12,Low,SSP2,TRUE,agri_crops_pc,2035,1.0437758415719518
MESSAGEix-GLOBIOM-GAINS 2.1-M-R12,Low,SSP2,TRUE,agri_crops_pc,2040,1.0507990443760953
MESSAGEix-GLOBIOM-GAINS 2.1-M-R12,Low,SSP2,TRUE,agri_crops_pc,2045,1.0517146370330752
MESSAGEix-GLOBIOM-GAINS 2.1-M-R12,Low,SSP2,TRUE,agri_crops_pc,2050,1.0567469988708382
MESSAGEix-GLOBIOM-GAINS 2.1-M-R12,Low,SSP2,TRUE,agri_crops_pc,2055,1.064875857288669
MESSAGEix-GLOBIOM-GAINS 2.1-M-R12,Low,SSP2,TRUE,agri_crops_pc,2060,1.076951195566794
MESSAGEix-GLOBIOM-GAINS 2.1-M-R12,Low-to-Negative,SSP2,FALSE,agri_crops_pc,2020,1
MESSAGEix-GLOBIOM-GAINS 2.1-M-R12,Low-to-Negative,SSP2,FALSE,agri_crops_pc,2025,1.0223450324162056
MESSAGEix-GLOBIOM-GAINS 2.1-M-R12,Low-to-Negative,SSP2,FALSE,agri_crops_pc,2030,1.042995184814111
MESSAGEix-GLOBIOM-GAINS 2.1-M-R12,Low-to-Negative,SSP2,FALSE,agri_crops_pc,2035,1.0465616602589713
MESSAGEix-GLOBIOM-GAINS 2.1-M-R12,Low-to-Negative,SSP2,FALSE,agri_crops_pc,2040,1.0529487669823079
MESSAGEix-GLOBIOM-GAINS 2.1-M-R12,Low-to-Negative,SSP2,FALSE,agri_crops_pc,2045,1.0518554902068977
MESSAGEix-GLOBIOM-GAINS 2.1-M-R12,Low-to-Negative,SSP2,FALSE,agri_crops_pc,2050,1.0549807451866942
MESSAGEix-GLOBIOM-GAINS 2.1-M-R12,Low-to-Negative,SSP2,FALSE,agri_crops_pc,2055,1.0789709250753872
MESSAGEix-GLOBIOM-GAINS 2.1-M-R12,Low-to-Negative,SSP2,FALSE,agri_crops_pc,2060,1.106448386635543
MESSAGEix-GLOBIOM-GAINS 2.1-M-R12,Medium-to-Low,SSP2,FALSE,agri_crops_pc,2020,1
MESSAGEix-GLOBIOM-GAINS 2.1-M-R12,Medium-to-Low,SSP2,FALSE,agri_crops_pc,2025,1.0223450324162056
MESSAGEix-GLOBIOM-GAINS 2.1-M-R12,Medium-to-Low,SSP2,FALSE,agri_crops_pc,2030,1.042995184814111
MESSAGEix-GLOBIOM-GAINS 2.1-M-R12,Medium-to-Low,SSP2,FALSE,agri_crops_pc,2035,1.049914814990549
MESSAGEix-GLOBIOM-GAINS 2.1-M-R12,Medium-to-Low,SSP2,FALSE,agri_crops_pc,2040,1.059438845881132
MESSAGEix-GLOBIOM-GAINS 2.1-M-R12,Medium-to-Low,SSP2,FALSE,agri_crops_pc,2045,1.062971821267889
MESSAGEix-GLOBIOM-GAINS 2.1-M-R12,Medium-to-Low,SSP2,FALSE,agri_crops_pc,2050,1.0705342626053767
MESSAGEix-GLOBIOM-GAINS 2.1-M-R12,Medium-to-Low,SSP2,FALSE,agri_crops_pc,2055,1.0735327815044375
MESSAGEix-GLOBIOM-GAINS 2.1-M-R12,Medium-to-Low,SSP2,FALSE,agri_crops_pc,2060,1.0806785619718653
MESSAGEix-GLOBIOM-GAINS 2.1-M-R12,Medium,SSP2,FALSE,agri_crops_pc,2020,1
MESSAGEix-GLOBIOM-GAINS 2.1-M-R12,Medium,SSP2,FALSE,agri_crops_pc,2025,1.0223450324162056
MESSAGEix-GLOBIOM-GAINS 2.1-M-R12,Medium,SSP2,FALSE,agri_crops_pc,2030,1.0430079520321607
MESSAGEix-GLOBIOM-GAINS 2.1-M-R12,Medium,SSP2,FALSE,agri_crops_pc,2035,1.0504264459145936
MESSAGEix-GLOBIOM-GAINS 2.1-M-R12,Medium,SSP2,FALSE,agri_crops_pc,2040,1.060417208273152
MESSAGEix-GLOBIOM-GAINS 2.1-M-R12,Medium,SSP2,FALSE,agri_crops_pc,2045,1.0649536476620323
MESSAGEix-GLOBIOM-GAINS 2.1-M-R12,Medium,SSP2,FALSE,agri_crops_pc,2050,1.0734768438440274
MESSAGEix-GLOBIOM-GAINS 2.1-M-R12,Medium,SSP2,FALSE,agri_crops_pc,2055,1.0781889994341185
MESSAGEix-GLOBIOM-GAINS 2.1-M-R12,Medium,SSP2,FALSE,agri_crops_pc,2060,1.087011194482277
MESSAGEix-GLOBIOM-GAINS 2.1-M-R12,Very Low,SSP2,FALSE,agri_crops_pc,2020,1
MESSAGEix-GLOBIOM-GAINS 2.1-M-R12,Very Low,SSP2,FALSE,agri_crops_pc,2025,1.0223450324162056
MESSAGEix-GLOBIOM-GAINS 2.1-M-R12,Very Low,SSP2,FALSE,agri_crops_pc,2030,0.9769175447055279
MESSAGEix-GLOBIOM-GAINS 2.1-M-R12,Very Low,SSP2,FALSE,agri_crops_pc,2035,0.9407987405400942
MESSAGEix-GLOBIOM-GAINS 2.1-M-R12,Very Low,SSP2,FALSE,agri_crops_pc,2040,0.9098664330520947
MESSAGEix-GLOBIOM-GAINS 2.1-M-R12,Very Low,SSP2,FALSE,agri_crops_pc,2045,0.8807164831921248
MESSAGEix-GLOBIOM-GAINS 2.1-M-R12,Very Low,SSP2,FALSE,agri_crops_pc,2050,0.8565211329805483
MESSAGEix-GLOBIOM-GAINS 2.1-M-R12,Very Low,SSP2,FALSE,agri_crops_pc,2055,0.8394246045844902
MESSAGEix-GLOBIOM-GAINS 2.1-M-R12,Very Low,SSP2,FALSE,agri_crops_pc,2060,0.8262020785548522
MESSAGEix-GLOBIOM-GAINS 2.1-M-R12,High,SSP3,FALSE,agri_crops_pc,2020,1
MESSAGEix-GLOBIOM-GAINS 2.1-M-R12,High,SSP3,FALSE,agri_crops_pc,2025,1.0223450324162056
MESSAGEix-GLOBIOM-GAINS 2.1-M-R12,High,SSP3,FALSE,agri_crops_pc,2030,1.0238553197913376
MESSAGEix-GLOBIOM-GAINS 2.1-M-R12,High,SSP3,FALSE,agri_crops_pc,2035,1.0187113644395998
MESSAGEix-GLOBIOM-GAINS 2.1-M-R12,High,SSP3,FALSE,agri_crops_pc,2040,1.0136903355372922
MESSAGEix-GLOBIOM-GAINS 2.1-M-R12,High,SSP3,FALSE,agri_crops_pc,2045,1.0031421815463792
MESSAGEix-GLOBIOM-GAINS 2.1-M-R12,High,SSP3,FALSE,agri_crops_pc,2050,0.9957069105137965
MESSAGEix-GLOBIOM-GAINS 2.1-M-R12,High,SSP3,FALSE,agri_crops_pc,2055,0.9873108601039637
MESSAGEix-GLOBIOM-GAINS 2.1-M-R12,High,SSP3,FALSE,agri_crops_pc,2060,0.9796079587392458
MESSAGEix-GLOBIOM-GAINS 2.1-M-R12,High-to-Low,SSP3,FALSE,agri_crops_pc,2020,1
MESSAGEix-GLOBIOM-GAINS 2.1-M-R12,High-to-Low,SSP3,FALSE,agri_crops_pc,2025,1.0223450324162056
MESSAGEix-GLOBIOM-GAINS 2.1-M-R12,High-to-Low,SSP3,FALSE,agri_crops_pc,2030,1.0237532611074112
MESSAGEix-GLOBIOM-GAINS 2.1-M-R12,High-to-Low,SSP3,FALSE,agri_crops_pc,2035,1.0182133054389533
MESSAGEix-GLOBIOM-GAINS 2.1-M-R12,High-to-Low,SSP3,FALSE,agri_crops_pc,2040,1.012830143599609
MESSAGEix-GLOBIOM-GAINS 2.1-M-R12,High-to-Low,SSP3,FALSE,agri_crops_pc,2045,1.001929656077422
MESSAGEix-GLOBIOM-GAINS 2.1-M-R12,High-to-Low,SSP3,FALSE,agri_crops_pc,2050,0.994164376359377
MESSAGEix-GLOBIOM-GAINS 2.1-M-R12,High-to-Low,SSP3,FALSE,agri_crops_pc,2055,0.9859825976067261
MESSAGEix-GLOBIOM-GAINS 2.1-M-R12,High-to-Low,SSP3,FALSE,agri_crops_pc,2060,0.9784804882855757
MESSAGEix-GLOBIOM-GAINS 2.1-M-R12,Low-to-Negative,SSP4,FALSE,agri_crops_pc,2020,1
MESSAGEix-GLOBIOM-GAINS 2.1-M-R12,Low-to-Negative,SSP4,FALSE,agri_crops_pc,2025,1.0223450324162056
MESSAGEix-GLOBIOM-GAINS 2.1-M-R12,Low-to-Negative,SSP4,FALSE,agri_crops_pc,2030,1.0380523125815198
MESSAGEix-GLOBIOM-GAINS 2.1-M-R12,Low-to-Negative,SSP4,FALSE,agri_crops_pc,2035,1.036667703040313
MESSAGEix-GLOBIOM-GAINS 2.1-M-R12,Low-to-Negative,SSP4,FALSE,agri_crops_pc,2040,1.0363646568093856
MESSAGEix-GLOBIOM-GAINS 2.1-M-R12,Low-to-Negative,SSP4,FALSE,agri_crops_pc,2045,1.0269955263426687
MESSAGEix-GLOBIOM-GAINS 2.1-M-R12,Low-to-Negative,SSP4,FALSE,agri_crops_pc,2050,1.0210830648817568
MESSAGEix-GLOBIOM-GAINS 2.1-M-R12,Low-to-Negative,SSP4,FALSE,agri_crops_pc,2055,1.0158009117844735
MESSAGEix-GLOBIOM-GAINS 2.1-M-R12,Low-to-Negative,SSP4,FALSE,agri_crops_pc,2060,1.0120795891023961
MESSAGEix-GLOBIOM-GAINS 2.1-M-R12,High,SSP5,FALSE,agri_crops_pc,2020,1
MESSAGEix-GLOBIOM-GAINS 2.1-M-R12,High,SSP5,FALSE,agri_crops_pc,2025,1.0223450324162056
MESSAGEix-GLOBIOM-GAINS 2.1-M-R12,High,SSP5,FALSE,agri_crops_pc,2030,1.0437036808787101
MESSAGEix-GLOBIOM-GAINS 2.1-M-R12,High,SSP5,FALSE,agri_crops_pc,2035,1.0674532513692823
MESSAGEix-GLOBIOM-GAINS 2.1-M-R12,High,SSP5,FALSE,agri_crops_pc,2040,1.0954710264013232
MESSAGEix-GLOBIOM-GAINS 2.1-M-R12,High,SSP5,FALSE,agri_crops_pc,2045,1.114848388301805
MESSAGEix-GLOBIOM-GAINS 2.1-M-R12,High,SSP5,FALSE,agri_crops_pc,2050,1.1384537691105268
MESSAGEix-GLOBIOM-GAINS 2.1-M-R12,High,SSP5,FALSE,agri_crops_pc,2055,1.1536446506943758
MESSAGEix-GLOBIOM-GAINS 2.1-M-R12,High,SSP5,FALSE,agri_crops_pc,2060,1.1756221049285671
MESSAGEix-GLOBIOM-GAINS 2.1-M-R12,Low-to-Negative,SSP5,FALSE,agri_crops_pc,2020,1
MESSAGEix-GLOBIOM-GAINS 2.1-M-R12,Low-to-Negative,SSP5,FALSE,agri_crops_pc,2025,1.0223450324162056
MESSAGEix-GLOBIOM-GAINS 2.1-M-R12,Low-to-Negative,SSP5,FALSE,agri_crops_pc,2030,1.0420753507621072
MESSAGEix-GLOBIOM-GAINS 2.1-M-R12,Low-to-Negative,SSP5,FALSE,agri_crops_pc,2035,1.055092541971492
MESSAGEix-GLOBIOM-GAINS 2.1-M-R12,Low-to-Negative,SSP5,FALSE,agri_crops_pc,2040,1.0728526982475781
MESSAGEix-GLOBIOM-GAINS 2.1-M-R12,Low-to-Negative,SSP5,FALSE,agri_crops_pc,2045,1.090801070109389
MESSAGEix-GLOBIOM-GAINS 2.1-M-R12,Low-to-Negative,SSP5,FALSE,agri_crops_pc,2050,1.1129191754941992
MESSAGEix-GLOBIOM-GAINS 2.1-M-R12,Low-to-Negative,SSP5,FALSE,agri_crops_pc,2055,1.1524741280791708
MESSAGEix-GLOBIOM-GAINS 2.1-M-R12,Low-to-Negative,SSP5,FALSE,agri_crops_pc,2060,1.198556420323059
MESSAGEix-GLOBIOM-GAINS 2.1-M-R12,High-to-Low,SSP5,FALSE,agri_crops_pc,2020,1
MESSAGEix-GLOBIOM-GAINS 2.1-M-R12,High-to-Low,SSP5,FALSE,agri_crops_pc,2025,1.0223450324162056
MESSAGEix-GLOBIOM-GAINS 2.1-M-R12,High-to-Low,SSP5,FALSE,agri_crops_pc,2030,1.0437090948378
MESSAGEix-GLOBIOM-GAINS 2.1-M-R12,High-to-Low,SSP5,FALSE,agri_crops_pc,2035,1.0672450623410292
MESSAGEix-GLOBIOM-GAINS 2.1-M-R12,High-to-Low,SSP5,FALSE,agri_crops_pc,2040,1.0950588767991356
MESSAGEix-GLOBIOM-GAINS 2.1-M-R12,High-to-Low,SSP5,FALSE,agri_crops_pc,2045,1.11419834148003
MESSAGEix-GLOBIOM-GAINS 2.1-M-R12,High-to-Low,SSP5,FALSE,agri_crops_pc,2050,1.1375707365727619
MESSAGEix-GLOBIOM-GAINS 2.1-M-R12,High-to-Low,SSP5,FALSE,agri_crops_pc,2055,1.1524661079499061
MESSAGEix-GLOBIOM-GAINS 2.1-M-R12,High-to-Low,SSP5,FALSE,agri_crops_pc,2060,1.1741440170714947
REMIND-MAgPIE 3.5-4.11,Low,SSP1,FALSE,agri_crops_pc,2020,1
REMIND-MAgPIE 3.5-4.11,Low,SSP1,FALSE,agri_crops_pc,2025,1.0353653072878914
REMIND-MAgPIE 3.5-4.11,Low,SSP1,FALSE,agri_crops_pc,2030,1.0889900786359497
REMIND-MAgPIE 3.5-4.11,Low,SSP1,FALSE,agri_crops_pc,2035,1.1041991848225232
REMIND-MAgPIE 3.5-4.11,Low,SSP1,FALSE,agri_crops_pc,2040,1.1273010257788072
REMIND-MAgPIE 3.5-4.11,Low,SSP1,FALSE,agri_crops_pc,2045,1.168585480590964
REMIND-MAgPIE 3.5-4.11,Low,SSP1,FALSE,agri_crops_pc,2050,1.2226594427116706
REMIND-MAgPIE 3.5-4.11,Low,SSP1,FALSE,agri_crops_pc,2055,1.3052053168307638
REMIND-MAgPIE 3.5-4.11,Low,SSP1,FALSE,agri_crops_pc,2060,1.4405211278983006
REMIND-MAgPIE 3.5-4.11,Medium-to-Low,SSP1,FALSE,agri_crops_pc,2020,1
REMIND-MAgPIE 3.5-4.11,Medium-to-Low,SSP1,FALSE,agri_crops_pc,2025,1.0353653072878914
REMIND-MAgPIE 3.5-4.11,Medium-to-Low,SSP1,FALSE,agri_crops_pc,2030,1.1089335083543814
REMIND-MAgPIE 3.5-4.11,Medium-to-Low,SSP1,FALSE,agri_crops_pc,2035,1.1217737532293992
REMIND-MAgPIE 3.5-4.11,Medium-to-Low,SSP1,FALSE,agri_crops_pc,2040,1.1470269438518075
REMIND-MAgPIE 3.5-4.11,Medium-to-Low,SSP1,FALSE,agri_crops_pc,2045,1.1802033025040064
REMIND-MAgPIE 3.5-4.11,Medium-to-Low,SSP1,FALSE,agri_crops_pc,2050,1.2122878323868116
REMIND-MAgPIE 3.5-4.11,Medium-to-Low,SSP1,FALSE,agri_crops_pc,2055,1.2656544965715357
REMIND-MAgPIE 3.5-4.11,Medium-to-Low,SSP1,FALSE,agri_crops_pc,2060,1.3662388354938388
REMIND-MAgPIE 3.5-4.11,Medium,SSP1,FALSE,agri_crops_pc,2020,1
REMIND-MAgPIE 3.5-4.11,Medium,SSP1,FALSE,agri_crops_pc,2025,1.0353653072878914
REMIND-MAgPIE 3.5-4.11,Medium,SSP1,FALSE,agri_crops_pc,2030,1.1089335083543814
REMIND-MAgPIE 3.5-4.11,Medium,SSP1,FALSE,agri_crops_pc,2035,1.1217737532293992
REMIND-MAgPIE 3.5-4.11,Medium,SSP1,FALSE,agri_crops_pc,2040,1.1470269438518075
REMIND-MAgPIE 3.5-4.11,Medium,SSP1,FALSE,agri_crops_pc,2045,1.1771522359257347
REMIND-MAgPIE 3.5-4.11,Medium,SSP1,FALSE,agri_crops_pc,2050,1.2007835096869475
REMIND-MAgPIE 3.5-4.11,Medium,SSP1,FALSE,agri_crops_pc,2055,1.2250458514091196
REMIND-MAgPIE 3.5-4.11,Medium,SSP1,FALSE,agri_crops_pc,2060,1.2737533362058775
REMIND-MAgPIE 3.5-4.11,Very Low,SSP1,TRUE,agri_crops_pc,2020,1
REMIND-MAgPIE 3.5-4.11,Very Low,SSP1,TRUE,agri_crops_pc,2025,1.0353653072878914
REMIND-MAgPIE 3.5-4.11,Very Low,SSP1,TRUE,agri_crops_pc,2030,1.0498847887234555
REMIND-MAgPIE 3.5-4.11,Very Low,SSP1,TRUE,agri_crops_pc,2035,1.055880282403047
REMIND-MAgPIE 3.5-4.11,Very Low,SSP1,TRUE,agri_crops_pc,2040,1.0761008597483837
REMIND-MAgPIE 3.5-4.11,Very Low,SSP1,TRUE,agri_crops_pc,2045,1.1011543707017217
REMIND-MAgPIE 3.5-4.11,Very Low,SSP1,TRUE,agri_crops_pc,2050,1.1316361517277005
REMIND-MAgPIE 3.5-4.11,Very Low,SSP1,TRUE,agri_crops_pc,2055,1.1400538954313282
REMIND-MAgPIE 3.5-4.11,Very Low,SSP1,TRUE,agri_crops_pc,2060,1.1668244462400754
REMIND-MAgPIE 3.5-4.11,High,SSP2,FALSE,agri_crops_pc,2020,1
REMIND-MAgPIE 3.5-4.11,High,SSP2,FALSE,agri_crops_pc,2025,1.0353653072878914
REMIND-MAgPIE 3.5-4.11,High,SSP2,FALSE,agri_crops_pc,2030,1.082146316035499
REMIND-MAgPIE 3.5-4.11,High,SSP2,FALSE,agri_crops_pc,2035,1.0795058691404098
REMIND-MAgPIE 3.5-4.11,High,SSP2,FALSE,agri_crops_pc,2040,1.07875220422724
REMIND-MAgPIE 3.5-4.11,High,SSP2,FALSE,agri_crops_pc,2045,1.0893588840656137
REMIND-MAgPIE 3.5-4.11,High,SSP2,FALSE,agri_crops_pc,2050,1.1037207740542987
REMIND-MAgPIE 3.5-4.11,High,SSP2,FALSE,agri_crops_pc,2055,1.1271098045122547
REMIND-MAgPIE 3.5-4.11,High,SSP2,FALSE,agri_crops_pc,2060,1.1691064443721577
REMIND-MAgPIE 3.5-4.11,Low,SSP2,FALSE,agri_crops_pc,2020,1
REMIND-MAgPIE 3.5-4.11,Low,SSP2,FALSE,agri_crops_pc,2025,1.0353653072878914
REMIND-MAgPIE 3.5-4.11,Low,SSP2,FALSE,agri_crops_pc,2030,1.0837558279437676
REMIND-MAgPIE 3.5-4.11,Low,SSP2,FALSE,agri_crops_pc,2035,1.0858892217729161
REMIND-MAgPIE 3.5-4.11,Low,SSP2,FALSE,agri_crops_pc,2040,1.1349100689824752
REMIND-MAgPIE 3.5-4.11,Low,SSP2,FALSE,agri_crops_pc,2045,1.2152756866962888
REMIND-MAgPIE 3.5-4.11,Low,SSP2,FALSE,agri_crops_pc,2050,1.3281841304249118
REMIND-MAgPIE 3.5-4.11,Low,SSP2,FALSE,agri_crops_pc,2055,1.4703712591922213
REMIND-MAgPIE 3.5-4.11,Low,SSP2,FALSE,agri_crops_pc,2060,1.6839777835040748
REMIND-MAgPIE 3.5-4.11,Low-to-Negative,SSP2,FALSE,agri_crops_pc,2020,1
REMIND-MAgPIE 3.5-4.11,Low-to-Negative,SSP2,FALSE,agri_crops_pc,2025,1.0353653072878914
REMIND-MAgPIE 3.5-4.11,Low-to-Negative,SSP2,FALSE,agri_crops_pc,2030,1.1127925930869145
REMIND-MAgPIE 3.5-4.11,Low-to-Negative,SSP2,FALSE,agri_crops_pc,2035,1.106609883031247
REMIND-MAgPIE 3.5-4.11,Low-to-Negative,SSP2,FALSE,agri_crops_pc,2040,1.1049190605057266
REMIND-MAgPIE 3.5-4.11,Low-to-Negative,SSP2,FALSE,agri_crops_pc,2045,1.1327858243991362
REMIND-MAgPIE 3.5-4.11,Low-to-Negative,SSP2,FALSE,agri_crops_pc,2050,1.2107182740823077
REMIND-MAgPIE 3.5-4.11,Low-to-Negative,SSP2,FALSE,agri_crops_pc,2055,1.3536658125492826
REMIND-MAgPIE 3.5-4.11,Low-to-Negative,SSP2,FALSE,agri_crops_pc,2060,1.6328373203201312
REMIND-MAgPIE 3.5-4.11,Medium-to-Low,SSP2,FALSE,agri_crops_pc,2020,1
REMIND-MAgPIE 3.5-4.11,Medium-to-Low,SSP2,FALSE,agri_crops_pc,2025,1.0353653072878914
REMIND-MAgPIE 3.5-4.11,Medium-to-Low,SSP2,FALSE,agri_crops_pc,2030,1.1127925930869145
REMIND-MAgPIE 3.5-4.11,Medium-to-Low,SSP2,FALSE,agri_crops_pc,2035,1.1134602140575593
REMIND-MAgPIE 3.5-4.11,Medium-to-Low,SSP2,FALSE,agri_crops_pc,2040,1.1198427755568279
REMIND-MAgPIE 3.5-4.11,Medium-to-Low,SSP2,FALSE,agri_crops_pc,2045,1.1377564408652263
REMIND-MAgPIE 3.5-4.11,Medium-to-Low,SSP2,FALSE,agri_crops_pc,2050,1.1721563740518748
REMIND-MAgPIE 3.5-4.11,Medium-to-Low,SSP2,FALSE,agri_crops_pc,2055,1.2362459536566168
REMIND-MAgPIE 3.5-4.11,Medium-to-Low,SSP2,FALSE,agri_crops_pc,2060,1.3614305397221944
REMIND-MAgPIE 3.5-4.11,Medium,SSP2,FALSE,agri_crops_pc,2020,1
REMIND-MAgPIE 3.5-4.11,Medium,SSP2,FALSE,agri_crops_pc,2025,1.0353653072878914
REMIND-MAgPIE 3.5-4.11,Medium,SSP2,FALSE,agri_crops_pc,2030,1.1127925930869145
REMIND-MAgPIE 3.5-4.11,Medium,SSP2,FALSE,agri_crops_pc,2035,1.1134602140575593
REMIND-MAgPIE 3.5-4.11,Medium,SSP2,FALSE,agri_crops_pc,2040,1.1198427755568279
REMIND-MAgPIE 3.5-4.11,Medium,SSP2,FALSE,agri_crops_pc,2045,1.1376349840804865
REMIND-MAgPIE 3.5-4.11,Medium,SSP2,FALSE,agri_crops_pc,2050,1.160367189276448
REMIND-MAgPIE 3.5-4.11,Medium,SSP2,FALSE,agri_crops_pc,2055,1.1866643670990678
REMIND-MAgPIE 3.5-4.11,Medium,SSP2,FALSE,agri_crops_pc,2060,1.2303245285475357
REMIND-MAgPIE 3.5-4.11,Very Low,SSP2,FALSE,agri_crops_pc,2020,1
REMIND-MAgPIE 3.5-4.11,Very Low,SSP2,FALSE,agri_crops_pc,2025,1.0353653072878914
REMIND-MAgPIE 3.5-4.11,Very Low,SSP2,FALSE,agri_crops_pc,2030,1.0588520999078725
REMIND-MAgPIE 3.5-4.11,Very Low,SSP2,FALSE,agri_crops_pc,2035,1.0576295323451916
REMIND-MAgPIE 3.5-4.11,Very Low,SSP2,FALSE,agri_crops_pc,2040,1.0751607955317242
REMIND-MAgPIE 3.5-4.11,Very Low,SSP2,FALSE,agri_crops_pc,2045,1.1151928466868046
REMIND-MAgPIE 3.5-4.11,Very Low,SSP2,FALSE,agri_crops_pc,2050,1.1461150184532534
REMIND-MAgPIE 3.5-4.11,Very Low,SSP2,FALSE,agri_crops_pc,2055,1.1676078055023684
REMIND-MAgPIE 3.5-4.11,Very Low,SSP2,FALSE,agri_crops_pc,2060,1.2113034336879869
REMIND-MAgPIE 3.5-4.11,High,SSP3,FALSE,agri_crops_pc,2020,1
REMIND-MAgPIE 3.5-4.11,High,SSP3,FALSE,agri_crops_pc,2025,1.0353653072878914
REMIND-MAgPIE 3.5-4.11,High,SSP3,FALSE,agri_crops_pc,2030,1.0720983750330066
REMIND-MAgPIE 3.5-4.11,High,SSP3,FALSE,agri_crops_pc,2035,1.0654249567230514
REMIND-MAgPIE 3.5-4.11,High,SSP3,FALSE,agri_crops_pc,2040,1.066591113441319
REMIND-MAgPIE 3.5-4.11,High,SSP3,FALSE,agri_crops_pc,2045,1.0738342225128532
REMIND-MAgPIE 3.5-4.11,High,SSP3,FALSE,agri_crops_pc,2050,1.0822079120190617
REMIND-MAgPIE 3.5-4.11,High,SSP3,FALSE,agri_crops_pc,2055,1.0932161084806566
REMIND-MAgPIE 3.5-4.11,High,SSP3,FALSE,agri_crops_pc,2060,1.1176284544154507
REMIND-MAgPIE 3.5-4.11,Medium-to-Low,SSP3,FALSE,agri_crops_pc,2020,1
REMIND-MAgPIE 3.5-4.11,Medium-to-Low,SSP3,FALSE,agri_crops_pc,2025,1.0353653072878914
REMIND-MAgPIE 3.5-4.11,Medium-to-Low,SSP3,FALSE,agri_crops_pc,2030,1.1100700114699789
REMIND-MAgPIE 3.5-4.11,Medium-to-Low,SSP3,FALSE,agri_crops_pc,2035,1.1052381164941156
REMIND-MAgPIE 3.5-4.11,Medium-to-Low,SSP3,FALSE,agri_crops_pc,2040,1.1121921388333216
REMIND-MAgPIE 3.5-4.11,Medium-to-Low,SSP3,FALSE,agri_crops_pc,2045,1.122949832930007
REMIND-MAgPIE 3.5-4.11,Medium-to-Low,SSP3,FALSE,agri_crops_pc,2050,1.1509609004728867
REMIND-MAgPIE 3.5-4.11,Medium-to-Low,SSP3,FALSE,agri_crops_pc,2055,1.206242861805586
REMIND-MAgPIE 3.5-4.11,Medium-to-Low,SSP3,FALSE,agri_crops_pc,2060,1.3258709791526875
REMIND-MAgPIE 3.5-4.11,Medium,SSP3,FALSE,agri_crops_pc,2020,1
REMIND-MAgPIE 3.5-4.11,Medium,SSP3,FALSE,agri_crops_pc,2025,1.0353653072878914
REMIND-MAgPIE 3.5-4.11,Medium,SSP3,FALSE,agri_crops_pc,2030,1.1100700114699789
REMIND-MAgPIE 3.5-4.11,Medium,SSP3,FALSE,agri_crops_pc,2035,1.1052381164941156
REMIND-MAgPIE 3.5-4.11,Medium,SSP3,FALSE,agri_crops_pc,2040,1.1121921388333216
REMIND-MAgPIE 3.5-4.11,Medium,SSP3,FALSE,agri_crops_pc,2045,1.1255014754364265
REMIND-MAgPIE 3.5-4.11,Medium,SSP3,FALSE,agri_crops_pc,2050,1.140172669262292
REMIND-MAgPIE 3.5-4.11,Medium,SSP3,FALSE,agri_crops_pc,2055,1.1540748784666535
REMIND-MAgPIE 3.5-4.11,Medium,SSP3,FALSE,agri_crops_pc,2060,1.1921173665347697
WITCH 6.0,Low-to-Negative,SSP1,FALSE,agri_crops_pc,2020,1
WITCH 6.0,Low-to-Negative,SSP1,FALSE,agri_crops_pc,2025,1.0265639574796819
WITCH 6.0,Low-to-Negative,SSP1,FALSE,agri_crops_pc,2030,0.9968325657607372
WITCH 6.0,Low-to-Negative,SSP1,FALSE,agri_crops_pc,2035,0.973814020350294
WITCH 6.0,Low-to-Negative,SSP1,FALSE,agri_crops_pc,2040,0.9479810500097319
WITCH 6.0,Low-to-Negative,SSP1,FALSE,agri_crops_pc,2045,0.9110415803032853
WITCH 6.0,Low-to-Negative,SSP1,FALSE,agri_crops_pc,2050,0.8999770334177627
WITCH 6.0,Low-to-Negative,SSP1,FALSE,agri_crops_pc,2055,0.9107096925524557
WITCH 6.0,Low-to-Negative,SSP1,FALSE,agri_crops_pc,2060,0.9407342189179626
WITCH 6.0,Low,SSP2,FALSE,agri_crops_pc,2020,1
WITCH 6.0,Low,SSP2,FALSE,agri_crops_pc,2025,1.0265639574796819
WITCH 6.0,Low,SSP2,FALSE,agri_crops_pc,2030,1.0391882167765354
WITCH 6.0,Low,SSP2,FALSE,agri_crops_pc,2035,1.0425545529378892
WITCH 6.0,Low,SSP2,FALSE,agri_crops_pc,2040,1.04015604435813
WITCH 6.0,Low,SSP2,FALSE,agri_crops_pc,2045,1.0407749927510315
WITCH 6.0,Low,SSP2,FALSE,agri_crops_pc,2050,1.0375781530234858
WITCH 6.0,Low,SSP2,FALSE,agri_crops_pc,2055,1.0521613701313346
WITCH 6.0,Low,SSP2,FALSE,agri_crops_pc,2060,1.0746370644556846
WITCH 6.0,Very Low,SSP2,FALSE,agri_crops_pc,2020,1
WITCH 6.0,Very Low,SSP2,FALSE,agri_crops_pc,2025,1.0265639574796819
WITCH 6.0,Very Low,SSP2,FALSE,agri_crops_pc,2030,0.9793336278719709
WITCH 6.0,Very Low,SSP2,FALSE,agri_crops_pc,2035,0.9510772213713544
WITCH 6.0,Very Low,SSP2,FALSE,agri_crops_pc,2040,0.9063698358307423
WITCH 6.0,Very Low,SSP2,FALSE,agri_crops_pc,2045,0.8781383295418301
WITCH 6.0,Very Low,SSP2,FALSE,agri_crops_pc,2050,0.8626327175119087
WITCH 6.0,Very Low,SSP2,FALSE,agri_crops_pc,2055,0.8595694828145458
WITCH 6.0,Very Low,SSP2,FALSE,agri_crops_pc,2060,0.849562397532279
WITCH 6.0,Medium-to-Low,SSP2,FALSE,agri_crops_pc,2020,1
WITCH 6.0,Medium-to-Low,SSP2,FALSE,agri_crops_pc,2025,1.0265639574796819
WITCH 6.0,Medium-to-Low,SSP2,FALSE,agri_crops_pc,2030,1.054618899457712
WITCH 6.0,Medium-to-Low,SSP2,FALSE,agri_crops_pc,2035,1.0595164025022297
WITCH 6.0,Medium-to-Low,SSP2,FALSE,agri_crops_pc,2040,1.0630317315026545
WITCH 6.0,Medium-to-Low,SSP2,FALSE,agri_crops_pc,2045,1.046249725126728
WITCH 6.0,Medium-to-Low,SSP2,FALSE,agri_crops_pc,2050,1.0500698111469597
WITCH 6.0,Medium-to-Low,SSP2,FALSE,agri_crops_pc,2055,1.0549673327988318
WITCH 6.0,Medium-to-Low,SSP2,FALSE,agri_crops_pc,2060,1.0650542928000168
WITCH 6.0,Medium,SSP2,FALSE,agri_crops_pc,2020,1
WITCH 6.0,Medium,SSP2,FALSE,agri_crops_pc,2025,1.0265639574796819
WITCH 6.0,Medium,SSP2,FALSE,agri_crops_pc,2030,1.0518443540698301
WITCH 6.0,Medium,SSP2,FALSE,agri_crops_pc,2035,1.056357007042324
WITCH 6.0,Medium,SSP2,FALSE,agri_crops_pc,2040,1.0601004803848353
WITCH 6.0,Medium,SSP2,FALSE,agri_crops_pc,2045,1.0602540102211693
WITCH 6.0,Medium,SSP2,FALSE,agri_crops_pc,2050,1.0640108276648583
WITCH 6.0,Medium,SSP2,FALSE,agri_crops_pc,2055,1.0711156824749064
WITCH 6.0,Medium,SSP2,FALSE,agri_crops_pc,2060,1.0790531565465973
WITCH 6.0,High,SSP5,FALSE,agri_crops_pc,2020,1
WITCH 6.0,High,SSP5,FALSE,agri_crops_pc,2025,1.0265639574796819
WITCH 6.0,High,SSP5,FALSE,agri_crops_pc,2030,1.040859093724845
WITCH 6.0,High,SSP5,FALSE,agri_crops_pc,2035,1.0613572589277354
WITCH 6.0,High,SSP5,FALSE,agri_crops_pc,2040,1.0829093465221256
WITCH 6.0,High,SSP5,FALSE,agri_crops_pc,2045,1.0995420711045452
WITCH 6.0,High,SSP5,FALSE,agri_crops_pc,2050,1.1239269137248804
WITCH 6.0,High,SSP5,FALSE,agri_crops_pc,2055,1.144305050532009
WITCH 6.0,High,SSP5,FALSE,agri_crops_pc,2060,1.1708524267415983
WITCH 6.0,High-to-Low,SSP5,TRUE,agri_crops_pc,2020,1
WITCH 6.0,High-to-Low,SSP5,TRUE,agri_crops_pc,2025,1.0265639574796819
WITCH 6.0,High-to-Low,SSP5,TRUE,agri_crops_pc,2030,1.040859093724845
WITCH 6.0,High-to-Low,SSP5,TRUE,agri_crops_pc,2035,1.0613572589277354
WITCH 6.0,High-to-Low,SSP5,TRUE,agri_crops_pc,2040,1.0829093465221256
WITCH 6.0,High-to-Low,SSP5,TRUE,agri_crops_pc,2045,1.0995420711045452
WITCH 6.0,High-to-Low,SSP5,TRUE,agri_crops_pc,2050,1.1239269137248804
WITCH 6.0,High-to-Low,SSP5,TRUE,agri_crops_pc,2055,1.144305050532009
WITCH 6.0,High-to-Low,SSP5,TRUE,agri_crops_pc,2060,1.1708524267415983
COFFEE 1.6,Low,SSP2,FALSE,agri_crops_pc,2020,1
COFFEE 1.6,Low,SSP2,FALSE,agri_crops_pc,2025,0.9911102072833481
COFFEE 1.6,Low,SSP2,FALSE,agri_crops_pc,2030,0.9396462209472127
COFFEE 1.6,Low,SSP2,FALSE,agri_crops_pc,2035,0.9871500489309245
COFFEE 1.6,Low,SSP2,FALSE,agri_crops_pc,2040,1.0574804248506215
COFFEE 1.6,Low,SSP2,FALSE,agri_crops_pc,2045,1.2269910860627968
COFFEE 1.6,Low,SSP2,FALSE,agri_crops_pc,2050,1.325736375176153
COFFEE 1.6,Low,SSP2,FALSE,agri_crops_pc,2060,1.3787226961955679
COFFEE 1.6,Low-to-Negative,SSP2,FALSE,agri_crops_pc,2020,1
COFFEE 1.6,Low-to-Negative,SSP2,FALSE,agri_crops_pc,2025,0.9911102072833481
COFFEE 1.6,Low-to-Negative,SSP2,FALSE,agri_crops_pc,2030,0.9396462209472127
COFFEE 1.6,Low-to-Negative,SSP2,FALSE,agri_crops_pc,2035,1.0360336377568968
COFFEE 1.6,Low-to-Negative,SSP2,FALSE,agri_crops_pc,2040,1.107666416386583
COFFEE 1.6,Low-to-Negative,SSP2,FALSE,agri_crops_pc,2045,1.2829497255251843
COFFEE 1.6,Low-to-Negative,SSP2,FALSE,agri_crops_pc,2050,1.4518004117849717
COFFEE 1.6,Low-to-Negative,SSP2,FALSE,agri_crops_pc,2060,1.6783923006481953
COFFEE 1.6,Medium-to-Low,SSP2,TRUE,agri_crops_pc,2020,1
COFFEE 1.6,Medium-to-Low,SSP2,TRUE,agri_crops_pc,2025,0.9911102072833481
COFFEE 1.6,Medium-to-Low,SSP2,TRUE,agri_crops_pc,2030,0.9396462209472127
COFFEE 1.6,Medium-to-Low,SSP2,TRUE,agri_crops_pc,2035,0.899992399588352
COFFEE 1.6,Medium-to-Low,SSP2,TRUE,agri_crops_pc,2040,0.9772577857703693
COFFEE 1.6,Medium-to-Low,SSP2,TRUE,agri_crops_pc,2045,0.982957926590458
COFFEE 1.6,Medium-to-Low,SSP2,TRUE,agri_crops_pc,2050,1.003255047926955
COFFEE 1.6,Medium-to-Low,SSP2,TRUE,agri_crops_pc,2060,1.1877008997214764
COFFEE 1.6,Medium,SSP2,FALSE,agri_crops_pc,2020,1
COFFEE 1.6,Medium,SSP2,FALSE,agri_crops_pc,2025,0.9911102072833481
COFFEE 1.6,Medium,SSP2,FALSE,agri_crops_pc,2030,0.9396462209472127
COFFEE 1.6,Medium,SSP2,FALSE,agri_crops_pc,2035,0.899992399588352
COFFEE 1.6,Medium,SSP2,FALSE,agri_crops_pc,2040,0.8882205666621326
COFFEE 1.6,Medium,SSP2,FALSE,agri_crops_pc,2045,0.8758123826450344
COFFEE 1.6,Medium,SSP2,FALSE,agri_crops_pc,2050,0.8655577133297013
COFFEE 1.6,Medium,SSP2,FALSE,agri_crops_pc,2060,0.8790390701423131
COFFEE 1.6,Very Low,SSP2,FALSE,agri_crops_pc,2020,1
COFFEE 1.6,Very Low,SSP2,FALSE,agri_crops_pc,2025,0.9911102072833481
COFFEE 1.6,Very Low,SSP2,FALSE,agri_crops_pc,2030,0.9396462209472127
COFFEE 1.6,Very Low,SSP2,FALSE,agri_crops_pc,2035,0.9144843549340647
COFFEE 1.6,Very Low,SSP2,FALSE,agri_crops_pc,2040,1.1153058548655392
COFFEE 1.6,Very Low,SSP2,FALSE,agri_crops_pc,2045,1.105264663157163
COFFEE 1.6,Very Low,SSP2,FALSE,agri_crops_pc,2050,1.135253924089858
COFFEE 1.6,Very Low,SSP2,FALSE,agri_crops_pc,2060,1.1160502033074375
