model,family,ssp,marker,region,year,metric,value
MESSAGEix-GLOBIOM-GAINS 2.1-M-R12,Low,SSP1,FALSE,World,2020,aluminum_pc,0.01381880167948947
MESSAGEix-GLOBIOM-GAINS 2.1-M-R12,Low,SSP1,FALSE,World,2025,aluminum_pc,0.01445542594349156
MESSAGEix-GLOBIOM-GAINS 2.1-M-R12,Low,SSP1,FALSE,World,2030,aluminum_pc,0.01590698393029299
MESSAGEix-GLOBIOM-GAINS 2.1-M-R12,Low,SSP1,FALSE,World,2035,aluminum_pc,0.01777616035895364
MESSAGEix-GLOBIOM-GAINS 2.1-M-R12,Low,SSP1,FALSE,World,2040,aluminum_pc,0.01965765460551279
MESSAGEix-GLOBIOM-GAINS 2.1-M-R12,Low,SSP1,FALSE,World,2045,aluminum_pc,0.02159348094104077
MESSAGEix-GLOBIOM-GAINS 2.1-M-R12,Low,SSP1,FALSE,World,2050,aluminum_pc,0.02351850853562532
MESSAGEix-GLOBIOM-GAINS 2.1-M-R12,Low,SSP1,FALSE,World,2055,aluminum_pc,0.02550171294131533
MESSAGEix-GLOBIOM-GAINS 2.1-M-R12,Low,SSP1,FALSE,World,2060,aluminum_pc,0.02761947019292277
MESSAGEix-GLOBIOM-GAINS 2.1-M-R12,Very Low,SSP1,FALSE,World,2020,aluminum_pc,0.01381880167948947
MESSAGEix-GLOBIOM-GAINS 2.1-M-R12,Very Low,SSP1,FALSE,World,2025,aluminum_pc,0.01445542594349156
MESSAGEix-GLOBIOM-GAINS 2.1-M-R12,Very Low,SSP1,FALSE,World,2030,aluminum_pc,0.01591679800287208
MESSAGEix-GLOBIOM-GAINS 2.1-M-R12,Very Low,SSP1,FALSE,World,2035,aluminum_pc,0.0177615979894072
MESSAGEix-GLOBIOM-GAINS 2.1-M-R12,Very Low,SSP1,FALSE,World,2040,aluminum_pc,0.01961323322039362
MESSAGEix-GLOBIOM-GAINS 2.1-M-R12,Very Low,SSP1,FALSE,World,2045,aluminum_pc,0.0215418601614962
MESSAGEix-GLOBIOM-GAINS 2.1-M-R12,Very Low,SSP1,FALSE,World,2050,aluminum_pc,0.02346622452217824
MESSAGEix-GLOBIOM-GAINS 2.1-M-R12,Very Low,SSP1,FALSE,World,2055,aluminum_pc,0.02543757005887844
MESSAGEix-GLOBIOM-GAINS 2.1-M-R12,Very Low,SSP1,FALSE,World,2060,aluminum_pc,0.02756060205323976
MESSAGEix-GLOBIOM-GAINS 2.1-M-R12,Low,SSP2,TRUE,World,2020,aluminum_pc,0.01413358130230633
MESSAGEix-GLOBIOM-GAINS 2.1-M-R12,Low,SSP2,TRUE,World,2025,aluminum_pc,0.01445027100729155
MESSAGEix-GLOBIOM-GAINS 2.1-M-R12,Low,SSP2,TRUE,World,2030,aluminum_pc,0.01634070786250407
MESSAGEix-GLOBIOM-GAINS 2.1-M-R12,Low,SSP2,TRUE,World,2035,aluminum_pc,0.0181035248951189
MESSAGEix-GLOBIOM-GAINS 2.1-M-R12,Low,SSP2,TRUE,World,2040,aluminum_pc,0.01966264818927483
MESSAGEix-GLOBIOM-GAINS 2.1-M-R12,Low,SSP2,TRUE,World,2045,aluminum_pc,0.0212146673303564
MESSAGEix-GLOBIOM-GAINS 2.1-M-R12,Low,SSP2,TRUE,World,2050,aluminum_pc,0.02285790588868909
MESSAGEix-GLOBIOM-GAINS 2.1-M-R12,Low,SSP2,TRUE,World,2055,aluminum_pc,0.02463052830008369
MESSAGEix-GLOBIOM-GAINS 2.1-M-R12,Low,SSP2,TRUE,World,2060,aluminum_pc,0.02654556897011525
MESSAGEix-GLOBIOM-GAINS 2.1-M-R12,Low-to-Negative,SSP2,FALSE,World,2020,aluminum_pc,0.01413358130230633
MESSAGEix-GLOBIOM-GAINS 2.1-M-R12,Low-to-Negative,SSP2,FALSE,World,2025,aluminum_pc,0.01445027100729155
MESSAGEix-GLOBIOM-GAINS 2.1-M-R12,Low-to-Negative,SSP2,FALSE,World,2030,aluminum_pc,0.01634178791024354
MESSAGEix-GLOBIOM-GAINS 2.1-M-R12,Low-to-Negative,SSP2,FALSE,World,2035,aluminum_pc,0.01809153963414219
MESSAGEix-GLOBIOM-GAINS 2.1-M-R12,Low-to-Negative,SSP2,FALSE,World,2040,aluminum_pc,0.01964345271756763
MESSAGEix-GLOBIOM-GAINS 2.1-M-R12,Low-to-Negative,SSP2,FALSE,World,2045,aluminum_pc,0.02116653935563114
MESSAGEix-GLOBIOM-GAINS 2.1-M-R12,Low-to-Negative,SSP2,FALSE,World,2050,aluminum_pc,0.02277873872877004
MESSAGEix-GLOBIOM-GAINS 2.1-M-R12,Low-to-Negative,SSP2,FALSE,World,2055,aluminum_pc,0.02453727253428523
MESSAGEix-GLOBIOM-GAINS 2.1-M-R12,Low-to-Negative,SSP2,FALSE,World,2060,aluminum_pc,0.02643824385807891
MESSAGEix-GLOBIOM-GAINS 2.1-M-R12,Medium-to-Low,SSP2,FALSE,World,2020,aluminum_pc,0.01413358130230633
MESSAGEix-GLOBIOM-GAINS 2.1-M-R12,Medium-to-Low,SSP2,FALSE,World,2025,aluminum_pc,0.01445027100729155
MESSAGEix-GLOBIOM-GAINS 2.1-M-R12,Medium-to-Low,SSP2,FALSE,World,2030,aluminum_pc,0.01634178791024354
MESSAGEix-GLOBIOM-GAINS 2.1-M-R12,Medium-to-Low,SSP2,FALSE,World,2035,aluminum_pc,0.01809153963414219
MESSAGEix-GLOBIOM-GAINS 2.1-M-R12,Medium-to-Low,SSP2,FALSE,World,2040,aluminum_pc,0.01963411197829841
MESSAGEix-GLOBIOM-GAINS 2.1-M-R12,Medium-to-Low,SSP2,FALSE,World,2045,aluminum_pc,0.02118963075951803
MESSAGEix-GLOBIOM-GAINS 2.1-M-R12,Medium-to-Low,SSP2,FALSE,World,2050,aluminum_pc,0.02281539768619002
MESSAGEix-GLOBIOM-GAINS 2.1-M-R12,Medium-to-Low,SSP2,FALSE,World,2055,aluminum_pc,0.02458132039308275
MESSAGEix-GLOBIOM-GAINS 2.1-M-R12,Medium-to-Low,SSP2,FALSE,World,2060,aluminum_pc,0.02648832726281301
MESSAGEix-GLOBIOM-GAINS 2.1-M-R12,Medium,SSP2,FALSE,World,2020,aluminum_pc,0.01413358130230633
MESSAGEix-GLOBIOM-GAINS 2.1-M-R12,Medium,SSP2,FALSE,World,2025,aluminum_pc,0.01445107944453766
MESSAGEix-GLOBIOM-GAINS 2.1-M-R12,Medium,SSP2,FALSE,World,2030,aluminum_pc,0.01634025333687698
MESSAGEix-GLOBIOM-GAINS 2.1-M-R12,Medium,SSP2,FALSE,World,2035,aluminum_pc,0.01809479782276596
MESSAGEix-GLOBIOM-GAINS 2.1-M-R12,Medium,SSP2,FALSE,World,2040,aluminum_pc,0.01964588673924192
MESSAGEix-GLOBIOM-GAINS 2.1-M-R12,Medium,SSP2,FALSE,World,2045,aluminum_pc,0.02119666203788176
MESSAGEix-GLOBIOM-GAINS 2.1-M-R12,Medium,SSP2,FALSE,World,2050,aluminum_pc,0.02281914381486134
MESSAGEix-GLOBIOM-GAINS 2.1-M-R12,Medium,SSP2,FALSE,World,2055,aluminum_pc,0.02457802061462112
MESSAGEix-GLOBIOM-GAINS 2.1-M-R12,Medium,SSP2,FALSE,World,2060,aluminum_pc,0.02647390744337038
MESSAGEix-GLOBIOM-GAINS 2.1-M-R12,Very Low,SSP2,FALSE,World,2020,aluminum_pc,0.01381880167948947
MESSAGEix-GLOBIOM-GAINS 2.1-M-R12,Very Low,SSP2,FALSE,World,2025,aluminum_pc,0.01445458115408702
MESSAGEix-GLOBIOM-GAINS 2.1-M-R12,Very Low,SSP2,FALSE,World,2030,aluminum_pc,0.0157787001280175
MESSAGEix-GLOBIOM-GAINS 2.1-M-R12,Very Low,SSP2,FALSE,World,2035,aluminum_pc,0.01717584831015422
MESSAGEix-GLOBIOM-GAINS 2.1-M-R12,Very Low,SSP2,FALSE,World,2040,aluminum_pc,0.01832131533351614
MESSAGEix-GLOBIOM-GAINS 2.1-M-R12,Very Low,SSP2,FALSE,World,2045,aluminum_pc,0.0194638073649461
MESSAGEix-GLOBIOM-GAINS 2.1-M-R12,Very Low,SSP2,FALSE,World,2050,aluminum_pc,0.02070578403105889
MESSAGEix-GLOBIOM-GAINS 2.1-M-R12,Very Low,SSP2,FALSE,World,2055,aluminum_pc,0.02208213374716689
MESSAGEix-GLOBIOM-GAINS 2.1-M-R12,Very Low,SSP2,FALSE,World,2060,aluminum_pc,0.02364299104788561
MESSAGEix-GLOBIOM-GAINS 2.1-M-R12,High,SSP3,FALSE,World,2020,aluminum_pc,0.01464811482129996
MESSAGEix-GLOBIOM-GAINS 2.1-M-R12,High,SSP3,FALSE,World,2025,aluminum_pc,0.01444847712506469
MESSAGEix-GLOBIOM-GAINS 2.1-M-R12,High,SSP3,FALSE,World,2030,aluminum_pc,0.01659706409318057
MESSAGEix-GLOBIOM-GAINS 2.1-M-R12,High,SSP3,FALSE,World,2035,aluminum_pc,0.01793735719888931
MESSAGEix-GLOBIOM-GAINS 2.1-M-R12,High,SSP3,FALSE,World,2040,aluminum_pc,0.01858507733174537
MESSAGEix-GLOBIOM-GAINS 2.1-M-R12,High,SSP3,FALSE,World,2045,aluminum_pc,0.01891019162548954
MESSAGEix-GLOBIOM-GAINS 2.1-M-R12,High,SSP3,FALSE,World,2050,aluminum_pc,0.01916475001220822
MESSAGEix-GLOBIOM-GAINS 2.1-M-R12,High,SSP3,FALSE,World,2055,aluminum_pc,0.01942923115838771
MESSAGEix-GLOBIOM-GAINS 2.1-M-R12,High,SSP3,FALSE,World,2060,aluminum_pc,0.01970204848329176
MESSAGEix-GLOBIOM-GAINS 2.1-M-R12,High-to-Low,SSP3,FALSE,World,2020,aluminum_pc,0.01464811482129996
MESSAGEix-GLOBIOM-GAINS 2.1-M-R12,High-to-Low,SSP3,FALSE,World,2025,aluminum_pc,0.01444847712506469
MESSAGEix-GLOBIOM-GAINS 2.1-M-R12,High-to-Low,SSP3,FALSE,World,2030,aluminum_pc,0.01659706409318057
MESSAGEix-GLOBIOM-GAINS 2.1-M-R12,High-to-Low,SSP3,FALSE,World,2035,aluminum_pc,0.01793735719888931
MESSAGEix-GLOBIOM-GAINS 2.1-M-R12,High-to-Low,SSP3,FALSE,World,2040,aluminum_pc,0.01858507733174537
MESSAGEix-GLOBIOM-GAINS 2.1-M-R12,High-to-Low,SSP3,FALSE,World,2045,aluminum_pc,0.01891019162548954
MESSAGEix-GLOBIOM-GAINS 2.1-M-R12,High-to-Low,SSP3,FALSE,World,2050,aluminum_pc,0.01916475001220822
MESSAGEix-GLOBIOM-GAINS 2.1-M-R12,High-to-Low,SSP3,FALSE,World,2055,aluminum_pc,0.01942923115838771
MESSAGEix-GLOBIOM-GAINS 2.1-M-R12,High-to-Low,SSP3,FALSE,World,2060,aluminum_pc,0.01970204848329176
MESSAGEix-GLOBIOM-GAINS 2.1-M-R12,Low-to-Negative,SSP4,FALSE,World,2020,aluminum_pc,0.01413358130230633
MESSAGEix-GLOBIOM-GAINS 2.1-M-R12,Low-to-Negative,SSP4,FALSE,World,2025,aluminum_pc,0.01444940601256714
MESSAGEix-GLOBIOM-GAINS 2.1-M-R12,Low-to-Negative,SSP4,FALSE,World,2030,aluminum_pc,0.01626015216459189
MESSAGEix-GLOBIOM-GAINS 2.1-M-R12,Low-to-Negative,SSP4,FALSE,World,2035,aluminum_pc,0.01786899372432397
MESSAGEix-GLOBIOM-GAINS 2.1-M-R12,Low-to-Negative,SSP4,FALSE,World,2040,aluminum_pc,0.0191128334299274
MESSAGEix-GLOBIOM-GAINS 2.1-M-R12,Low-to-Negative,SSP4,FALSE,World,2045,aluminum_pc,0.02018124187852207
MESSAGEix-GLOBIOM-GAINS 2.1-M-R12,Low-to-Negative,SSP4,FALSE,World,2050,aluminum_pc,0.02119553322629299
MESSAGEix-GLOBIOM-GAINS 2.1-M-R12,Low-to-Negative,SSP4,FALSE,World,2055,aluminum_pc,0.02218052369388627
MESSAGEix-GLOBIOM-GAINS 2.1-M-R12,Low-to-Negative,SSP4,FALSE,World,2060,aluminum_pc,0.02316609906441651
MESSAGEix-GLOBIOM-GAINS 2.1-M-R12,High,SSP5,FALSE,World,2020,aluminum_pc,0.01464817923131301
MESSAGEix-GLOBIOM-GAINS 2.1-M-R12,High,SSP5,FALSE,World,2025,aluminum_pc,0.0144545879775918
MESSAGEix-GLOBIOM-GAINS 2.1-M-R12,High,SSP5,FALSE,World,2030,aluminum_pc,0.01814893688302262
MESSAGEix-GLOBIOM-GAINS 2.1-M-R12,High,SSP5,FALSE,World,2035,aluminum_pc,0.02212373357983036
MESSAGEix-GLOBIOM-GAINS 2.1-M-R12,High,SSP5,FALSE,World,2040,aluminum_pc,0.02699177240438746
MESSAGEix-GLOBIOM-GAINS 2.1-M-R12,High,SSP5,FALSE,World,2045,aluminum_pc,0.03222845142981356
MESSAGEix-GLOBIOM-GAINS 2.1-M-R12,High,SSP5,FALSE,World,2050,aluminum_pc,0.03719921354932683
MESSAGEix-GLOBIOM-GAINS 2.1-M-R12,High,SSP5,FALSE,World,2055,aluminum_pc,0.04200852623888503
MESSAGEix-GLOBIOM-GAINS 2.1-M-R12,High,SSP5,FALSE,World,2060,aluminum_pc,0.04682604066957239
MESSAGEix-GLOBIOM-GAINS 2.1-M-R12,Low-to-Negative,SSP5,FALSE,World,2020,aluminum_pc,0.01464817923131301
MESSAGEix-GLOBIOM-GAINS 2.1-M-R12,Low-to-Negative,SSP5,FALSE,World,2025,aluminum_pc,0.0144545879775918
MESSAGEix-GLOBIOM-GAINS 2.1-M-R12,Low-to-Negative,SSP5,FALSE,World,2030,aluminum_pc,0.01814045936671249
MESSAGEix-GLOBIOM-GAINS 2.1-M-R12,Low-to-Negative,SSP5,FALSE,World,2035,aluminum_pc,0.02211855109240204
MESSAGEix-GLOBIOM-GAINS 2.1-M-R12,Low-to-Negative,SSP5,FALSE,World,2040,aluminum_pc,0.02696101382836706
MESSAGEix-GLOBIOM-GAINS 2.1-M-R12,Low-to-Negative,SSP5,FALSE,World,2045,aluminum_pc,0.03217787132729362
MESSAGEix-GLOBIOM-GAINS 2.1-M-R12,Low-to-Negative,SSP5,FALSE,World,2050,aluminum_pc,0.03713938966560057
MESSAGEix-GLOBIOM-GAINS 2.1-M-R12,Low-to-Negative,SSP5,FALSE,World,2055,aluminum_pc,0.04189808931146111
MESSAGEix-GLOBIOM-GAINS 2.1-M-R12,Low-to-Negative,SSP5,FALSE,World,2060,aluminum_pc,0.04669638794779457
MESSAGEix-GLOBIOM-GAINS 2.1-M-R12,High-to-Low,SSP5,FALSE,World,2020,aluminum_pc,0.01464817923131301
MESSAGEix-GLOBIOM-GAINS 2.1-M-R12,High-to-Low,SSP5,FALSE,World,2025,aluminum_pc,0.0144545879775918
MESSAGEix-GLOBIOM-GAINS 2.1-M-R12,High-to-Low,SSP5,FALSE,World,2030,aluminum_pc,0.01814893688302262
MESSAGEix-GLOBIOM-GAINS 2.1-M-R12,High-to-Low,SSP5,FALSE,World,2035,aluminum_pc,0.02212373357983036
MESSAGEix-GLOBIOM-GAINS 2.1-M-R12,High-to-Low,SSP5,FALSE,World,2040,aluminum_pc,0.02699177240438746
MESSAGEix-GLOBIOM-GAINS 2.1-M-R12,High-to-Low,SSP5,FALSE,World,2045,aluminum_pc,0.03222845142981356
MESSAGEix-GLOBIOM-GAINS 2.1-M-R12,High-to-Low,SSP5,FALSE,World,2050,aluminum_pc,0.03719921354932683
MESSAGEix-GLOBIOM-GAINS 2.1-M-R12,High-to-Low,SSP5,FALSE,World,2055,aluminum_pc,0.04200852623888503
MESSAGEix-GLOBIOM-GAINS 2.1-M-R12,High-to-Low,SSP5,FALSE,World,2060,aluminum_pc,0.04682604066957239
