"model","scenario","version","region","unit","variable","type","2005","2010","2020","2030","2040","2050","2060","2070","2080","2090","2100"
"AIM/CGE","SSP3-Baseline",1,"Asia (R5)","EJ/yr","Primary Energy|Biomass","ANNUAL",23.6708,24.693,27.5964,30.9469,33.831,36.9884,40.491,44.6634,49.3073,54.20920000000001,60.71849999999999
"AIM/CGE","SSP3-Baseline",1,"Asia (R5)","EJ/yr","Primary Energy|Coal","ANNUAL",59.1522,69.4412,97.4874,131.2865,157.1141,180.8653,198.5659,215.0774,227.889,240.8132,251.4293
"AIM/CGE","SSP3-Baseline",1,"Asia (R5)","EJ/yr","Primary Energy|Fossil","ANNUAL",100.2528,118.9083,169.2967,221.0202,256.8244,284.5026,302.6484,320.8924,337.0465,352.8919,364.6831
"AIM/CGE","SSP3-Baseline",1,"Asia (R5)","EJ/yr","Primary Energy|Gas","ANNUAL",9.9576,11.773,16.9942,24.0582,29.9238,35.9619,40.7699,44.4555,48.4335,51.0692,58.35119999999999
"AIM/CGE","SSP3-Baseline",1,"Asia (R5)","EJ/yr","Primary Energy|Oil","ANNUAL",31.1433,37.69430000000001,54.8151,65.67540000000001,69.7863,67.6756,63.3126,61.3595,60.7241,61.0094,54.9027
"AIM/CGE","SSP3-Baseline",1,"Latin America (R5)","EJ/yr","Primary Energy|Biomass","ANNUAL",3.6694,4.0466,5.0686,6.0379,6.8235,7.698,8.705200000000001,9.9317,11.3166,12.8313,15.0346
"AIM/CGE","SSP3-Baseline",1,"Latin America (R5)","EJ/yr","Primary Energy|Coal","ANNUAL",1.3132,1.5422,2.2252,3.1394,3.9472,4.7588,5.8756,7.328099999999999,9.1323,10.7294,12.8901
"AIM/CGE","SSP3-Baseline",1,"Latin America (R5)","EJ/yr","Primary Energy|Fossil","ANNUAL",20.1803,22.3007,28.9268,36.275,42.1623,47.1949,52.3176,58.14060000000001,64.5989,70.5485,74.9155
"AIM/CGE","SSP3-Baseline",1,"Latin America (R5)","EJ/yr","Primary Energy|Gas","ANNUAL",6.0454,6.7962,9.1733,12.2551,15.0505,17.583,20.1339,22.843,25.8021,28.1812,28.8955
"AIM/CGE","SSP3-Baseline",1,"Latin America (R5)","EJ/yr","Primary Energy|Oil","ANNUAL",12.8216,13.9623,17.5283,20.8805,23.1645,24.8531,26.3081,27.9695,29.6645,31.6379,33.1299
"AIM/CGE","SSP3-Baseline",1,"Middle East & Africa (R5)","EJ/yr","Primary Energy|Biomass","ANNUAL",10.2287,11.3492,14.1543,17.4872,21.0806,25.2608,30.1784,36.4513,43.1762,50.7069,59.3924
"AIM/CGE","SSP3-Baseline",1,"Middle East & Africa (R5)","EJ/yr","Primary Energy|Coal","ANNUAL",4.2829,5.0558,7.0413,10.2345,14.6574,20.8013,29.0209,41.4361,60.90990000000001,86.06329999999998,117.7478
"AIM/CGE","SSP3-Baseline",1,"Middle East & Africa (R5)","EJ/yr","Primary Energy|Fossil","ANNUAL",32.51150000000001,39.2447,54.5663,74.4149,95.5633,116.8661,136.7103,155.8944,178.0273,210.1364,249.0935
"AIM/CGE","SSP3-Baseline",1,"Middle East & Africa (R5)","EJ/yr","Primary Energy|Gas","ANNUAL",12.0915,14.8304,20.7769,30.2116,40.23519999999999,52.44900000000001,62.9046,68.5136,71.5328,77.5523,82.2388
"AIM/CGE","SSP3-Baseline",1,"Middle East & Africa (R5)","EJ/yr","Primary Energy|Oil","ANNUAL",16.1371,19.3586,26.748,33.9688,40.6708,43.6157,44.7848,45.9447,45.5847,46.5207,49.1068
"AIM/CGE","SSP3-Baseline",1,"OECD & EU (R5)","EJ/yr","Primary Energy|Biomass","ANNUAL",8.0831,8.8034,10.5698,12.7653,15.3747,18.8703,22.5139,25.9916,28.5537,29.5615,30.3441
"AIM/CGE","SSP3-Baseline",1,"OECD & EU (R5)","EJ/yr","Primary Energy|Coal","ANNUAL",45.7846,50.0756,59.282,66.8317,76.0554,87.8212,99.7484,112.7921,122.8919,130.9782,138.1707
"AIM/CGE","SSP3-Baseline",1,"OECD & EU (R5)","EJ/yr","Primary Energy|Fossil","ANNUAL",179.9615,184.7979,207.1691,219.4654,225.9894,228.9999000000001,230.735,232.5554,231.6328,229.7521,227.0136000000001
"AIM/CGE","SSP3-Baseline",1,"OECD & EU (R5)","EJ/yr","Primary Energy|Gas","ANNUAL",49.7863,50.9128,57.86129999999999,62.4497,62.5196,61.1791,60.9644,59.1074,57.6998,55.6728,53.0328
"AIM/CGE","SSP3-Baseline",1,"OECD & EU (R5)","EJ/yr","Primary Energy|Oil","ANNUAL",84.3906,83.8095,90.0262,90.18389999999998,87.4144,79.9994,70.0223,60.65620000000001,51.0411,43.101,35.81
"AIM/CGE","SSP3-Baseline",1,"Reforming Economies (R5)","EJ/yr","Primary Energy|Biomass","ANNUAL",0.4941,0.4892,0.589,0.7136,0.8973,1.1458,1.4489,1.8228,2.1786,2.4371,2.7006
"AIM/CGE","SSP3-Baseline",1,"Reforming Economies (R5)","EJ/yr","Primary Energy|Coal","ANNUAL",7.7129,8.2977,9.4497,10.7573,11.9423,12.412,13.7003,15.431,17.4927,19.9156,22.5778
"AIM/CGE","SSP3-Baseline",1,"Reforming Economies (R5)","EJ/yr","Primary Energy|Fossil","ANNUAL",35.6216,38.1995,44.8795,51.3471,56.0846,57.2313,57.5199,58.4875,60.2001,61.8772,63.5716
"AIM/CGE","SSP3-Baseline",1,"Reforming Economies (R5)","EJ/yr","Primary Energy|Gas","ANNUAL",20.8428,22.4168,26.5717,30.9542,34.4207,35.6169,35.1248,34.7569,34.7079,34.297,33.5992
"AIM/CGE","SSP3-Baseline",1,"Reforming Economies (R5)","EJ/yr","Primary Energy|Oil","ANNUAL",7.0659,7.485,8.8581,9.6355,9.7217,9.2024,8.6948,8.2996,7.9995,7.6646,7.3946
"GCAM4","SSP4-26",1,"Asia (R5)","EJ/yr","Primary Energy|Biomass","ANNUAL",,23.19311446,30.60648732,51.34822837,62.25767078,72.0963909,87.90425156999999,111.76358524,133.72444233,146.28943112,172.09503079
"GCAM4","SSP4-26",1,"Asia (R5)","EJ/yr","Primary Energy|Coal","ANNUAL",,87.32393849999998,123.254258,83.80482000000003,68.544675,58.536987,44.73977180000001,26.7692606,8.584447499999998,2.063067,0.76613962
"GCAM4","SSP4-26",1,"Asia (R5)","EJ/yr","Primary Energy|Fossil","ANNUAL",,148.14126588,209.1737934,186.3477862,178.787883,162.8204673,131.2657362,86.91808990000001,44.583461536,24.498331602,13.255503998
"GCAM4","SSP4-26",1,"Asia (R5)","EJ/yr","Primary Energy|Gas","ANNUAL",,14.897142,27.862073,42.34856000000001,50.92550000000001,50.43708000000001,45.71317800000001,34.885667,23.394768,15.376181,10.366314
"GCAM4","SSP4-26",1,"Asia (R5)","EJ/yr","Primary Energy|Oil","ANNUAL",,45.92018537999999,58.0574624,60.1944062,59.317708,53.8464003,40.8127864,25.2631623,12.604246036,7.059083602,2.123050378
"GCAM4","SSP4-26",1,"Latin America (R5)","EJ/yr","Primary Energy|Biomass","ANNUAL",,4.738232892,6.522676886,9.981276989,12.548191171,15.760608089,21.054306982,25.631461133,28.32673158,31.776602931,35.347520444
"GCAM4","SSP4-26",1,"Latin America (R5)","EJ/yr","Primary Energy|Coal","ANNUAL",,1.44790165,2.1184471,2.2875949,2.4457315,2.953754,3.413904,3.233246,2.1333561,0.8676379799999999,0.41052618
"GCAM4","SSP4-26",1,"Latin America (R5)","EJ/yr","Primary Energy|Fossil","ANNUAL",,25.99393105,32.6477841,34.7383225,35.8863824,34.7263389,31.5369103,26.54190878,20.403279514,13.665315276,8.637746855999998
"GCAM4","SSP4-26",1,"Latin America (R5)","EJ/yr","Primary Energy|Gas","ANNUAL",,7.841454,11.226748,14.711483,17.346466,17.96479,18.23044,16.39611,13.013239,8.694641999999998,5.237964
"GCAM4","SSP4-26",1,"Latin America (R5)","EJ/yr","Primary Energy|Oil","ANNUAL",,16.7045754,19.302589,17.7392446,16.0941849,13.8077949,9.8925663,6.91255278,5.256684414,4.103035296,2.989256676000001
"GCAM4","SSP4-26",1,"Middle East & Africa (R5)","EJ/yr","Primary Energy|Biomass","ANNUAL",,13.7989868,18.9755086,25.8051779,31.0558668,36.44002130000001,42.6698694,49.23218979999999,57.30972741,69.59299718,88.63401386
"GCAM4","SSP4-26",1,"Middle East & Africa (R5)","EJ/yr","Primary Energy|Coal","ANNUAL",,4.6012302,5.879652,5.079899,4.201895,3.972881,4.362792,3.678976,2.0953894,1.261987,0.7373863999999999
"GCAM4","SSP4-26",1,"Middle East & Africa (R5)","EJ/yr","Primary Energy|Fossil","ANNUAL",,43.9586458,53.6323744,59.4642641,64.52366549999999,66.7214276,67.52084620000001,64.2288649,53.6501245,38.88711470000001,24.04766516
"GCAM4","SSP4-26",1,"Middle East & Africa (R5)","EJ/yr","Primary Energy|Gas","ANNUAL",,16.7746766,24.30441,30.119962,35.101496,37.27375300000001,39.004386,37.575021,31.110016,23.163767,14.944911
"GCAM4","SSP4-26",1,"Middle East & Africa (R5)","EJ/yr","Primary Energy|Oil","ANNUAL",,22.582739,23.4483124,24.2644031,25.2202745,25.4747936,24.15366819999999,22.9748679,20.4447191,14.4613607,8.36536776
"GCAM4","SSP4-26",1,"OECD & EU (R5)","EJ/yr","Primary Energy|Biomass","ANNUAL",,9.485613,13.054841,24.903261,36.121215,48.25309900000001,68.864504,85.053976,101.44773,116.462,128.15879
"GCAM4","SSP4-26",1,"OECD & EU (R5)","EJ/yr","Primary Energy|Coal","ANNUAL",,44.0227181,48.5697218,23.8598888,19.2329011,20.104295,18.7771329,13.461274,6.5023651,1.62944617,0.25631681
"GCAM4","SSP4-26",1,"OECD & EU (R5)","EJ/yr","Primary Energy|Fossil","ANNUAL",,180.86503051,185.4247651,150.9845468,136.4464398,122.5672217,100.4451979,71.34067102,40.769234364,19.277558169,10.635810051
"GCAM4","SSP4-26",1,"OECD & EU (R5)","EJ/yr","Primary Energy|Gas","ANNUAL",,54.557403,56.612827,57.713042,56.310797,50.976502,45.428142,32.920082,21.837139,14.610895,10.3774288
"GCAM4","SSP4-26",1,"OECD & EU (R5)","EJ/yr","Primary Energy|Oil","ANNUAL",,82.28490941,80.2422163,69.41161600000001,60.90274169999999,51.4864247,36.239923,24.95931502,12.429730264,3.037216999,0.002064441
"GCAM4","SSP4-26",1,"Reforming Economies (R5)","EJ/yr","Primary Energy|Biomass","ANNUAL",,0.3141226,0.6805749999999999,1.958552,3.11796,4.22879,6.629490000000001,9.64432,13.40005,18.77723,23.93709
"GCAM4","SSP4-26",1,"Reforming Economies (R5)","EJ/yr","Primary Energy|Coal","ANNUAL",,5.86399,6.327,3.173876,2.181933,1.644308,1.47719,1.004407,0.411285,0.23287142,0.0886786
"GCAM4","SSP4-26",1,"Reforming Economies (R5)","EJ/yr","Primary Energy|Fossil","ANNUAL",,34.22453,37.2907343,29.822,25.2686526,20.3906769,15.2661503,9.54697803,5.4480109,3.02936051,1.373301505
"GCAM4","SSP4-26",1,"Reforming Economies (R5)","EJ/yr","Primary Energy|Gas","ANNUAL",,19.77411,22.17962,18.63,15.59386,12.17035,9.00587,5.317629999999999,2.713434,1.617473,1.116455
"GCAM4","SSP4-26",1,"Reforming Economies (R5)","EJ/yr","Primary Energy|Oil","ANNUAL",,8.58643,8.784114299999999,8.018124,7.492859600000001,6.576018899999999,4.7830903,3.22494103,2.3232919,1.17901609,0.168167905
"GCAM4","SSP4-Baseline",1,"Asia (R5)","EJ/yr","Primary Energy|Biomass","ANNUAL",21.95608296,23.19311446,30.32886205,36.79374574,40.6151652,42.12697081,42.53707443,40.92353549,38.00667814000001,34.4671789,31.08806173
"GCAM4","SSP4-Baseline",1,"Asia (R5)","EJ/yr","Primary Energy|Coal","ANNUAL",65.4197383,87.32393849999998,125.806862,158.279755,172.684954,174.756528,173.8933,166.16889,139.30406,115.66227,97.09163
"GCAM4","SSP4-Baseline",1,"Asia (R5)","EJ/yr","Primary Energy|Fossil","ANNUAL",112.50002414,148.14126588,211.9715808,268.4831237,298.3286952999999,308.814395,308.763861,298.208421,267.31904,238.857722,215.897818
"GCAM4","SSP4-Baseline",1,"Asia (R5)","EJ/yr","Primary Energy|Gas","ANNUAL",10.098709,14.897142,28.121608,47.24273,59.87201,66.34751,68.31000999999999,64.34199,60.06437,56.78978000000001,55.320881
"GCAM4","SSP4-Baseline",1,"Asia (R5)","EJ/yr","Primary Energy|Oil","ANNUAL",36.98157684,45.92018537999999,58.04311080000001,62.9606387,65.7717313,67.710357,66.56055099999999,67.697541,67.95061,66.405672,63.485307
"GCAM4","SSP4-Baseline",1,"Latin America (R5)","EJ/yr","Primary Energy|Biomass","ANNUAL",4.129515509999999,4.738232892,5.982998883,7.613975853999999,8.761487327000001,9.386933456,10.162609975,10.077591446,9.511111092,8.919380410999999,8.274288723000002
"GCAM4","SSP4-Baseline",1,"Latin America (R5)","EJ/yr","Primary Energy|Coal","ANNUAL",1.29000092,1.44790165,3.285258,6.904568,9.421339,11.114473,13.400031,14.103577,13.782905,13.470966,13.157918
"GCAM4","SSP4-Baseline",1,"Latin America (R5)","EJ/yr","Primary Energy|Fossil","ANNUAL",22.37382682,25.99393105,35.2605021,43.9567926,50.116197,54.10861799999999,56.351971,56.565791,55.511339,54.30561,53.163479
"GCAM4","SSP4-Baseline",1,"Latin America (R5)","EJ/yr","Primary Energy|Gas","ANNUAL",6.269199,7.841454,12.101766,17.788936,21.99052,24.61797,25.60421,24.72848,23.6565,22.80367,22.34775
"GCAM4","SSP4-Baseline",1,"Latin America (R5)","EJ/yr","Primary Energy|Oil","ANNUAL",14.8146269,16.7045754,19.8734781,19.2632886,18.704338,18.376175,17.34773,17.733734,18.071934,18.030974,17.657811
"GCAM4","SSP4-Baseline",1,"Middle East & Africa (R5)","EJ/yr","Primary Energy|Biomass","ANNUAL",11.9328977,13.7989868,18.8537034,23.2170437,27.6051988,31.8780466,36.21292308,39.94665701,43.36050185,46.20566322,48.5376261
"GCAM4","SSP4-Baseline",1,"Middle East & Africa (R5)","EJ/yr","Primary Energy|Coal","ANNUAL",4.3926805,4.6012302,7.037046999999999,12.946289,17.594968,21.56864,27.02038,31.03493,34.57673,38.78188,43.81291
"GCAM4","SSP4-Baseline",1,"Middle East & Africa (R5)","EJ/yr","Primary Energy|Fossil","ANNUAL",35.3122776,43.9586458,55.7626121,73.9028029,89.14148610000001,102.346346,115.205767,126.677757,138.824859,153.521313,170.556357
"GCAM4","SSP4-Baseline",1,"Middle East & Africa (R5)","EJ/yr","Primary Energy|Gas","ANNUAL",12.2849621,16.7746766,25.03271,35.637,44.150896,50.436275,54.119426,55.65765,57.260729,60.4088,65.128248
"GCAM4","SSP4-Baseline",1,"Middle East & Africa (R5)","EJ/yr","Primary Energy|Oil","ANNUAL",18.634635,22.582739,23.6928551,25.3195139,27.3956221,30.341431,34.065961,39.98517700000001,46.9874,54.330633,61.61519900000001
"GCAM4","SSP4-Baseline",1,"OECD & EU (R5)","EJ/yr","Primary Energy|Biomass","ANNUAL",7.9817426,9.485613,11.317191,15.016674,18.11132,20.291934,23.188881,23.510345,23.13285,22.004976,20.678438
"GCAM4","SSP4-Baseline",1,"OECD & EU (R5)","EJ/yr","Primary Energy|Coal","ANNUAL",47.31467859999999,44.0227181,54.305252,64.912472,69.92354499999999,71.79607899999999,76.55773500000001,75.67405,68.00986900000001,63.312406,57.863052
"GCAM4","SSP4-Baseline",1,"OECD & EU (R5)","EJ/yr","Primary Energy|Fossil","ANNUAL",191.7953831,180.86503051,194.53231,208.231812,214.0584838,213.7793769,210.901302,203.883702,190.869217,179.259848,167.782196
"GCAM4","SSP4-Baseline",1,"OECD & EU (R5)","EJ/yr","Primary Energy|Gas","ANNUAL",52.246725,54.557403,59.355555,70.67691500000001,76.729064,78.216139,77.09515999999999,71.01406800000001,65.96024,60.60390700000001,57.017922
"GCAM4","SSP4-Baseline",1,"OECD & EU (R5)","EJ/yr","Primary Energy|Oil","ANNUAL",92.2339795,82.28490941,80.871503,72.642425,67.40587479999999,63.7671589,57.248407,57.195584,56.899108,55.343535,52.901222
"GCAM4","SSP4-Baseline",1,"Reforming Economies (R5)","EJ/yr","Primary Energy|Biomass","ANNUAL",0.3117754,0.3141226,0.676109,1.197402,1.594606,1.834889,2.225756,2.282487,2.312663,2.282875,2.208417
"GCAM4","SSP4-Baseline",1,"Reforming Economies (R5)","EJ/yr","Primary Energy|Coal","ANNUAL",5.94533,5.86399,6.77856,7.927020000000001,8.48256,8.54199,8.963180000000001,8.666509999999999,7.41475,6.82125,6.26811
"GCAM4","SSP4-Baseline",1,"Reforming Economies (R5)","EJ/yr","Primary Energy|Fossil","ANNUAL",31.64351,34.22453,37.9113579,39.993533,40.011456,38.134596,34.29887100000001,31.233216,27.952009,25.529295,23.420991
"GCAM4","SSP4-Baseline",1,"Reforming Economies (R5)","EJ/yr","Primary Energy|Gas","ANNUAL",17.90413,19.77411,22.33849,23.68018,23.37398,21.73106,18.11399,15.28722,13.31077,11.69849,10.46786
"GCAM4","SSP4-Baseline",1,"Reforming Economies (R5)","EJ/yr","Primary Energy|Oil","ANNUAL",7.79405,8.58643,8.7943079,8.386333,8.154916,7.861546000000001,7.221701,7.279486,7.226489000000001,7.009555,6.685021
"IMAGE","SSP1-26",1,"Asia (R5)","EJ/yr","Primary Energy|Biomass","ANNUAL",21.91888864183426,27.58177160549164,18.38791539382935,18.74157758712768,26.65699005126953,34.96965232849121,46.49807668685914,52.96733541488648,66.4419352760315,73.2487079706192,66.95926836681366
"IMAGE","SSP1-26",1,"Asia (R5)","EJ/yr","Primary Energy|Coal","ANNUAL",59.16537867736817,90.41147035217286,99.32539001464843,92.10225122070312,68.77644702148437,46.41230053710937,36.43609808349609,36.40761447143555,32.89480122375489,30.53934603881836,21.81407997131348
"IMAGE","SSP1-26",1,"Asia (R5)","EJ/yr","Primary Energy|Fossil","ANNUAL",110.3994737701416,150.6332385406494,188.0525723876954,200.8099736328125,179.7581638183594,157.0670418701172,138.9620665893555,115.2542569274902,83.71466651916504,71.14411697387695,59.68338209533692
"IMAGE","SSP1-26",1,"Asia (R5)","EJ/yr","Primary Energy|Gas","ANNUAL",11.33389916992188,15.54637927246094,41.80222827148438,61.39971362304687,67.672265625,69.13870483398438,63.30188110351562,44.74081933593751,28.29572021484375,24.65511846923828,23.1577357788086
"IMAGE","SSP1-26",1,"Asia (R5)","EJ/yr","Primary Energy|Oil","ANNUAL",39.90019592285157,44.67538891601563,46.92495410156251,47.3080087890625,43.309451171875,41.51603649902344,39.22408740234375,34.10582312011719,22.52414508056641,15.94965246582031,14.71156634521484
"IMAGE","SSP1-26",1,"Latin America (R5)","EJ/yr","Primary Energy|Biomass","ANNUAL",4.203218200683594,4.720341850280762,4.127254493713379,3.751331825256348,5.51156583404541,6.580719802856445,7.906524530410767,9.573934643745424,13.72671327590942,15.54886525440216,13.70868438434601
"IMAGE","SSP1-26",1,"Latin America (R5)","EJ/yr","Primary Energy|Coal","ANNUAL",1.325403480529785,1.483346313476562,3.350709594726562,3.568840454101564,2.543633560180664,1.718760986328125,1.6915458984375,1.670423248291016,1.409046157836914,1.34542822265625,0.9646440048217776
"IMAGE","SSP1-26",1,"Latin America (R5)","EJ/yr","Primary Energy|Fossil","ANNUAL",20.74771784210205,22.51934790039063,29.15516845703125,30.97355249023438,28.98225941467285,27.59144885253906,25.82997290039063,19.99155221557617,13.99837028503418,11.7680231628418,10.32167702484131
"IMAGE","SSP1-26",1,"Latin America (R5)","EJ/yr","Primary Energy|Gas","ANNUAL",5.762766387939453,6.784882690429688,10.53483972167969,13.6640029296875,14.86235791015625,14.23491577148438,13.64986303710938,11.44893823242188,9.10858721923828,7.904561645507813,6.799808715820312
"IMAGE","SSP1-26",1,"Latin America (R5)","EJ/yr","Primary Energy|Oil","ANNUAL",13.65954797363281,14.25111889648438,15.269619140625,13.74070910644531,11.57626794433594,11.63777209472656,10.48856396484375,6.872190734863281,3.480736907958984,2.518033294677734,2.557224304199218
"IMAGE","SSP1-26",1,"Middle East & Africa (R5)","EJ/yr","Primary Energy|Biomass","ANNUAL",8.808256813883782,9.917244091987609,6.646544132232666,6.700447555541992,9.470350212097166,13.60150413513184,17.37767511367798,22.14626946258545,32.63217569732666,41.64915760612488,42.68823903656006
"IMAGE","SSP1-26",1,"Middle East & Africa (R5)","EJ/yr","Primary Energy|Coal","ANNUAL",4.600813242912293,5.033538038253785,6.365118286132812,5.970356338500976,4.721615188598633,4.54324934387207,5.633717529296876,5.402359313964844,4.822213287353516,4.196806915283204,3.427557586669922
"IMAGE","SSP1-26",1,"Middle East & Africa (R5)","EJ/yr","Primary Energy|Fossil","ANNUAL",34.16692150259018,39.96805624628068,48.21283348083496,53.66582878112794,56.91415809631348,58.74930085754394,66.82555249023437,66.06713385009766,56.93820022583008,48.16930583190918,48.13322035598755
"IMAGE","SSP1-26",1,"Middle East & Africa (R5)","EJ/yr","Primary Energy|Gas","ANNUAL",11.40070796060562,14.19750844240189,15.96176847839356,20.07471054077148,24.53222912597656,28.39894140625,34.77819799804688,35.02851373291016,33.77144030761719,32.13357000732422,35.10083569335937
"IMAGE","SSP1-26",1,"Middle East & Africa (R5)","EJ/yr","Primary Energy|Oil","ANNUAL",18.16540029907227,20.737009765625,25.8859467163086,27.62076190185547,27.66031378173828,25.80711010742188,26.41363696289063,25.63626080322265,18.34454663085938,11.83892890930176,9.604827075958251
"IMAGE","SSP1-26",1,"OECD & EU (R5)","EJ/yr","Primary Energy|Biomass","ANNUAL",8.5293723590374,9.812895839691162,9.20724406719208,12.10524298667908,19.01371626329422,24.3773393163681,39.79485800743103,57.94902511119842,78.42206411123276,98.20828624868392,93.06920620954035
"IMAGE","SSP1-26",1,"OECD & EU (R5)","EJ/yr","Primary Energy|Coal","ANNUAL",44.89542498779296,40.99171215820313,36.49936331176758,25.23924186706543,16.50622413635254,10.42091116333008,7.124828742980958,5.763419563293457,4.412699813842774,3.038379577636719,2.672501575469971
"IMAGE","SSP1-26",1,"OECD & EU (R5)","EJ/yr","Primary Energy|Fossil","ANNUAL",191.6678027954101,179.0896116943359,169.3394260559082,145.9475127410889,122.8786928863525,98.40884518432615,73.70536664581299,57.86568775177003,48.24266306304932,39.24493128013611,41.62435018157959
"IMAGE","SSP1-26",1,"OECD & EU (R5)","EJ/yr","Primary Energy|Gas","ANNUAL",54.47335058593751,56.04618029785156,59.173869140625,67.97456616210938,71.47147460937501,60.71362475585937,46.87698046875001,38.48247546386719,35.94171496582032,29.76052362060547,30.69366644287109
"IMAGE","SSP1-26",1,"OECD & EU (R5)","EJ/yr","Primary Energy|Oil","ANNUAL",92.29902722167968,82.05171923828125,73.66619360351562,52.73370471191407,34.900994140625,27.27430926513672,19.70355743408203,13.61979272460938,7.888248283386231,6.446028081893921,8.258182163238525
"IMAGE","SSP1-26",1,"Reforming Economies (R5)","EJ/yr","Primary Energy|Biomass","ANNUAL",0.4214418382644653,0.6860300092697144,1.284190643310547,3.304659423828125,4.620243362426757,4.941999034881592,6.762298133850098,6.919212491989136,9.634713050842286,11.24341752243042,9.58794187951088
"IMAGE","SSP1-26",1,"Reforming Economies (R5)","EJ/yr","Primary Energy|Coal","ANNUAL",7.49394677734375,7.064307800292969,6.6887900390625,5.529209838867187,4.478841064453125,3.645627502441406,3.167695434570313,2.479900177001953,1.742275390625,1.421645751953125,1.139237808227539
"IMAGE","SSP1-26",1,"Reforming Economies (R5)","EJ/yr","Primary Energy|Fossil","ANNUAL",37.25095556640625,37.29335064697266,37.28495220947266,35.81761834716796,32.09426782226563,27.80556149291992,22.06568789672852,16.74478573608398,12.34174127197266,9.578273696899414,8.095118087768554
"IMAGE","SSP1-26",1,"Reforming Economies (R5)","EJ/yr","Primary Energy|Gas","ANNUAL",18.97476000976563,20.2214541015625,21.19026342773438,22.48731176757813,23.04746118164062,20.33940014648437,15.23253015136719,10.62624011230469,8.260678344726562,6.338322998046875,5.210109252929688
"IMAGE","SSP1-26",1,"Reforming Economies (R5)","EJ/yr","Primary Energy|Oil","ANNUAL",10.78224877929688,10.00758874511719,9.40589874267578,7.801096740722656,4.567965576171875,3.820533843994141,3.665462310791016,3.638645446777344,2.338787536621094,1.818304946899414,1.745771026611328
"IMAGE","SSP1-Baseline",1,"Asia (R5)","EJ/yr","Primary Energy|Biomass","ANNUAL",21.91888864183426,27.58177050495148,18.81875141143799,22.13422512054444,31.09160498046875,33.56106660842896,36.65916039276123,45.01683397293091,56.45183408355713,57.74581459236145,50.71207949256897
"IMAGE","SSP1-Baseline",1,"Asia (R5)","EJ/yr","Primary Energy|Coal","ANNUAL",59.16537867736817,90.41146253967284,103.5247293701172,117.0322839355469,126.3810988769531,124.42665234375,125.8469661865234,121.0537214355469,98.89375268554689,82.53092150878905,71.34236798095702
"IMAGE","SSP1-Baseline",1,"Asia (R5)","EJ/yr","Primary Energy|Fossil","ANNUAL",110.3994737701416,150.6332296295166,194.9623918457031,233.4909841308594,257.918029296875,268.8914169921875,267.0003970947266,242.3397852783203,193.0044202880859,162.9768861083984,153.4545456542969
"IMAGE","SSP1-Baseline",1,"Asia (R5)","EJ/yr","Primary Energy|Gas","ANNUAL",11.33389916992188,15.54637817382813,43.38444128417969,65.78048095703124,80.79994921875,91.6072236328125,88.85357861328126,73.04756396484376,57.66901220703126,53.53299267578125,61.30288769531249
"IMAGE","SSP1-Baseline",1,"Asia (R5)","EJ/yr","Primary Energy|Oil","ANNUAL",39.90019592285157,44.67538891601563,48.05322119140624,50.67821923828126,50.73698120117187,52.857541015625,52.29985229492188,48.23849987792969,36.44165539550782,26.91297192382813,20.80928997802734
"IMAGE","SSP1-Baseline",1,"Latin America (R5)","EJ/yr","Primary Energy|Biomass","ANNUAL",4.203218200683594,4.731122230529786,4.167497734069824,3.907565231323242,5.583096755981446,6.42023945236206,7.194813611984253,9.46703454208374,10.86916575813294,10.0074890422821,9.311624572753908
"IMAGE","SSP1-Baseline",1,"Latin America (R5)","EJ/yr","Primary Energy|Coal","ANNUAL",1.325403480529785,1.483346313476562,3.52404769897461,4.329771423339844,5.173143554687501,5.996057006835938,6.54993505859375,6.576440917968751,5.402343017578126,3.927611083984375,2.797237487792969
"IMAGE","SSP1-Baseline",1,"Latin America (R5)","EJ/yr","Primary Energy|Fossil","ANNUAL",20.74771784210205,22.51934790039063,30.28134616088867,35.99918353271485,40.35793566894532,44.44888696289063,45.88019580078125,41.04547937011719,31.35281420898438,24.80755780029297,20.24559527587891
"IMAGE","SSP1-Baseline",1,"Latin America (R5)","EJ/yr","Primary Energy|Gas","ANNUAL",5.762766387939453,6.784882690429688,11.08836206054687,16.765673828125,21.67800708007812,23.8406708984375,24.12520385742188,22.25511962890625,18.91905029296875,16.32618701171875,14.03371398925781
"IMAGE","SSP1-Baseline",1,"Latin America (R5)","EJ/yr","Primary Energy|Oil","ANNUAL",13.65954797363281,14.25111889648438,15.66893640136719,14.90373828125,13.50678503417969,14.61215905761719,15.20505688476562,12.21391882324219,7.031420898437501,4.553759704589844,3.414643798828125
"IMAGE","SSP1-Baseline",1,"Middle East & Africa (R5)","EJ/yr","Primary Energy|Biomass","ANNUAL",8.808256813883782,9.917285242080688,6.765227828979492,7.144180015563967,10.84566347503662,14.71514196014404,19.42261771392823,23.52345967483521,28.70254029464722,36.52660114097596,40.24476761627197
"IMAGE","SSP1-Baseline",1,"Middle East & Africa (R5)","EJ/yr","Primary Energy|Coal","ANNUAL",4.600813242912293,5.033537935256959,6.815404556274414,8.23965380859375,10.68159020996094,14.12352685546875,17.18293493652344,21.07381494140625,25.27999157714844,26.87447082519531,24.35756341552734
"IMAGE","SSP1-Baseline",1,"Middle East & Africa (R5)","EJ/yr","Primary Energy|Fossil","ANNUAL",34.16692150259018,39.96804430246354,49.83234777832031,61.3304097290039,77.24480102539063,94.15758874511718,112.2899051513672,124.8409154052734,125.2251826171875,113.8317916870117,99.66773008728028
"IMAGE","SSP1-Baseline",1,"Middle East & Africa (R5)","EJ/yr","Primary Energy|Gas","ANNUAL",11.40070796060562,14.19749660158157,16.33720176696777,22.45525012207031,33.65432287597656,46.75579943847656,61.82379943847656,69.39208178710938,69.20820727539063,64.78013085937499,58.96982104492187
"IMAGE","SSP1-Baseline",1,"Middle East & Africa (R5)","EJ/yr","Primary Energy|Oil","ANNUAL",18.16540029907227,20.737009765625,26.67974145507812,30.63550579833984,32.90888793945312,33.27826245117187,33.28317077636719,34.37501867675782,30.73698376464844,22.17719000244141,16.34034562683105
"IMAGE","SSP1-Baseline",1,"OECD & EU (R5)","EJ/yr","Primary Energy|Biomass","ANNUAL",8.5293723590374,9.812627017974854,10.17215650463104,14.29044455718994,18.72393200349808,21.14052327251434,23.01543577861786,25.82788342428207,29.5856308836937,32.24570779514313,35.20630735588074
"IMAGE","SSP1-Baseline",1,"OECD & EU (R5)","EJ/yr","Primary Energy|Coal","ANNUAL",44.89542498779296,40.99171215820313,37.94796768188476,32.28662158203125,28.49095346069336,26.73050201416016,25.86609616088868,25.1472467956543,22.14495672607422,18.20905827331543,14.09151516723633
"IMAGE","SSP1-Baseline",1,"OECD & EU (R5)","EJ/yr","Primary Energy|Fossil","ANNUAL",191.6678027954101,179.0895921630859,173.4010506896973,160.968314453125,155.029166229248,144.3518853149414,137.9564494323731,128.7983042297363,116.1713616333008,105.991552696228,98.12323217773437
"IMAGE","SSP1-Baseline",1,"OECD & EU (R5)","EJ/yr","Primary Energy|Gas","ANNUAL",54.47335058593751,56.04616076660157,60.34119189453125,73.59685546875001,86.33617944335938,81.59024047851562,81.28073559570313,81.01143469238282,78.33401391601562,75.2338721923828,73.4226365966797
"IMAGE","SSP1-Baseline",1,"OECD & EU (R5)","EJ/yr","Primary Energy|Oil","ANNUAL",92.29902722167968,82.05171923828125,75.11189111328125,55.08483740234375,40.20203332519532,36.03114282226563,30.80961767578125,22.63962274169922,15.69239099121094,12.54862223052978,10.60908041381836
"IMAGE","SSP1-Baseline",1,"Reforming Economies (R5)","EJ/yr","Primary Energy|Biomass","ANNUAL",0.4214418382644653,0.6860484547615051,1.182269826889038,1.794409976959228,2.123929489135742,2.177252021789551,2.270429908752441,2.186568241119385,2.017207168579102,1.878713580131531,1.87867881989479
"IMAGE","SSP1-Baseline",1,"Reforming Economies (R5)","EJ/yr","Primary Energy|Coal","ANNUAL",7.49394677734375,7.064307800292969,7.0896279296875,8.676557006835937,9.931237670898437,9.171352172851565,9.328071044921874,8.311324951171876,6.415749023437501,5.024528442382813,2.990386840820312
"IMAGE","SSP1-Baseline",1,"Reforming Economies (R5)","EJ/yr","Primary Energy|Fossil","ANNUAL",37.25095556640625,37.29333990478516,38.48064056396485,41.39295794677734,41.66360131835938,38.83099353027345,34.07804586791993,29.0462883605957,25.57038427734375,23.13172410583496,15.55500509643555
"IMAGE","SSP1-Baseline",1,"Reforming Economies (R5)","EJ/yr","Primary Energy|Gas","ANNUAL",18.97476000976563,20.221443359375,21.81040185546875,24.405775390625,26.46263403320313,25.06482177734375,20.47398413085937,16.570126953125,15.676939453125,14.7650400390625,9.510739135742186
"IMAGE","SSP1-Baseline",1,"Reforming Economies (R5)","EJ/yr","Primary Energy|Oil","ANNUAL",10.78224877929688,10.00758874511719,9.580610778808593,8.310625549316406,5.269729614257812,4.594819580078124,4.275990692138672,4.164836456298828,3.47769580078125,3.342155624389648,3.053879119873046
"MESSAGE-GLOBIOM","SSP2-26",1,"Asia (R5)","EJ/yr","Primary Energy|Biomass","ANNUAL",24.06191,25.07671,28.9412,29.42483,29.58685,35.11469,39.06792,42.05892,45.04838,51.7966,56.16739000000001
"MESSAGE-GLOBIOM","SSP2-26",1,"Asia (R5)","EJ/yr","Primary Energy|Coal","ANNUAL",61.8911,84.43204999999999,92.41035,63.78513,35.05565,34.25423,46.46053,69.49363,78.46749,78.36285000000001,74.70097000000001
"MESSAGE-GLOBIOM","SSP2-26",1,"Asia (R5)","EJ/yr","Primary Energy|Fossil","ANNUAL",107.3415,140.21642,165.415,151.77086,148.13034,140.02982,133.70275,128.37078,123.12546,119.62928,115.35177
"MESSAGE-GLOBIOM","SSP2-26",1,"Asia (R5)","EJ/yr","Primary Energy|Gas","ANNUAL",10.69221,14.31696,15.89289,25.21246,40.96564,47.1277,45.53832,40.07179,41.49116,41.2664,40.6508
"MESSAGE-GLOBIOM","SSP2-26",1,"Asia (R5)","EJ/yr","Primary Energy|Oil","ANNUAL",34.75819,41.46741,57.11176,62.77326999999998,72.10905,58.64789,41.7039,18.80536,3.16681,0.00003,0
"MESSAGE-GLOBIOM","SSP2-26",1,"Latin America (R5)","EJ/yr","Primary Energy|Biomass","ANNUAL",4.4434,5.36869,8.32705,10.08724,11.67392,13.80523,20.77553,34.04145,48.86734000000001,58.71288000000001,65.32113000000001
"MESSAGE-GLOBIOM","SSP2-26",1,"Latin America (R5)","EJ/yr","Primary Energy|Coal","ANNUAL",1.32468,1.44231,0.7107100000000001,0.35888,0.88225,1.97248,4.24935,3.69586,0.88545,0,0
"MESSAGE-GLOBIOM","SSP2-26",1,"Latin America (R5)","EJ/yr","Primary Energy|Fossil","ANNUAL",22.38659,23.19945,25.71072,27.41685,30.76837,25.61477,25.39926,18.58575,8.6824,4.74629,0.37435
"MESSAGE-GLOBIOM","SSP2-26",1,"Latin America (R5)","EJ/yr","Primary Energy|Gas","ANNUAL",6.06976,6.3605,9.43548,11.92856,14.76627,14.00327,16.3765,13.37948,7.64445,4.67257,0.36895
"MESSAGE-GLOBIOM","SSP2-26",1,"Latin America (R5)","EJ/yr","Primary Energy|Oil","ANNUAL",14.99215,15.39664,15.56453,15.12941,15.11985,9.63902,4.77341,1.51041,0.1525,0.07372,0.0054
"MESSAGE-GLOBIOM","SSP2-26",1,"Middle East & Africa (R5)","EJ/yr","Primary Energy|Biomass","ANNUAL",11.93164,13.75209,13.06342,16.49827000000001,20.52127,23.4716,25.48692000000001,27.40367,27.12635,27.15949,30.41307
"MESSAGE-GLOBIOM","SSP2-26",1,"Middle East & Africa (R5)","EJ/yr","Primary Energy|Coal","ANNUAL",4.637919999999999,4.49643,5.35212,1.16876,0.8196699999999999,1.98127,3.45106,6.90516,7.23132,6.730010000000001,9.35653
"MESSAGE-GLOBIOM","SSP2-26",1,"Middle East & Africa (R5)","EJ/yr","Primary Energy|Fossil","ANNUAL",33.95951,42.66617000000001,57.01413000000001,62.864,71.31200000000001,81.37743,84.60158,83.94951999999999,75.19510999999999,57.53377999999999,43.76007
"MESSAGE-GLOBIOM","SSP2-26",1,"Middle East & Africa (R5)","EJ/yr","Primary Energy|Gas","ANNUAL",12.45281,16.20095,24.07968,32.81405,43.24087,58.82192000000001,68.18863999999999,72.78676,67.5362,50.60296999999999,34.29445
"MESSAGE-GLOBIOM","SSP2-26",1,"Middle East & Africa (R5)","EJ/yr","Primary Energy|Oil","ANNUAL",16.86878,21.96879,27.58233,28.88119,27.25146,20.57424,12.96188,4.2576,0.4275899999999999,0.2008,0.1090899999999999
"MESSAGE-GLOBIOM","SSP2-26",1,"OECD & EU (R5)","EJ/yr","Primary Energy|Biomass","ANNUAL",7.64935,10.29435,12.7912,12.86668,12.87942,13.31706,14.45012,20.63141,29.93941,39.35158,46.09791
"MESSAGE-GLOBIOM","SSP2-26",1,"OECD & EU (R5)","EJ/yr","Primary Energy|Coal","ANNUAL",46.15194,41.36157,28.65389,14.0577,7.87893,14.2832,26.04754,39.54985,38.62779,23.03226,2.58987
"MESSAGE-GLOBIOM","SSP2-26",1,"OECD & EU (R5)","EJ/yr","Primary Energy|Fossil","ANNUAL",186.3527,169.3987200000001,170.32366,156.66863,140.05074,127.9565,120.58704,106.44995,81.14653,47.81686,18.81321
"MESSAGE-GLOBIOM","SSP2-26",1,"OECD & EU (R5)","EJ/yr","Primary Energy|Gas","ANNUAL",49.59665,49.26725,54.59915,62.68264000000001,67.64031999999999,69.92562000000001,64.3846,55.82065,40.35558,24.73636,16.19447
"MESSAGE-GLOBIOM","SSP2-26",1,"OECD & EU (R5)","EJ/yr","Primary Energy|Oil","ANNUAL",90.60411,78.7699,87.07062,79.92829,64.53149000000002,43.74768,30.1549,11.07945,2.16316,0.04824,0.02887
"MESSAGE-GLOBIOM","SSP2-26",1,"Reforming Economies (R5)","EJ/yr","Primary Energy|Biomass","ANNUAL",0.36561,0.49664,0.9489,0.94891,0.95736,1.57611,3.13781,4.357930000000001,5.740559999999999,6.901110000000001,8.1061
"MESSAGE-GLOBIOM","SSP2-26",1,"Reforming Economies (R5)","EJ/yr","Primary Energy|Coal","ANNUAL",7.29489,7.99471,8.07655,3.54554,2.39684,3.1059,7.00926,9.56568,7.223389999999997,3.61674,0.01098
"MESSAGE-GLOBIOM","SSP2-26",1,"Reforming Economies (R5)","EJ/yr","Primary Energy|Fossil","ANNUAL",38.06694,36.32264,37.15149,33.13317000000001,29.80784,26.13937,24.56189,18.97729,14.14077,9.83081,5.98848
"MESSAGE-GLOBIOM","SSP2-26",1,"Reforming Economies (R5)","EJ/yr","Primary Energy|Gas","ANNUAL",21.64675,19.55921,16.52512999999999,17.29439,17.7591,15.36138,13.36863,8.375539999999999,6.55945,6.05155,5.92084
"MESSAGE-GLOBIOM","SSP2-26",1,"Reforming Economies (R5)","EJ/yr","Primary Energy|Oil","ANNUAL",9.1253,8.76872,12.54981,12.29324,9.6519,7.67209,4.184,1.03607,0.35793,0.16252,0.05666
"MESSAGE-GLOBIOM","SSP2-Baseline",1,"Asia (R5)","EJ/yr","Primary Energy|Biomass","ANNUAL",24.06191,25.07671,28.45224,26.02999,21.59582,21.89254,20.53845,17.82037,13.73068,15.3047,16.76384
"MESSAGE-GLOBIOM","SSP2-Baseline",1,"Asia (R5)","EJ/yr","Primary Energy|Coal","ANNUAL",61.89059,84.43165,96.33529000000004,117.89098,120.83278,133.58298,158.55213,186.50822,203.36986,195.36615,177.76613
"MESSAGE-GLOBIOM","SSP2-Baseline",1,"Asia (R5)","EJ/yr","Primary Energy|Fossil","ANNUAL",107.33614,140.21849,169.52681,205.14781,233.98825,269.93208,298.03602,322.01325,350.73755,362.40434,374.63816
"MESSAGE-GLOBIOM","SSP2-Baseline",1,"Asia (R5)","EJ/yr","Primary Energy|Gas","ANNUAL",10.69221,14.31583,16.54153,23.26528,35.55496,52.50033,62.4181,61.58028,63.28551,73.39321000000001,95.39159
"MESSAGE-GLOBIOM","SSP2-Baseline",1,"Asia (R5)","EJ/yr","Primary Energy|Oil","ANNUAL",34.75334,41.47101,56.64999,63.99155,77.60051,83.84877,77.06579,73.92475,84.08218,93.64498,101.48044
"MESSAGE-GLOBIOM","SSP2-Baseline",1,"Latin America (R5)","EJ/yr","Primary Energy|Biomass","ANNUAL",4.4434,5.36869,7.00404,6.529319999999998,5.64628,5.60952,9.93709,13.88848,17.34553,20.41222,23.07945
"MESSAGE-GLOBIOM","SSP2-Baseline",1,"Latin America (R5)","EJ/yr","Primary Energy|Coal","ANNUAL",1.32468,1.44231,1.78996,3.48119,5.98782,5.20728,2.74848,1.24849,0.9222,0.79902,1.07382
"MESSAGE-GLOBIOM","SSP2-Baseline",1,"Latin America (R5)","EJ/yr","Primary Energy|Fossil","ANNUAL",22.38659,23.19571,28.58361,35.85749000000001,44.26983,49.32803,51.47741,53.284,60.50496999999999,71.51691,75.50398999999999
"MESSAGE-GLOBIOM","SSP2-Baseline",1,"Latin America (R5)","EJ/yr","Primary Energy|Gas","ANNUAL",6.06976,6.3605,9.53262,12.17682,14.21892,19.01929,26.42985,30.62605,32.18367,36.63627,39.11114
"MESSAGE-GLOBIOM","SSP2-Baseline",1,"Latin America (R5)","EJ/yr","Primary Energy|Oil","ANNUAL",14.99215,15.3929,17.26103,20.19948,24.06309,25.10146,22.29908,21.40946,27.3991,34.08162,35.31903
"MESSAGE-GLOBIOM","SSP2-Baseline",1,"Middle East & Africa (R5)","EJ/yr","Primary Energy|Biomass","ANNUAL",11.93164,13.76524,13.06342,14.9608,17.15056,18.19633999999999,19.22442,19.39203,16.38484999999999,10.52513,11.98156
"MESSAGE-GLOBIOM","SSP2-Baseline",1,"Middle East & Africa (R5)","EJ/yr","Primary Energy|Coal","ANNUAL",4.637919999999999,4.49647,5.18357,7.74024,13.37118,23.39749,37.66665,41.16307,56.88481,85.3963,109.23001
"MESSAGE-GLOBIOM","SSP2-Baseline",1,"Middle East & Africa (R5)","EJ/yr","Primary Energy|Fossil","ANNUAL",33.95952,42.66690000000001,57.19264000000001,76.74761,98.25115999999996,118.20841,144.44922,165.4336,203.23885,238.53199,271.03694
"MESSAGE-GLOBIOM","SSP2-Baseline",1,"Middle East & Africa (R5)","EJ/yr","Primary Energy|Gas","ANNUAL",12.45282,16.20096,25.50973,39.0444,51.81336,60.87864999999999,69.91830000000002,81.41405,91.78521,83.90032,77.60544
"MESSAGE-GLOBIOM","SSP2-Baseline",1,"Middle East & Africa (R5)","EJ/yr","Primary Energy|Oil","ANNUAL",16.86878,21.96947,26.49934,29.96297,33.06662,33.93227,36.86427,42.85648,54.56883,69.23537,84.20149
"MESSAGE-GLOBIOM","SSP2-Baseline",1,"OECD & EU (R5)","EJ/yr","Primary Energy|Biomass","ANNUAL",7.64935,10.29435,12.7912,12.86667,12.87942,12.81887,12.83677,12.80236,12.82533,12.89607,12.85244
"MESSAGE-GLOBIOM","SSP2-Baseline",1,"OECD & EU (R5)","EJ/yr","Primary Energy|Coal","ANNUAL",46.1509,41.36815,32.38521,25.88914,28.62138,32.86908,40.40046,51.77659,65.75283999999999,69.00587,60.24428
"MESSAGE-GLOBIOM","SSP2-Baseline",1,"OECD & EU (R5)","EJ/yr","Primary Energy|Fossil","ANNUAL",186.33371,169.40631,173.494,180.36552,190.24234,200.55597,204.88758,210.00601,217.49375,224.7034400000001,221.61513
"MESSAGE-GLOBIOM","SSP2-Baseline",1,"OECD & EU (R5)","EJ/yr","Primary Energy|Gas","ANNUAL",49.5965,49.26675,54.10526,61.91357000000001,71.61139,80.68316,86.49558999999999,98.12367,94.96723,94.20466,96.45119
"MESSAGE-GLOBIOM","SSP2-Baseline",1,"OECD & EU (R5)","EJ/yr","Primary Energy|Oil","ANNUAL",90.58631,78.77141,87.00353000000001,92.56281,90.00957,87.00373,77.99153,60.10575,56.77368,61.49291,64.91966
"MESSAGE-GLOBIOM","SSP2-Baseline",1,"Reforming Economies (R5)","EJ/yr","Primary Energy|Biomass","ANNUAL",0.36561,0.49664,0.9489,0.9489,0.95736,0.97426,0.97215,0.98906,0.98272,0.98272,0.98272
"MESSAGE-GLOBIOM","SSP2-Baseline",1,"Reforming Economies (R5)","EJ/yr","Primary Energy|Coal","ANNUAL",7.29489,7.995260000000001,8.07709,10.47071,12.25451,12.11762,11.48839,11.16781,11.06689,10.91797,10.77253
"MESSAGE-GLOBIOM","SSP2-Baseline",1,"Reforming Economies (R5)","EJ/yr","Primary Energy|Fossil","ANNUAL",38.06698,36.31507,37.21701,38.77916,41.84596,46.00454000000001,46.53433,46.89475,48.87244000000001,48.98618,50.15383000000001
"MESSAGE-GLOBIOM","SSP2-Baseline",1,"Reforming Economies (R5)","EJ/yr","Primary Energy|Gas","ANNUAL",21.64675,19.55141,16.76647,15.62794,16.50519,18.6433,22.04527,25.99861,27.88846,26.46398,26.69301
"MESSAGE-GLOBIOM","SSP2-Baseline",1,"Reforming Economies (R5)","EJ/yr","Primary Energy|Oil","ANNUAL",9.12534,8.7684,12.37345,12.68051,13.08626,15.24362,13.00067,9.72833,9.91709,11.60423,12.68829
"REMIND-MAGPIE","SSP5-26",1,"Asia (R5)","EJ/yr","Primary Energy|Biomass","ANNUAL",24.473,25.425,25.627,21.015,26.455,61.84,101.55,111.74,121.28,132.6,138.93
"REMIND-MAGPIE","SSP5-26",1,"Asia (R5)","EJ/yr","Primary Energy|Coal","ANNUAL",63.41800000000001,83.52000000000001,86.55,46.696,14.052,2.7272,1.1056,0.6607,0.6647,0.5035000000000001,0.2309
"REMIND-MAGPIE","SSP5-26",1,"Asia (R5)","EJ/yr","Primary Energy|Fossil","ANNUAL",108.05,138.83,197.47,243.41,232.48,182.84,115.12,66.88,30.747,8.936,3.1604
"REMIND-MAGPIE","SSP5-26",1,"Asia (R5)","EJ/yr","Primary Energy|Gas","ANNUAL",9.47,15.222,39.321,78.14,93.99,75.07,53.52,39.83,20.485,5.3219,0.0034
"REMIND-MAGPIE","SSP5-26",1,"Asia (R5)","EJ/yr","Primary Energy|Oil","ANNUAL",35.153,40.089,71.58,118.53,124.39,105.05,60.49,26.379,9.597,3.1103,2.9261
"REMIND-MAGPIE","SSP5-26",1,"Latin America (R5)","EJ/yr","Primary Energy|Biomass","ANNUAL",4.679,5.215,7.476,5.935,6.019,18.8,28.94,32.76,36.17,38.12,41.68
"REMIND-MAGPIE","SSP5-26",1,"Latin America (R5)","EJ/yr","Primary Energy|Coal","ANNUAL",1.078,1.491,2.436,1.984,0.9986,0.181,0.0523,0.048,0.0561,0.0457,0.0376
"REMIND-MAGPIE","SSP5-26",1,"Latin America (R5)","EJ/yr","Primary Energy|Fossil","ANNUAL",21.6,23.89,32.81,41.64,40.08,32.9,22.89,17.2,12.67,10.83,9.551
"REMIND-MAGPIE","SSP5-26",1,"Latin America (R5)","EJ/yr","Primary Energy|Gas","ANNUAL",6,8.459,15.21,16.66,14.86,14.59,14.22,14.12,11.96,10.3,9.11
"REMIND-MAGPIE","SSP5-26",1,"Latin America (R5)","EJ/yr","Primary Energy|Oil","ANNUAL",14.52,13.94,15.16,22.99,24.22,18.13,8.618,3.031,0.6553,0.4796,0.4034
"REMIND-MAGPIE","SSP5-26",1,"Middle East & Africa (R5)","EJ/yr","Primary Energy|Biomass","ANNUAL",13.526,14.384,14.5,11.142,10.93,29.934,61.65,77.58,85.02000000000001,96.69,107.9
"REMIND-MAGPIE","SSP5-26",1,"Middle East & Africa (R5)","EJ/yr","Primary Energy|Coal","ANNUAL",1.776,2.2903,4.3192,2.7692,0.9754,0.5518,0.1343,0.0893,0.1097,0.1276999999999999,0.1169
"REMIND-MAGPIE","SSP5-26",1,"Middle East & Africa (R5)","EJ/yr","Primary Energy|Fossil","ANNUAL",35.358,46.069,74.33,88.09,94.63,93.06,72.25999999999999,54.28,30.97,11.308,5.107
"REMIND-MAGPIE","SSP5-26",1,"Middle East & Africa (R5)","EJ/yr","Primary Energy|Gas","ANNUAL",15.0403,20.4509,27.057,31.956,35.07,39.08,39.77,37.15000000000001,24.742,9.21,3.1063
"REMIND-MAGPIE","SSP5-26",1,"Middle East & Africa (R5)","EJ/yr","Primary Energy|Oil","ANNUAL",18.535,23.333,42.947,53.36,58.58,53.42,32.34999999999999,17.032,6.116000000000001,1.9694,1.8842
"REMIND-MAGPIE","SSP5-26",1,"OECD & EU (R5)","EJ/yr","Primary Energy|Biomass","ANNUAL",12.2278,13.6587,17.0217,14.175,20.405,62.823,110.873,133.194,150.39,166.26,177.39
"REMIND-MAGPIE","SSP5-26",1,"OECD & EU (R5)","EJ/yr","Primary Energy|Coal","ANNUAL",51.94,44.987,23.573,8.605599999999999,3.5059,2.3363,2.181,2.2038,2.1691,2.1813,2.2398
"REMIND-MAGPIE","SSP5-26",1,"OECD & EU (R5)","EJ/yr","Primary Energy|Fossil","ANNUAL",199.33,186.78,194.86,217.58,213.73,178.44,120.413,76.74,44.396,18.557,8.526
"REMIND-MAGPIE","SSP5-26",1,"OECD & EU (R5)","EJ/yr","Primary Energy|Gas","ANNUAL",53.53700000000001,52.633,70.195,76.998,81.29400000000001,84.736,69.99000000000001,53.719,31.113,10.9879,2.5288
"REMIND-MAGPIE","SSP5-26",1,"OECD & EU (R5)","EJ/yr","Primary Energy|Oil","ANNUAL",93.86,89.15700000000001,101.09,131.97,128.918,91.365,48.248,20.808,11.1205,5.3887,3.7569
"REMIND-MAGPIE","SSP5-26",1,"Reforming Economies (R5)","EJ/yr","Primary Energy|Biomass","ANNUAL",0.9286,1.147,1.183,1.936,3.75,4.956,9.513,13.41,13.09,11.99,11.13
"REMIND-MAGPIE","SSP5-26",1,"Reforming Economies (R5)","EJ/yr","Primary Energy|Coal","ANNUAL",3.946,3.068,1.5,0.429,0.0857,0.0552,0.0432,0.0267,0.0091,0.0065,0.0066
"REMIND-MAGPIE","SSP5-26",1,"Reforming Economies (R5)","EJ/yr","Primary Energy|Fossil","ANNUAL",23.07,23.48,24.84,23.11,17.78,12.84,7.412,4.549,3.475,2.164,1.498
"REMIND-MAGPIE","SSP5-26",1,"Reforming Economies (R5)","EJ/yr","Primary Energy|Gas","ANNUAL",14.03,15.4,17.68,15.56,10.92,7.672,5.282,4.23,3.313,2.054,1.429
"REMIND-MAGPIE","SSP5-26",1,"Reforming Economies (R5)","EJ/yr","Primary Energy|Oil","ANNUAL",5.089,5.011,5.659,7.122,6.781,5.109,2.087,0.2931,0.1522,0.1041,0.0624
"REMIND-MAGPIE","SSP5-Baseline",1,"Asia (R5)","EJ/yr","Primary Energy|Biomass","ANNUAL",24.473,25.425,25.717,23.544,22.835,23.525,25.787,28.213,30.535,32.802,34.502
"REMIND-MAGPIE","SSP5-Baseline",1,"Asia (R5)","EJ/yr","Primary Energy|Coal","ANNUAL",63.41800000000001,83.52000000000001,94.45,114.56,153.89,205.92,278.69,351.99,400.9,405.6,381.1
"REMIND-MAGPIE","SSP5-Baseline",1,"Asia (R5)","EJ/yr","Primary Energy|Fossil","ANNUAL",108.05,138.83,199.17,285.33,370.26,445.1,513.4,566.3,593.6,569.9,524.8
"REMIND-MAGPIE","SSP5-Baseline",1,"Asia (R5)","EJ/yr","Primary Energy|Gas","ANNUAL",9.47,15.222,32.735,56.748,84.99,105.31,119.36,133.58,135.77,125.42,120.33
"REMIND-MAGPIE","SSP5-Baseline",1,"Asia (R5)","EJ/yr","Primary Energy|Oil","ANNUAL",35.153,40.089,72.02000000000001,114.02,131.35,133.96,115.41,80.78,56.901,38.792,23.459
"REMIND-MAGPIE","SSP5-Baseline",1,"Latin America (R5)","EJ/yr","Primary Energy|Biomass","ANNUAL",4.679,5.215,7.491,5.735,3.09,3.598,4.036,4.442,4.853,5.268,5.695
"REMIND-MAGPIE","SSP5-Baseline",1,"Latin America (R5)","EJ/yr","Primary Energy|Coal","ANNUAL",1.078,1.491,2.7,5.651,9.771,14.63,19.02,22.27,25.43,28.85,33.83
"REMIND-MAGPIE","SSP5-Baseline",1,"Latin America (R5)","EJ/yr","Primary Energy|Fossil","ANNUAL",21.6,23.89,32.87,45.88,59.53,70.38,78.1,84.97,87.73,82.73,82.23
"REMIND-MAGPIE","SSP5-Baseline",1,"Latin America (R5)","EJ/yr","Primary Energy|Gas","ANNUAL",6,8.459,15.04,17.58,22.03,25.6,27.53,31.78,33.08,30.02,31.93
"REMIND-MAGPIE","SSP5-Baseline",1,"Latin America (R5)","EJ/yr","Primary Energy|Oil","ANNUAL",14.52,13.94,15.12,22.65,27.73,30.15,31.55,30.93,29.22,23.86,16.48
"REMIND-MAGPIE","SSP5-Baseline",1,"Middle East & Africa (R5)","EJ/yr","Primary Energy|Biomass","ANNUAL",13.526,14.384,14.498,10.958,7.013,6.284,7.739999999999999,9.257,10.771,12.28,13.226
"REMIND-MAGPIE","SSP5-Baseline",1,"Middle East & Africa (R5)","EJ/yr","Primary Energy|Coal","ANNUAL",1.776,2.2903,3.9574,7.6526,17.174,43.49,94.5,151.08,206.76,251.59,280.59
"REMIND-MAGPIE","SSP5-Baseline",1,"Middle East & Africa (R5)","EJ/yr","Primary Energy|Fossil","ANNUAL",35.358,46.069,75.55,101.06,143.82,195.3,255.2,316.5,369.2000000000001,395.6,405.7000000000001
"REMIND-MAGPIE","SSP5-Baseline",1,"Middle East & Africa (R5)","EJ/yr","Primary Energy|Gas","ANNUAL",15.0403,20.4509,29.631,44.371,68.48,82.6,94.47,105.11,107.38,103.75,100.56
"REMIND-MAGPIE","SSP5-Baseline",1,"Middle East & Africa (R5)","EJ/yr","Primary Energy|Oil","ANNUAL",18.535,23.333,41.962,49.04,58.16,69.23,66.22999999999999,60.23,55.11,40.24,24.54
"REMIND-MAGPIE","SSP5-Baseline",1,"OECD & EU (R5)","EJ/yr","Primary Energy|Biomass","ANNUAL",12.2278,13.6587,17.0555,13.8297,11.8335,13.0217,14.1512,14.7797,15.5054,17.0878,19.6072
"REMIND-MAGPIE","SSP5-Baseline",1,"OECD & EU (R5)","EJ/yr","Primary Energy|Coal","ANNUAL",51.94,44.987,34.485,35.066,50.038,82.247,127.068,163.185,180.281,176.17,180.18
"REMIND-MAGPIE","SSP5-Baseline",1,"OECD & EU (R5)","EJ/yr","Primary Energy|Fossil","ANNUAL",199.33,186.78,198.38,243.59,295.05,345.29,405.73,453.49,494.6,499.84,492.18
"REMIND-MAGPIE","SSP5-Baseline",1,"OECD & EU (R5)","EJ/yr","Primary Energy|Gas","ANNUAL",53.53700000000001,52.633,60.113,77.348,111.405,137.859,152.338,166.219,178.166,183.168,181.204
"REMIND-MAGPIE","SSP5-Baseline",1,"OECD & EU (R5)","EJ/yr","Primary Energy|Oil","ANNUAL",93.86,89.15700000000001,103.77,131.2,133.61,125.18,126.31,124.099,136.175,140.531,130.801
"REMIND-MAGPIE","SSP5-Baseline",1,"Reforming Economies (R5)","EJ/yr","Primary Energy|Biomass","ANNUAL",0.9286,1.147,1.185,1.253,1.292,1.309,1.337,1.361,1.394,1.462,1.871
"REMIND-MAGPIE","SSP5-Baseline",1,"Reforming Economies (R5)","EJ/yr","Primary Energy|Coal","ANNUAL",3.946,3.068,1.282,0.8288,2.719,7.169,12,15.39,16.12,14.57,12.63
"REMIND-MAGPIE","SSP5-Baseline",1,"Reforming Economies (R5)","EJ/yr","Primary Energy|Fossil","ANNUAL",23.07,23.48,25.63,29.29,34.36,38.07,41.84,43.1,40.25,33.25,25.61
"REMIND-MAGPIE","SSP5-Baseline",1,"Reforming Economies (R5)","EJ/yr","Primary Energy|Gas","ANNUAL",14.03,15.4,18.8,22.22,26.67,27.15,27.47,26.88,23.68,18.11,12.46
"REMIND-MAGPIE","SSP5-Baseline",1,"Reforming Economies (R5)","EJ/yr","Primary Energy|Oil","ANNUAL",5.089,5.011,5.548,6.241,4.971,3.752,2.367,0.8303,0.4456,0.5711,0.5243