order,param,display_label,row_label,group_key,group_label,group_uniform,delta_label,family,coefficient,std_error,p_value,significant,effect_pp,ci_lo_pp,ci_hi_pp
1,ssp_u,GDP,GDP,growth,Annual growth rate,TRUE,+1%/yr,Driver SSP,0.9398722126259048,0.014218479989471738,0,TRUE,0.9398722126259048,0.9120039918465402,0.9677404334052694
2,intensity_crops_global,Crops,Crops,mg,M/G intensity,TRUE,+0.1 kg/USD,Intensity,0.08065522514235773,0.003931486103941448,6.608922307574039e-78,TRUE,0.8065522514235774,0.729495123786325,0.8836093790608297
3,intensity_grazed_biomass_global,Grazed biomass,Grazed biomass,mg,M/G intensity,TRUE,+0.1 kg/USD,Intensity,0.04767120740491826,0.009436574316003995,5.23419946084374e-7,TRUE,0.47671207404918264,0.2917552174555043,0.6616689306428608
4,intensity_wood_global,Wood,Wood,mg,M/G intensity,TRUE,+0.1 kg/USD,Intensity,0.1161862948091411,0.03325334998863721,4.975048921956904e-4,TRUE,1.161862948091411,0.5100972883141217,1.8136286078687003
5,intensity_coal_global,Coal,Coal,mg,M/G intensity,TRUE,+0.1 kg/USD,Intensity,0.03351728191538806,0.004454866925949634,1.2174368365898249e-13,TRUE,0.3351728191538806,0.2478574274052678,0.42248821090249344
6,intensity_gas_global,Natural gas,Natural gas,mg,M/G intensity,TRUE,+0.1 kg/USD,Intensity,0.040345067920808775,0.008807935084157137,5.244801346579276e-6,TRUE,0.40345067920808775,0.23081515155860788,0.5760862068575676
7,intensity_oil_global,Oil,Oil,mg,M/G intensity,TRUE,+0.1 kg/USD,Intensity,0.03447907564580275,0.0018966170525671203,9.787734306982343e-64,TRUE,0.3447907564580275,0.30761706222771196,0.3819644506883431
8,intensity_buildings_metalOres_global,Buildings,Buildings,sg_metal,Metal stock (S/G),TRUE,+0.1 kg/USD,Intensity,0.01064997666939274,0.0031561198867150766,7.692527205820729e-4,TRUE,0.1064997666939274,0.044639816914311896,0.16835971647354292
9,intensity_civil_metalOres_global,Infrastructure,Infrastructure,sg_metal,Metal stock (S/G),TRUE,+0.1 kg/USD,Intensity,0.01031965685548631,0.0025520392945822495,5.681218054624107e-5,TRUE,0.1031965685548631,0.053176598381051016,0.1532165387286752
10,intensity_machinery_metalOres_global,Machinery,Machinery,sg_metal,Metal stock (S/G),TRUE,+0.1 kg/USD,Intensity,0.007983164360901625,0.003976486643426249,0.04496501580621772,TRUE,0.07983164360901626,0.001892505397861769,0.15777078182017076
11,intensity_sl_products_metalOres_global,Short-lived,Short-lived,sg_metal,Metal stock (S/G),TRUE,+0.1 kg/USD,Intensity,0.08876422378925566,0.032586624202748604,0.006567220438465612,TRUE,0.8876422378925566,0.248944403518684,1.5263400722664295
12,intensity_buildings_nonMetallic_global,Buildings,Buildings,sg_mineral,Mineral stock (S/G),TRUE,+1 kg/USD,Intensity,8.768334315698665e-4,4.848794235510795e-5,3.5855182610484065e-63,TRUE,0.08768334315698664,0.07817970645538548,0.0971869798585878
13,intensity_civil_nonMetallic_global,Infrastructure,Infrastructure,sg_mineral,Mineral stock (S/G),TRUE,+1 kg/USD,Intensity,7.544192105701851e-4,4.4998075586700356e-5,1.4590742345486506e-55,TRUE,0.07544192105701851,0.06662229824202524,0.08426154387201178
14,recycling_rate_fe,Fe,Fe,recycling,Recycling rate,TRUE,+25%,Material recovery,-0.0012311976198374913,2.252484322594019e-4,5.86263800623538e-8,TRUE,-0.030779940495937283,-0.04181711367664798,-0.01974276731522659
15,recycling_rate_nonfe,NonFe,NonFe,recycling,Recycling rate,TRUE,+25%,Material recovery,-0.0036050423939413814,2.3192220280463275e-4,8.577247318001413e-49,TRUE,-0.09012605984853453,-0.10149024778596154,-0.07876187191110753
16,grade_ore_fe,Fe (+25%),Fe,ore_grade,Ore grade,FALSE,+25%,Mining,-0.002609798486417132,6.281973856306204e-4,3.550216687245943e-5,TRUE,-0.0652449621604283,-0.09602663405632869,-0.0344632902645279
17,grade_ore_nonfe,NonFe (+1%),NonFe,ore_grade,Ore grade,FALSE,+1%,Mining,-0.35124477380526653,0.018177015018636774,1.3876984521100697e-70,TRUE,-0.35124477380526653,-0.3868717232417946,-0.3156178243687385
18,lifetime_mean_buildings,Buildings (+20yr),Buildings,lifetime,Lifetime,FALSE,+20yr,Lifetime,-3.831752741244387e-5,6.274881775017705e-6,1.4743577917233751e-9,TRUE,-0.07663505482488774,-0.10123259138295713,-0.05203751826681834
19,lifetime_mean_civil_infrastructure,Infrastructure (+20yr),Infrastructure,lifetime,Lifetime,FALSE,+20yr,Lifetime,-1.970038346042146e-5,5.16070500045019e-6,1.434727666712144e-4,TRUE,-0.03940076692084292,-0.059630730522607665,-0.019170803319078177
20,lifetime_mean_machinery,Machinery (+5yr),Machinery,lifetime,Lifetime,FALSE,+5yr,Lifetime,-1.5682421159632187e-5,1.9981145213647023e-5,0.43272771690948364,FALSE,-0.007841210579816092,-0.027422732889190178,0.011740311729557987
21,lifetime_mean_short_lived,Short-lived (+1yr),Short-lived,lifetime,Lifetime,FALSE,+1yr,Lifetime,3.634984855291279e-5,6.891724572745853e-5,0.5980079368882409,FALSE,0.003634984855291279,-0.00987279530729059,0.017142765017873148
