Region,material_group,year,primary_Mt,secondary_Mt,waste_Mt,recovered_Mt
East Asia,metal_ores,1970,324.87930500000004,16.266261243851247,9.699538797934432,5.0971842147151225
East Asia,metal_ores,1971,340.730092,16.31383174707353,10.954940933323975,4.872917001641922
East Asia,metal_ores,1972,375.45944299999996,12.570643366213394,11.243060589396903,3.731493024917674
East Asia,metal_ores,1973,397.696229,2.4790114761725417,11.895845924976053,0.7796869165494482
East Asia,metal_ores,1974,406.89926,0,13.026175973520896,0
East Asia,metal_ores,1975,404.228228,0,13.278014931168084,0
East Asia,metal_ores,1976,407.17074,0,14.09007877485755,0
East Asia,metal_ores,1977,429.020399,0,15.1663181686728,0
East Asia,metal_ores,1978,433.77281099999993,0,16.695092288832534,0
East Asia,metal_ores,1979,470.901911,0,18.777370149382854,0
East Asia,metal_ores,1980,496.521126,0,21.120157037861386,0
East Asia,metal_ores,1981,498.972778,0,23.487478255023035,0
East Asia,metal_ores,1982,541.554725,0,25.75303825031976,0
East Asia,metal_ores,1983,524.543642,0,28.213405522669884,0
East Asia,metal_ores,1984,563.147274,0,30.51966262274113,0
East Asia,metal_ores,1985,595.056459,0,32.54940613055263,0
East Asia,metal_ores,1986,617.8314250000001,0,34.66345227189461,0
East Asia,metal_ores,1987,691.798445,0,36.47654623169857,0
East Asia,metal_ores,1988,729.040508,0,38.46826585070868,0
East Asia,metal_ores,1989,762.765009,0,40.63792208751803,0
East Asia,metal_ores,1990,769.14694,0,42.84868727503271,0
East Asia,metal_ores,1991,790.840384,0,45.43272625758463,0
East Asia,metal_ores,1992,1018.7375099999999,0,47.5764482269604,0
East Asia,metal_ores,1993,1072.064551,0,49.13313758168258,0
East Asia,metal_ores,1994,1072.060856,0,52.157570457555195,0
East Asia,metal_ores,1995,1111.51525,0,54.373776360711005,0
East Asia,metal_ores,1996,1149.662633,0,57.74123268750941,0
East Asia,metal_ores,1997,1237.886168,0,60.45116574675456,0
East Asia,metal_ores,1998,1181.814808,0,63.14950131835148,0
East Asia,metal_ores,1999,1215.110879,0,64.9845064675856,0
East Asia,metal_ores,2000,1305.016355,0,68.38081966567474,0
East Asia,metal_ores,2001,1329.449605,0,71.35892341416434,0
East Asia,metal_ores,2002,1403.2310189999998,0,75.12496913264941,0
East Asia,metal_ores,2003,1540.002936,0,79.37786200982259,0
East Asia,metal_ores,2004,1688.0489659999998,0,83.39532864416344,0
East Asia,metal_ores,2005,1904.0059019999999,0,86.01984806631837,0
East Asia,metal_ores,2006,2122.7230680000002,0,90.04496720640836,0
East Asia,metal_ores,2007,2375.291588,0,93.48298353017208,0
East Asia,metal_ores,2008,2628.2857599999998,0,97.71445182838879,0
East Asia,metal_ores,2009,3002.155598,0,101.8421951452419,0
East Asia,metal_ores,2010,3325.35963,0,104.6931157675561,0
East Asia,metal_ores,2011,3706.669079,0,109.36250109982714,0
East Asia,metal_ores,2012,3848.0061079999996,0,114.00324271455524,0
East Asia,metal_ores,2013,4192.586904,0,124.25705053620757,0
East Asia,metal_ores,2014,4416.040836,0,129.9952653428431,0
East Asia,metal_ores,2015,4310.584686,0,135.87268679168403,0
East Asia,metal_ores,2016,4354.831824,0,140.7617881521479,0
East Asia,metal_ores,2017,4360.094926,0,140.7617881521479,0
East Asia,metal_ores,2018,3926.568378,0,140.7617881521479,0
East Asia,metal_ores,2019,4058.634699,0,140.7617881521479,0
East Asia,metal_ores,2020,4022.26787,0,140.7617881521479,0
East Asia,metal_ores,2021,4251.398959,0,140.7617881521479,0
East Asia,metal_ores,2022,4354.362975,0,140.7617881521479,0
East Asia,metal_ores,2023,4476.881214999999,0,140.7617881521479,0
East Asia,metal_ores,2024,4625.724294,0,140.7617881521479,0
Europe & Russia,metal_ores,1970,842.509303,69.58358419843962,69.65929807816924,19.460507741482008
Europe & Russia,metal_ores,1971,869.252493,68.42349128029437,73.10156372367602,18.63365685586075
Europe & Russia,metal_ores,1972,907.557284,78.72494556518568,75.91652966592568,22.078821431445533
Europe & Russia,metal_ores,1973,958.527326,95.93887954406777,79.93143853400387,27.2508834795836
Europe & Russia,metal_ores,1974,927.267742,106.69759506625365,84.19092338413623,30.41919010672592
Europe & Russia,metal_ores,1975,881.053191,115.11875309169558,88.43303221548054,30.565404766205802
Europe & Russia,metal_ores,1976,902.0255400000001,119.64544431372201,91.72484217705971,33.31038163177418
Europe & Russia,metal_ores,1977,872.0786,117.53488429023523,96.79403035618128,33.666297743588665
Europe & Russia,metal_ores,1978,871.155458,119.05312887548381,100.6168401397589,36.35798235556905
Europe & Russia,metal_ores,1979,886.5913840000001,119.61997291071896,105.46007945815961,35.82970390203185
Europe & Russia,metal_ores,1980,869.766181,128.7321395315488,110.40738309335138,35.865964535504915
Europe & Russia,metal_ores,1981,849.250079,134.89233694412894,114.81239624747636,38.42295864919633
Europe & Russia,metal_ores,1982,872.7201419999999,147.65973373492923,118.93576933929933,37.88787323748468
Europe & Russia,metal_ores,1983,914.7541239999999,156.41841500790397,123.22026156496999,40.38625034841855
Europe & Russia,metal_ores,1984,941.9292240000001,175.89632599321018,128.02084835180358,45.070139745379905
Europe & Russia,metal_ores,1985,947.720617,193.75382565692584,132.90750095391928,46.889488106666406
Europe & Russia,metal_ores,1986,959.288945,218.4511082824917,137.3372469287488,51.25488636358634
Europe & Russia,metal_ores,1987,979.871151,249.54708829115725,141.99071998677383,56.18909531774344
Europe & Russia,metal_ores,1988,999.370394,277.6029377206129,146.03961078224697,64.20406335841798
Europe & Russia,metal_ores,1989,1009.122188,296.3443875933677,150.53297393047635,65.72429300638728
Europe & Russia,metal_ores,1990,957.162777,308.86748692682494,153.96331359642252,66.26392473371197
Europe & Russia,metal_ores,1991,880.960968,308.12216786770364,157.3856499309362,66.51548234840685
Europe & Russia,metal_ores,1992,675.332083,250.89612999467914,154.4662783985683,59.10431351987131
Europe & Russia,metal_ores,1993,609.7903630000001,230.5849344037327,158.49004504140385,52.12468087425986
Europe & Russia,metal_ores,1994,605.90841,237.8145548003948,159.60602626855675,55.217356148335945
Europe & Russia,metal_ores,1995,622.19056,242.21059307603045,160.38725369244892,59.34206276717289
Europe & Russia,metal_ores,1996,533.298577,214.32453191035495,162.42201575828082,48.782099736470315
Europe & Russia,metal_ores,1997,527.755595,230.32011103495802,164.33156822319432,51.545139905761424
Europe & Russia,metal_ores,1998,552.456951,257.5182027133434,167.7528418025261,60.978355937215
Europe & Russia,metal_ores,1999,535.203263,252.920183481348,170.5111412770179,59.523271963409265
Europe & Russia,metal_ores,2000,573.2206530000001,258.22180551548104,173.47262644132712,61.294389443736996
Europe & Russia,metal_ores,2001,558.487919,248.52278813460845,176.2265710699089,58.001445500598834
Europe & Russia,metal_ores,2002,578.457939,250.94176583360817,177.58653356863502,59.924136669230464
Europe & Russia,metal_ores,2003,598.111444,260.52376262901134,177.96507256264732,62.09695336552678
Europe & Russia,metal_ores,2004,616.454344,276.2245093393232,178.49785842023525,66.82458385646905
Europe & Russia,metal_ores,2005,622.8526770000001,310.9469248855203,178.7959516530775,73.2515512496841
Europe & Russia,metal_ores,2006,654.9436189999999,368.14052112751125,178.2573637217948,84.43075031796685
Europe & Russia,metal_ores,2007,675.778521,463.1950706605651,179.31998252394047,106.37659306809317
Europe & Russia,metal_ores,2008,666.203454,509.62970492460784,180.53530953263828,100.87667105753471
Europe & Russia,metal_ores,2009,523.622091,455.6951526001126,179.16657136162002,64.4762042286354
Europe & Russia,metal_ores,2010,611.12662,575.3225853523666,174.4048201074789,95.88559903651418
Europe & Russia,metal_ores,2011,640.908144,617.6672098099692,176.3815581040147,94.58603788152413
Europe & Russia,metal_ores,2012,634.777604,600.0344229155646,177.48085325575704,84.6981909649964
Europe & Russia,metal_ores,2013,672.3614359999999,668.8422769092887,176.4156395762146,97.27754039046745
Europe & Russia,metal_ores,2014,707.743569,713.0359122898482,176.48317316033484,97.05978241410638
Europe & Russia,metal_ores,2015,684.650594,686.5599180677141,177.0606708543344,89.6124205297281
Europe & Russia,metal_ores,2016,692.436953,723.9169510909109,176.8411990001093,99.8256538541048
Europe & Russia,metal_ores,2017,732.378905,746.0385231884429,176.8411990001093,99.8256538541048
Europe & Russia,metal_ores,2018,750.973572,757.6785393698958,176.8411990001093,99.8256538541048
Europe & Russia,metal_ores,2019,759.156292,764.3788281161669,176.8411990001093,99.8256538541048
Europe & Russia,metal_ores,2020,766.889066,765.0151699488774,176.8411990001093,99.8256538541048
Europe & Russia,metal_ores,2021,793.570508,759.9121741996631,176.8411990001093,99.8256538541048
Europe & Russia,metal_ores,2022,790.160609,749.277646622132,176.8411990001093,99.8256538541048
Europe & Russia,metal_ores,2023,796.067975,748.3775741083041,176.8411990001093,99.8256538541048
Europe & Russia,metal_ores,2024,811.871933,743.8558121260942,176.8411990001093,99.8256538541048
Latin America,metal_ores,1970,171.84751599999998,10.022723981894417,3.1358209940441606,0.9961796935300393
Latin America,metal_ores,1971,179.675309,13.476531988154347,3.312076128713677,1.205418945437886
Latin America,metal_ores,1972,185.210276,12.645774133053546,3.568012192132676,1.2520224813098833
Latin America,metal_ores,1973,176.348477,11.917420684538133,3.7936838724697184,1.2197532829257376
Latin America,metal_ores,1974,203.55393399999997,7.413761080383353,4.100580462514072,0.9186415085646152
Latin America,metal_ores,1975,208.72072500000002,4.535573528295609,4.5384345559614125,0.5831043575828521
Latin America,metal_ores,1976,232.446554,0,4.736297770948559,0
Latin America,metal_ores,1977,245.366941,0,4.922402226775345,0
Latin America,metal_ores,1978,246.751389,0,5.342982403425021,0
Latin America,metal_ores,1979,262.069317,0,5.649478229428183,0
Latin America,metal_ores,1980,308.301273,7.849471272296997,6.096125779961728,1.1215158351951815
Latin America,metal_ores,1981,304.513431,5.021611602398318,6.5987681493505,0.5348647457553657
Latin America,metal_ores,1982,324.78781899999996,8.351171727105852,6.855678168073752,0.5882144049915223
Latin America,metal_ores,1983,345.625766,14.15173183224321,6.988312418258176,1.077133900540099
Latin America,metal_ores,1984,376.10069599999997,0,7.151088783008959,0
Latin America,metal_ores,1985,412.9983,0,7.811546671153836,0
Latin America,metal_ores,1986,441.156293,0,8.477369288430745,0
Latin America,metal_ores,1987,462.73375,0,9.00824224341046,0
Latin America,metal_ores,1988,463.505163,0,9.530112863406444,0
Latin America,metal_ores,1989,450.502007,0,9.895154632856421,0
Latin America,metal_ores,1990,495.795298,15.37434247466987,10.445954978844632,0.9982244426104221
Latin America,metal_ores,1991,505.432282,29.999136424190606,10.804362739827981,1.8075486772996447
Latin America,metal_ores,1992,538.748424,33.40587240209683,11.250472485710391,2.0508319106077844
Latin America,metal_ores,1993,559.1841469999999,34.98363975438594,11.856372166039067,1.9892225887654162
Latin America,metal_ores,1994,622.498458,55.132395210856984,12.151263100256468,3.6301595763886345
Latin America,metal_ores,1995,683.021792,66.47183220097851,12.734346428331769,4.089597286603871
Latin America,metal_ores,1996,754.645355,81.10030906902816,12.811913750564207,4.656523340117153
Latin America,metal_ores,1997,826.106074,97.02714818230329,14.133989791946917,5.792184162792043
Latin America,metal_ores,1998,908.210199,117.65307871725359,14.437359572315751,6.089286149091172
Latin America,metal_ores,1999,1045.406363,117.79854020692756,14.899484732849412,5.615243446007502
Latin America,metal_ores,2000,1118.962793,121.80039400436682,15.282902177948651,5.67460175806578
Latin America,metal_ores,2001,1180.093321,89.0189222639034,15.5551742231041,3.5647497874629432
Latin America,metal_ores,2002,1179.317281,62.879494859840484,16.15588473695022,2.6132261962675924
Latin America,metal_ores,2003,1260.6870580000002,54.746904902579224,16.63451323107007,2.649711982690555
Latin America,metal_ores,2004,1378.4092190000001,0,16.957994056613963,0
Latin America,metal_ores,2005,1433.971331,0,17.62525590619077,0
Latin America,metal_ores,2006,1504.894756,0,18.57977061195264,0
Latin America,metal_ores,2007,1583.440194,0,19.59613183710618,0
Latin America,metal_ores,2008,1546.630756,0,20.75673075974089,0
Latin America,metal_ores,2009,1562.326379,0,21.917722144862587,0
Latin America,metal_ores,2010,1592.788901,41.62271620296827,21.82577423393947,1.6676787794575758
Latin America,metal_ores,2011,1711.122136,226.7004342061536,23.34097605925561,11.647451891071075
Latin America,metal_ores,2012,1772.090972,263.4152666969506,24.3647897158502,11.662634641569682
Latin America,metal_ores,2013,1749.3588419999999,278.04042894402926,25.101018901757378,6.49779427395996
Latin America,metal_ores,2014,1863.902713,348.886424178069,25.936000097919166,13.271120920114486
Latin America,metal_ores,2015,1927.382768,428.1025950030368,26.418292630688235,14.537887572138198
Latin America,metal_ores,2016,2017.0064710000001,224.88927531519005,26.793542901777485,6.534800152921795
Latin America,metal_ores,2017,2025.10896,207.61331708326907,26.793542901777485,6.534800152921795
Latin America,metal_ores,2018,2091.123356,217.12209154631623,26.793542901777485,6.534800152921795
Latin America,metal_ores,2019,2118.432601,232.80166489265912,26.793542901777485,6.534800152921795
Latin America,metal_ores,2020,2044.3400789999998,243.79028192830134,26.793542901777485,6.534800152921795
Latin America,metal_ores,2021,2088.214272,241.59468053501797,26.793542901777485,6.534800152921795
Latin America,metal_ores,2022,2130.3078459999997,241.67142406008045,26.793542901777485,6.534800152921795
Latin America,metal_ores,2023,2174.418734,242.1293262805748,26.793542901777485,6.534800152921795
Latin America,metal_ores,2024,2221.14122,242.75313047888434,26.793542901777485,6.534800152921795
Middle East & North Africa,metal_ores,1970,5.808281,3.6790704319027148,1.368998130458492,1.1731725275865785
Middle East & North Africa,metal_ores,1971,7.157534999999999,3.597943584345653,1.414052301962587,1.2639295816760698
Middle East & North Africa,metal_ores,1972,10.421765,3.434387436847999,1.4955941111943518,1.4955941111943518
Middle East & North Africa,metal_ores,1973,12.407072,3.240661493433968,1.5790395930335583,1.5790395930335583
Middle East & North Africa,metal_ores,1974,14.090428000000001,3.4692712956561587,1.7509825856676045,1.6346511827429886
Middle East & North Africa,metal_ores,1975,18.136573,4.198980397766733,2.036487829229576,1.8844757962900427
Middle East & North Africa,metal_ores,1976,17.186377,4.179171609963581,2.2971031054120146,2.265642264948868
Middle East & North Africa,metal_ores,1977,18.588262999999998,4.689427929173918,2.5342938461160536,2.5342938461160536
Middle East & North Africa,metal_ores,1978,14.551527,4.299483546755508,2.7483012405251586,2.4314870050434965
Middle East & North Africa,metal_ores,1979,15.721945999999999,4.88120334278451,2.8889808783301336,2.724531283224967
Middle East & North Africa,metal_ores,1980,17.310631,5.84702402452104,3.0103000033328784,3.0103000033328784
Middle East & North Africa,metal_ores,1981,17.013883,6.2074173348014225,3.192908421820933,3.192908421820933
Middle East & North Africa,metal_ores,1982,23.204606,8.416473709786915,3.5300911674236124,3.333923794424139
Middle East & North Africa,metal_ores,1983,25.635483,8.606083357769228,3.933666063203485,3.7274779915024596
Middle East & North Africa,metal_ores,1984,27.150501,9.013739476517788,4.200902428307338,3.6766052842740358
Middle East & North Africa,metal_ores,1985,28.75464,9.06561130963115,4.333791505229376,3.683638563336989
Middle East & North Africa,metal_ores,1986,27.339308000000003,9.854407247654631,4.6673757771138265,3.6127853358173594
Middle East & North Africa,metal_ores,1987,24.194199,11.11098178440033,4.794153690436679,3.7115267898491187
Middle East & North Africa,metal_ores,1988,27.112275999999998,11.722679299369167,5.092150135698892,4.215375827257463
Middle East & North Africa,metal_ores,1989,32.319744,15.443326905229469,5.534860124518188,4.640982997370947
Middle East & North Africa,metal_ores,1990,33.128501,17.130331032648357,5.982727486385546,5.057739239856458
Middle East & North Africa,metal_ores,1991,38.127202999999994,21.12703867972642,6.479377549043321,5.398470918698465
Middle East & North Africa,metal_ores,1992,46.311109,25.277396601884163,6.995077154787986,6.024434902768101
Middle East & North Africa,metal_ores,1993,54.11662,24.85065021564251,7.742565695782066,6.838235939526604
Middle East & North Africa,metal_ores,1994,50.129915,26.656481703116132,8.158165578129761,6.2642344223981805
Middle East & North Africa,metal_ores,1995,57.10425,30.003840453444212,8.391381756821051,6.964824675137286
Middle East & North Africa,metal_ores,1996,58.266583,29.98444404815466,8.551301648651666,7.679931263636297
Middle East & North Africa,metal_ores,1997,53.441277,25.950132362573317,8.965370459205742,7.056718739481478
Middle East & North Africa,metal_ores,1998,66.620869,28.912923967698774,9.293851105750802,8.276102051050296
Middle East & North Africa,metal_ores,1999,70.71024,28.64165694017638,9.662793891575216,8.154991039036018
Middle East & North Africa,metal_ores,2000,76.368685,26.98350683895463,9.851192617118972,7.007297788740453
Middle East & North Africa,metal_ores,2001,82.194559,27.157629197319928,10.071369840182628,7.865888446619534
Middle East & North Africa,metal_ores,2002,84.186467,28.59768440648081,10.399706082820089,8.446707910750467
Middle East & North Africa,metal_ores,2003,94.53438700000001,30.41319153969975,10.949623884089428,8.876381432928072
Middle East & North Africa,metal_ores,2004,101.36793,35.60099652217577,11.578032674705124,10.073375703714376
Middle East & North Africa,metal_ores,2005,120.21450300000001,36.954890424404034,12.068901828395834,11.13962011361567
Middle East & North Africa,metal_ores,2006,117.58840000000001,42.902628951721134,12.625298051976008,11.0662025823193
Middle East & North Africa,metal_ores,2007,145.855008,48.07108807085654,13.080177130040342,12.7160591338415
Middle East & North Africa,metal_ores,2008,167.055401,54.98900610276812,14.205254793681693,14.205254793681693
Middle East & North Africa,metal_ores,2009,139.547322,65.51641131543994,15.191858045957654,13.59534608183979
Middle East & North Africa,metal_ores,2010,149.513096,70.86389057495691,15.556964673186489,14.69436250716368
Middle East & North Africa,metal_ores,2011,148.915178,81.92537142849078,16.511868621234107,14.978027537580495
Middle East & North Africa,metal_ores,2012,183.490967,81.47900596592231,17.490197855175108,16.867519033940223
Middle East & North Africa,metal_ores,2013,162.310501,87.23713492955576,18.223659230614917,15.894536693376951
Middle East & North Africa,metal_ores,2014,198.769969,88.7026039862896,18.926872880338767,17.08714955106436
Middle East & North Africa,metal_ores,2015,219.25237900000002,93.61265598026134,20.11609558736857,18.42471827334748
Middle East & North Africa,metal_ores,2016,231.27484700000002,102.40611297374448,21.821585477379084,18.23848614115999
Middle East & North Africa,metal_ores,2017,238.01897200000002,103.84958096859376,21.821585477379084,18.23848614115999
Middle East & North Africa,metal_ores,2018,263.49276,94.11808711694702,21.821585477379084,18.23848614115999
Middle East & North Africa,metal_ores,2019,274.65288499999997,101.29697171139078,21.821585477379084,18.23848614115999
Middle East & North Africa,metal_ores,2020,278.06689800000004,103.45019165765432,21.821585477379084,18.23848614115999
Middle East & North Africa,metal_ores,2021,288.44639700000005,103.32910399423847,21.821585477379084,18.23848614115999
Middle East & North Africa,metal_ores,2022,298.794677,101.20276342657655,21.821585477379084,18.23848614115999
Middle East & North Africa,metal_ores,2023,306.38024700000005,99.55330789544853,21.821585477379084,18.23848614115999
Middle East & North Africa,metal_ores,2024,317.803385,98.85968202386377,21.821585477379084,18.23848614115999
North America,metal_ores,1970,711.771302,157.90789692771958,45.70494053428288,22.409958271367568
North America,metal_ores,1971,660.072687,152.67373967832063,46.458863864981474,21.554987270457787
North America,metal_ores,1972,681.8216749999999,160.54059691749748,47.345193766384824,22.340326179860714
North America,metal_ores,1973,721.606035,164.83584392845765,48.632645118602625,25.004596003944553
North America,metal_ores,1974,703.2906029999999,167.05333839773996,50.09986759569206,24.940997709941673
North America,metal_ores,1975,649.997131,179.58735707826898,51.78085866104137,25.187625590968363
North America,metal_ores,1976,681.509586,201.8360164823745,53.18216844871255,27.842341747281644
North America,metal_ores,1977,616.839222,207.0896666027335,55.15014568656282,26.333435157265306
North America,metal_ores,1978,604.557645,201.5503770382549,57.07174342609157,30.861227643249364
North America,metal_ores,1979,610.973103,221.54321813259338,59.10813705025562,33.39271431071217
North America,metal_ores,1980,589.832681,245.50277474629863,60.80578041063817,34.525489838815915
North America,metal_ores,1981,639.553823,301.5363777352377,62.102458617721375,37.719885144209826
North America,metal_ores,1982,501.80014400000005,316.82857563022134,63.87695384303708,26.706369991531307
North America,metal_ores,1983,488.66933800000004,320.9303639576992,64.70924640274978,32.264386674445845
North America,metal_ores,1984,578.629546,391.19467678165006,66.12691992833544,42.0469434506743
North America,metal_ores,1985,577.469957,411.3537370351087,67.6709280049656,41.66923051112353
North America,metal_ores,1986,603.051991,458.0977352759141,68.69205131426807,36.28511842454178
North America,metal_ores,1987,689.411103,505.38940264797225,69.73828302638937,37.38102958543604
North America,metal_ores,1988,784.588757,533.8316606297526,70.88989360490584,42.117854084228334
North America,metal_ores,1989,877.293173,561.8140829093053,72.0466532126009,41.869819529908916
North America,metal_ores,1990,929.692785,587.2747336761119,72.71731498213492,39.433563271935654
North America,metal_ores,1991,926.7865700000001,617.890351398049,73.29306275294239,35.466903271844686
North America,metal_ores,1992,981.459488,697.0444776843824,73.43364647779147,38.49492485087854
North America,metal_ores,1993,979.692224,713.2641887823844,73.80410873446124,40.68939066369218
North America,metal_ores,1994,1004.695012,682.709663499182,73.97528513526149,43.845994388053285
North America,metal_ores,1995,1036.001252,687.0771294900378,74.22051352245394,42.410300732472656
North America,metal_ores,1996,1062.16749,659.5329657651373,75.21664056072176,44.458617239396695
North America,metal_ores,1997,1119.953333,684.5566459741533,75.23414522524277,45.34107933576912
North America,metal_ores,1998,1147.926015,682.6758467935274,76.15977158015436,46.852820229108616
North America,metal_ores,1999,1045.774121,690.1055963369322,77.29540936104928,48.15298379939502
North America,metal_ores,2000,1039.279589,698.5283401079402,77.45339936300412,52.739585402037065
North America,metal_ores,2001,973.8902249999999,800.8688217986438,78.2058113433166,49.61581106236962
North America,metal_ores,2002,890.1301129999999,752.8407406594347,78.19136134409065,55.539754098287766
North America,metal_ores,2003,829.983808,825.8564422708159,78.92428187906354,50.569306489251964
North America,metal_ores,2004,857.795772,792.7829007675717,79.52026564872526,60.14537980291081
North America,metal_ores,2005,860.739139,861.6777498078277,80.54650061737104,60.26180050723905
North America,metal_ores,2006,918.986276,1004.4690359766197,81.53090994527093,79.0403926239958
North America,metal_ores,2007,872.5418660000001,1130.491428894686,82.7312528549088,77.21230747279135
North America,metal_ores,2008,838.592085,1369.2395708861197,83.52545049813138,47.26159383132731
North America,metal_ores,2009,766.377542,1303.1321153541642,84.57997302725235,46.88965293802801
North America,metal_ores,2010,813.0766389999999,1262.2335181590934,85.23576488569157,69.64341122114345
North America,metal_ores,2011,839.497799,1180.3449787380487,86.6699955669216,62.18623801139627
North America,metal_ores,2012,868.039827,1156.5460736945972,88.0989092652787,64.13326062857485
North America,metal_ores,2013,905.135728,1245.8007626528297,89.09010745245227,65.44333513052395
North America,metal_ores,2014,935.5095140000001,1280.6991542228752,90.29448666260305,70.52993710332058
North America,metal_ores,2015,927.604171,1345.1935541478522,91.71542260441977,68.51122943394024
North America,metal_ores,2016,926.3466549999999,1403.6612064163055,92.40641308527833,67.04394489702446
North America,metal_ores,2017,895.283819,1327.9214645297898,92.40641308527833,67.04394489702446
North America,metal_ores,2018,869.3045400000001,1339.7393846650823,92.40641308527833,67.04394489702446
North America,metal_ores,2019,864.049948,1253.3484621918155,92.40641308527833,67.04394489702446
North America,metal_ores,2020,819.810501,1290.7248326120646,92.40641308527833,67.04394489702446
North America,metal_ores,2021,863.278201,1298.2004211737237,92.40641308527833,67.04394489702446
North America,metal_ores,2022,890.1714450000001,1292.2463623458568,92.40641308527833,67.04394489702446
North America,metal_ores,2023,909.8902529999999,1291.233875347219,92.40641308527833,67.04394489702446
North America,metal_ores,2024,924.7602609999999,1294.1186728311002,92.40641308527833,67.04394489702446
Oceania,metal_ores,1970,39.938905,54.795411501570776,1.4837559446008366,1.159036780821214
Oceania,metal_ores,1971,60.293353,14.342773103839773,1.58438872745842,1.58438872745842
Oceania,metal_ores,1972,87.214737,17.161618190458352,1.6763881572526325,1.6763881572526325
Oceania,metal_ores,1973,101.86613,0,1.7270149128880374,0
Oceania,metal_ores,1974,107.840964,0,1.8879218318276205,0
Oceania,metal_ores,1975,113.225524,0,2.035135728844672,0
Oceania,metal_ores,1976,110.152367,0,2.0876536307695077,0
Oceania,metal_ores,1977,120.542366,0,2.214521194963123,0
Oceania,metal_ores,1978,110.219116,0,2.323562898473364,0
Oceania,metal_ores,1979,115.89139800000001,0,2.4554187206892464,0
Oceania,metal_ores,1980,113.521569,0,2.625363560889167,0
Oceania,metal_ores,1981,101.284923,25.87849972408219,2.7531230177532344,2.1579741539759376
Oceania,metal_ores,1982,107.312288,41.056636877467696,2.8856260360759123,2.846746718330277
Oceania,metal_ores,1983,92.46883700000001,59.62505598491324,2.9606821036015116,0.9899244116927787
Oceania,metal_ores,1984,109.743116,64.74898931184646,3.025967572991255,1.433089712279318
Oceania,metal_ores,1985,138.792179,57.23913767364392,3.2146791739739937,3.1757450988996743
Oceania,metal_ores,1986,149.665009,54.667126457654724,3.293710468400307,3.1348237183174774
Oceania,metal_ores,1987,178.40364300000002,45.772011089246135,3.370114839029786,3.3666059733925255
Oceania,metal_ores,1988,185.257863,63.95375379621966,3.4437752675446167,0.9463939134918358
Oceania,metal_ores,1989,212.843382,77.46889481431592,3.551722244936672,1.3089180641418714
Oceania,metal_ores,1990,245.58157999999997,87.02817160934089,3.6591151566045683,3.5342840641890336
Oceania,metal_ores,1991,249.71284,61.808550127703185,3.6422161664102313,1.3331455861598431
Oceania,metal_ores,1992,261.715189,39.533303182012034,3.6779551827514947,0.9410563762913801
Oceania,metal_ores,1993,253.01336799999999,49.53438103699089,3.777582829993852,1.141675095374265
Oceania,metal_ores,1994,258.737337,32.68038089097048,3.9182897865914823,0.7228898655407415
Oceania,metal_ores,1995,261.639723,42.79115394649145,4.016921937173468,1.1979795736118297
Oceania,metal_ores,1996,301.680557,22.228849580031824,4.0672578823362056,0.9780228400458965
Oceania,metal_ores,1997,296.478816,10.552604500433887,4.178508390148216,0.23449602635431344
Oceania,metal_ores,1998,323.053853,2.8669461911197205,4.329295415426952,0.11684794941805489
Oceania,metal_ores,1999,327.904252,4.446174654222341,4.471039447331421,0.10685692275468561
Oceania,metal_ores,2000,354.021311,0,4.528091920628079,0
Oceania,metal_ores,2001,360.627122,0,4.545366753282766,0
Oceania,metal_ores,2002,352.468336,0,4.597599941938139,0
Oceania,metal_ores,2003,359.636936,0,4.682933025415189,0
Oceania,metal_ores,2004,339.940874,0,4.81849468541002,0
Oceania,metal_ores,2005,350.963033,0,4.904913427128251,0
Oceania,metal_ores,2006,335.081981,0,4.981896551743702,0
Oceania,metal_ores,2007,334.45489499999996,13.423278412351738,5.033499462113487,0.5951946439203607
Oceania,metal_ores,2008,322.304766,22.524070200085173,5.130005810125757,0.8727440975168538
Oceania,metal_ores,2009,312.826429,26.80922722376052,5.218305519365828,0.6277275263446149
Oceania,metal_ores,2010,339.04286199999996,81.38355846597402,5.146987148002843,2.640247988698082
Oceania,metal_ores,2011,343.80062799999996,90.74467734538754,5.464326728494312,3.5566868675892565
Oceania,metal_ores,2012,332.92031499999996,141.53610178974478,5.6093789921398,3.1326007608706274
Oceania,metal_ores,2013,351.992339,155.30823776579214,5.7627734064846825,3.960005197018529
Oceania,metal_ores,2014,332.435213,184.64595493319226,5.824353858326447,3.136432530271873
Oceania,metal_ores,2015,347.248775,162.17479917891873,5.984372788477896,3.9653571163166816
Oceania,metal_ores,2016,348.75811300000004,173.0981860926777,6.1432937526378995,4.6492015551843915
Oceania,metal_ores,2017,417.688942,68.44770360569434,6.1432937526378995,4.6492015551843915
Oceania,metal_ores,2018,456.49688199999997,61.83107276792416,6.1432937526378995,4.6492015551843915
Oceania,metal_ores,2019,474.4681859999999,59.585208715245315,6.1432937526378995,4.6492015551843915
Oceania,metal_ores,2020,451.62141899999995,60.111987738370125,6.1432937526378995,4.6492015551843915
Oceania,metal_ores,2021,472.662828,60.89140863052531,6.1432937526378995,4.6492015551843915
Oceania,metal_ores,2022,484.156009,60.52010025903931,6.1432937526378995,4.6492015551843915
Oceania,metal_ores,2023,490.963898,60.468800347297076,6.1432937526378995,4.6492015551843915
Oceania,metal_ores,2024,498.351173,60.59617649474381,6.1432937526378995,4.6492015551843915
South Asia,metal_ores,1970,15.437694999999998,0,2.2246929567629516,0
South Asia,metal_ores,1971,19.345447,0,2.335273400132031,0
South Asia,metal_ores,1972,19.646290999999998,0,2.5012221024236276,0
South Asia,metal_ores,1973,19.177246,0,2.6794803463852563,0
South Asia,metal_ores,1974,19.051749,0,2.8542502525236357,0
South Asia,metal_ores,1975,25.399473,0,3.0335611395312916,0
South Asia,metal_ores,1976,26.584125999999998,0,3.203632279521671,0
South Asia,metal_ores,1977,26.434703999999996,0,3.348704906215189,0
South Asia,metal_ores,1978,25.911523,0,3.490134367032324,0
South Asia,metal_ores,1979,22.505272,0,3.6332055200272655,0
South Asia,metal_ores,1980,24.441909,0,3.778316102564446,0
South Asia,metal_ores,1981,30.596805999999997,0,3.8945272748542674,0
South Asia,metal_ores,1982,29.419052999999998,4.510802931446456e-4,4.119006126626533,1.9970930787867187e-4
South Asia,metal_ores,1983,28.58245,1.941574287446743,4.226122065397869,0.8389556440250189
South Asia,metal_ores,1984,28.069679,2.797127120302506,4.38510816954469,1.1058482652860233
South Asia,metal_ores,1985,27.594535999999998,4.205785176181893,4.554398121781013,1.5261130074328428
South Asia,metal_ores,1986,38.787406000000004,8.216939120215883,4.76425715724614,3.130664485915835
South Asia,metal_ores,1987,35.288565000000006,10.055580061524099,4.998204711044837,3.3295629611215998
South Asia,metal_ores,1988,32.55964,9.132341506261524,5.190988976413839,2.9865137383816704
South Asia,metal_ores,1989,32.751158,9.647230185217596,5.437707350900221,2.942847614972918
South Asia,metal_ores,1990,38.497732,9.601096679656465,5.659972818960334,3.1276191855783897
South Asia,metal_ores,1991,42.320845000000006,8.232125680968867,6.166915548492044,2.805068150608741
South Asia,metal_ores,1992,50.950921,6.433683222652264,5.476760767205547,2.2932186238554886
South Asia,metal_ores,1993,47.263516,6.2866757192673735,6.755532180900818,2.164900975546664
South Asia,metal_ores,1994,55.03564299999999,5.933547246460418,6.344541620406339,2.0905229306178374
South Asia,metal_ores,1995,52.741031,5.533018410095731,6.691012979725305,1.8581315233813027
South Asia,metal_ores,1996,68.110652,6.26708439705599,7.323348482786987,2.497256688715981
South Asia,metal_ores,1997,62.081902,2.7236320740877873,7.913454045817196,1.087125555358985
South Asia,metal_ores,1998,67.76547,0,8.295295914188989,0
South Asia,metal_ores,1999,77.390216,0,8.641700903427848,0
South Asia,metal_ores,2000,77.322012,0,9.015996210417876,0
South Asia,metal_ores,2001,85.051754,0,9.236377552179674,0
South Asia,metal_ores,2002,66.971281,0,9.470551254965647,0
South Asia,metal_ores,2003,95.65849499999999,0,9.714101861613775,0
South Asia,metal_ores,2004,110.4277,0,10.105588221468011,0
South Asia,metal_ores,2005,96.214281,0,10.548956590423419,0
South Asia,metal_ores,2006,128.229758,0,11.485474492452893,0
South Asia,metal_ores,2007,172.560351,0,12.233392141912734,0
South Asia,metal_ores,2008,179.39196300000003,21.74194872101646,13.003888595864696,7.7947988074903956
South Asia,metal_ores,2009,158.305135,28.074629546718946,13.76429162478287,8.654812648088527
South Asia,metal_ores,2010,112.430935,34.060409215622194,14.310651750995673,9.524057667355795
South Asia,metal_ores,2011,167.672282,45.420659689396345,15.170187085357146,13.226839852330086
South Asia,metal_ores,2012,154.208026,49.13456642406013,15.918816319691798,13.75859522015368
South Asia,metal_ores,2013,178.6664,48.58370524952293,16.292730381061393,13.977458415208405
South Asia,metal_ores,2014,167.36994900000002,52.605820769418195,16.7537145779355,13.689733995677589
South Asia,metal_ores,2015,220.522237,55.046978521483794,17.765773503415986,15.102969790371441
South Asia,metal_ores,2016,230.365751,57.04360994479041,19.27552241130358,16.365887318148715
South Asia,metal_ores,2017,247.808446,61.92592013918664,19.27552241130358,16.365887318148715
South Asia,metal_ores,2018,264.917749,56.80321799245133,19.27552241130358,16.365887318148715
South Asia,metal_ores,2019,270.91204400000004,55.58140359422104,19.27552241130358,16.365887318148715
South Asia,metal_ores,2020,226.45638300000002,57.473764253917615,19.27552241130358,16.365887318148715
South Asia,metal_ores,2021,243.107963,57.425472131883275,19.27552241130358,16.365887318148715
South Asia,metal_ores,2022,259.55071300000003,57.249473250953635,19.27552241130358,16.365887318148715
South Asia,metal_ores,2023,275.410341,57.11445295932303,19.27552241130358,16.365887318148715
South Asia,metal_ores,2024,292.085916,56.94569163319666,19.27552241130358,16.365887318148715
Sub-Saharan Africa,metal_ores,1970,519.292745,0,1.6184065705078616,0
Sub-Saharan Africa,metal_ores,1971,511.96137400000003,0,1.7550924446545964,0
Sub-Saharan Africa,metal_ores,1972,501.043698,0,1.8970749412819576,0
Sub-Saharan Africa,metal_ores,1973,515.394572,0,2.0087761685117553,0
Sub-Saharan Africa,metal_ores,1974,496.207045,0,2.2063374821865662,0
Sub-Saharan Africa,metal_ores,1975,472.36240499999997,0,2.3829047123487865,0
Sub-Saharan Africa,metal_ores,1976,479.878172,0,2.5937554481527183,0
Sub-Saharan Africa,metal_ores,1977,456.850058,0,2.7718452019288917,0
Sub-Saharan Africa,metal_ores,1978,448.878557,0,2.851926082931506,0
Sub-Saharan Africa,metal_ores,1979,448.963156,0,3.016806033737611,0
Sub-Saharan Africa,metal_ores,1980,458.154153,0,3.1636059433359027,0
Sub-Saharan Africa,metal_ores,1981,440.426633,0,3.441534365181363,0
Sub-Saharan Africa,metal_ores,1982,452.124539,0,3.7553312736617506,0
Sub-Saharan Africa,metal_ores,1983,442.165394,0,3.7419567338815494,0
Sub-Saharan Africa,metal_ores,1984,479.567606,0,3.950938624603138,0
Sub-Saharan Africa,metal_ores,1985,520.048407,0,4.136269207362859,0
Sub-Saharan Africa,metal_ores,1986,515.321667,0,4.4356445186485365,0
Sub-Saharan Africa,metal_ores,1987,497.451547,0,4.529413338793943,0
Sub-Saharan Africa,metal_ores,1988,507.718615,0,4.826420143103802,0
Sub-Saharan Africa,metal_ores,1989,500.141842,0,4.929762960479202,0
Sub-Saharan Africa,metal_ores,1990,495.81949799999995,0,5.124341481685927,0
Sub-Saharan Africa,metal_ores,1991,481.039031,0,5.151724475175681,0
Sub-Saharan Africa,metal_ores,1992,455.473905,0,5.361848286250597,0
Sub-Saharan Africa,metal_ores,1993,454.433973,0,5.476236121907173,0
Sub-Saharan Africa,metal_ores,1994,442.674304,0,5.687516210655911,0
Sub-Saharan Africa,metal_ores,1995,414.019673,0,5.709221802217172,0
Sub-Saharan Africa,metal_ores,1996,407.946892,0,5.857887616941811,0
Sub-Saharan Africa,metal_ores,1997,441.480351,0,5.930635635746669,0
Sub-Saharan Africa,metal_ores,1998,466.72868300000005,0,6.099083405297768,0
Sub-Saharan Africa,metal_ores,1999,457.990592,0,6.234280994729606,0
Sub-Saharan Africa,metal_ores,2000,463.907617,12.619349955516938,6.338764763590589,0.302434451381442
Sub-Saharan Africa,metal_ores,2001,486.761551,65.532473844855,6.458973675611609,1.391674186332267
Sub-Saharan Africa,metal_ores,2002,506.798342,92.34964935052233,6.683996915745648,1.9191389631752764
Sub-Saharan Africa,metal_ores,2003,508.593887,123.98380310140931,6.800295238504858,2.629940378511661
Sub-Saharan Africa,metal_ores,2004,497.322097,103.62208632133955,6.967422498663942,2.7529131923516985
Sub-Saharan Africa,metal_ores,2005,505.964918,146.86804756725363,7.0022444711889165,3.3346847794064884
Sub-Saharan Africa,metal_ores,2006,537.323855,129.21456113093151,7.097734060403502,5.205283671708754
Sub-Saharan Africa,metal_ores,2007,521.9847400000001,175.24675915476254,7.3490546075094905,3.559573846915542
Sub-Saharan Africa,metal_ores,2008,529.8272029999999,191.175999576919,7.401003093175243,6.2236016879202625
Sub-Saharan Africa,metal_ores,2009,535.383123,244.64195839874054,7.533715621890298,7.264004456848346
Sub-Saharan Africa,metal_ores,2010,576.6743220000001,288.84009543059244,8.036348726286358,7.689983739764415
Sub-Saharan Africa,metal_ores,2011,605.587836,305.4995291530062,9.212542300270847,8.3277161579955
Sub-Saharan Africa,metal_ores,2012,597.6668629999999,301.87989666027727,9.759269387866619,8.396561181648998
Sub-Saharan Africa,metal_ores,2013,642.04154,289.2488857292634,9.710129967059395,9.260134838079436
Sub-Saharan Africa,metal_ores,2014,637.152498,254.45827819345817,10.530757187542612,9.502920941239276
Sub-Saharan Africa,metal_ores,2015,652.436414,311.785041259087,10.734192526678399,8.652820902162976
Sub-Saharan Africa,metal_ores,2016,682.218193,324.4646158220757,11.007068894513118,8.25912131707087
Sub-Saharan Africa,metal_ores,2017,749.128657,335.5878126538364,11.007068894513118,8.25912131707087
Sub-Saharan Africa,metal_ores,2018,768.948372,350.4640830902001,11.007068894513118,8.25912131707087
Sub-Saharan Africa,metal_ores,2019,757.4445410000001,393.7814096023455,11.007068894513118,8.25912131707087
Sub-Saharan Africa,metal_ores,2020,795.489835,534.4621369852927,11.007068894513118,8.25912131707087
Sub-Saharan Africa,metal_ores,2021,831.380636,534.4621369852927,11.007068894513118,8.25912131707087
Sub-Saharan Africa,metal_ores,2022,871.9727210000001,534.4621369852927,11.007068894513118,8.25912131707087
Sub-Saharan Africa,metal_ores,2023,905.7805500000001,534.4621369852927,11.007068894513118,8.25912131707087
Sub-Saharan Africa,metal_ores,2024,946.569827,534.4621369852927,11.007068894513118,8.25912131707087
East Asia,nonmetallic_minerals,1970,1388.228747,73.25253049453623,243.79115565766188,73.25253049453623
East Asia,nonmetallic_minerals,1971,1580.310196,46.97938089381339,246.02022603974493,46.97938089381339
East Asia,nonmetallic_minerals,1972,1712.3077720000001,70.36126722649118,248.6174336097188,70.36126722649118
East Asia,nonmetallic_minerals,1973,1864.5017129999999,76.07370139637382,251.54396445626273,76.07370139637382
East Asia,nonmetallic_minerals,1974,1835.582171,73.96311447929727,255.01035543521544,73.96311447929727
East Asia,nonmetallic_minerals,1975,1820.997352,74.75596936359392,258.94728599476025,74.75596936359392
East Asia,nonmetallic_minerals,1976,2033.492574,75.15933384458125,263.25008025505383,75.15933384458125
East Asia,nonmetallic_minerals,1977,2183.59814,79.45810311344026,268.46277717449965,79.45810311344026
East Asia,nonmetallic_minerals,1978,2418.901612,84.73395173776818,274.1860297254097,84.73395173776818
East Asia,nonmetallic_minerals,1979,2521.5479269999996,102.1805604058902,280.77891814045773,102.1805604058902
East Asia,nonmetallic_minerals,1980,2601.425739,124.05855485637152,288.2806911494697,124.05855485637152
East Asia,nonmetallic_minerals,1981,2619.18986,127.9331214136036,296.8412513013932,127.9331214136036
East Asia,nonmetallic_minerals,1982,2679.615343,127.27656709723937,306.0615772499215,127.27656709723937
East Asia,nonmetallic_minerals,1983,3023.546875,126.28837747767436,316.74062998947517,126.28837747767436
East Asia,nonmetallic_minerals,1984,3301.487236,117.15144701790294,328.6689324416964,117.15144701790294
East Asia,nonmetallic_minerals,1985,3543.351944,59.78429817511323,342.05514713492863,59.78429817511323
East Asia,nonmetallic_minerals,1986,4076.0795550000003,28.874635591990536,356.64791187589924,28.874635591990536
East Asia,nonmetallic_minerals,1987,4442.329489,0,372.2280630444936,0
East Asia,nonmetallic_minerals,1988,5033.795285,0,389.3914430570278,0
East Asia,nonmetallic_minerals,1989,5165.439364000001,0,407.6238713278594,0
East Asia,nonmetallic_minerals,1990,5154.443788999999,0,426.96551993374595,0
East Asia,nonmetallic_minerals,1991,5632.975365,0,447.2317111332261,0
East Asia,nonmetallic_minerals,1992,6761.45987,0,468.43164961068504,0
East Asia,nonmetallic_minerals,1993,7471.4058319999995,0,490.4724737265073,0
East Asia,nonmetallic_minerals,1994,8138.6068239999995,0,513.7136075586021,0
East Asia,nonmetallic_minerals,1995,8782.921402,0,537.5552229947458,0
East Asia,nonmetallic_minerals,1996,9101.403906000001,0,564.1347585034607,0
East Asia,nonmetallic_minerals,1997,9321.956286,0,589.3738411563669,0
East Asia,nonmetallic_minerals,1998,8991.198199,0,616.229714030876,0
East Asia,nonmetallic_minerals,1999,9275.119716,0,644.4461254918027,0
East Asia,nonmetallic_minerals,2000,9720.572008,0,674.6297924212627,0
East Asia,nonmetallic_minerals,2001,10098.998144000001,0,707.7899487704186,0
East Asia,nonmetallic_minerals,2002,10744.908058,0,744.3426517357506,0
East Asia,nonmetallic_minerals,2003,11825.079777,0,784.5060451678484,0
East Asia,nonmetallic_minerals,2004,12709.766216,0,828.5728700304701,0
East Asia,nonmetallic_minerals,2005,13367.684428,0,877.4312922904306,0
East Asia,nonmetallic_minerals,2006,14511.527458999999,0,930.967864033542,0
East Asia,nonmetallic_minerals,2007,15537.619754000001,0,989.6817139939437,0
East Asia,nonmetallic_minerals,2008,15776.546556000001,0,1053.9938407458758,0
East Asia,nonmetallic_minerals,2009,17559.573256,0,1124.6196630585446,0
East Asia,nonmetallic_minerals,2010,19626.410769000002,0,1201.8422987276522,0
East Asia,nonmetallic_minerals,2011,21166.906175,0,1285.470752892452,0
East Asia,nonmetallic_minerals,2012,22879.569268000003,0,1375.9665113514861,0
East Asia,nonmetallic_minerals,2013,24416.897806,0,1472.326847301102,0
East Asia,nonmetallic_minerals,2014,25528.386071999998,0,1574.8488262246508,0
East Asia,nonmetallic_minerals,2015,24767.155424,0,1683.0233472431744,0
East Asia,nonmetallic_minerals,2016,25592.064799,0,1795.0410689079054,0
East Asia,nonmetallic_minerals,2017,25056.942141,0,1795.0410689079054,0
East Asia,nonmetallic_minerals,2018,24554.478567000002,0,1795.0410689079054,0
East Asia,nonmetallic_minerals,2019,25413.693451000003,0,1795.0410689079054,0
East Asia,nonmetallic_minerals,2020,26139.959254999998,0,1795.0410689079054,0
East Asia,nonmetallic_minerals,2021,27068.949572999998,0,1795.0410689079054,0
East Asia,nonmetallic_minerals,2022,27710.987121,0,1795.0410689079054,0
East Asia,nonmetallic_minerals,2023,28641.241061000004,0,1795.0410689079054,0
East Asia,nonmetallic_minerals,2024,29704.67695,0,1795.0410689079054,0
Europe & Russia,nonmetallic_minerals,1970,4019.6738560000003,332.95477232267467,341.5059528810837,332.95477232267467
Europe & Russia,nonmetallic_minerals,1971,4217.88928,344.5574917812205,353.22829782438566,344.5574917812205
Europe & Russia,nonmetallic_minerals,1972,4339.951641,357.3962042154265,367.0028202902733,357.3962042154265
Europe & Russia,nonmetallic_minerals,1973,4626.396446,372.041705217128,382.0450123218076,372.041705217128
Europe & Russia,nonmetallic_minerals,1974,4510.85594,388.1449073249317,399.2085689908431,388.1449073249317
Europe & Russia,nonmetallic_minerals,1975,4475.6457980000005,405.5615672134927,417.7969881890004,405.5615672134927
Europe & Russia,nonmetallic_minerals,1976,4557.058604,425.6690584147526,436.3371591676284,425.6690584147526
Europe & Russia,nonmetallic_minerals,1977,4590.046147999999,447.31028987911463,459.10834727982103,447.31028987911463
Europe & Russia,nonmetallic_minerals,1978,4637.15235,470.9248865317485,482.12302614272113,470.9248865317485
Europe & Russia,nonmetallic_minerals,1979,4621.4331,496.7383708386914,507.8181209711167,496.7383708386914
Europe & Russia,nonmetallic_minerals,1980,4678.278335,524.5757365292882,536.2312517892292,524.5757365292882
Europe & Russia,nonmetallic_minerals,1981,4475.132814,553.7414899068035,567.135322543707,553.7414899068035
Europe & Russia,nonmetallic_minerals,1982,4383.198770999999,585.2380793443124,597.4692570564332,585.2380793443124
Europe & Russia,nonmetallic_minerals,1983,4410.468285,618.5443705370171,631.5371819390577,618.5443705370171
Europe & Russia,nonmetallic_minerals,1984,4357.05736,603.2185217539294,667.9186813821001,603.2185217539294
Europe & Russia,nonmetallic_minerals,1985,4458.391951,607.957470832889,706.3597207494245,607.957470832889
Europe & Russia,nonmetallic_minerals,1986,4614.006248000001,631.1546223201585,744.8203210433946,631.1546223201585
Europe & Russia,nonmetallic_minerals,1987,4771.805386999999,658.0697065386586,782.070924465715,658.0697065386586
Europe & Russia,nonmetallic_minerals,1988,4950.202945999999,716.7775643485995,822.9224275930586,716.7775643485995
Europe & Russia,nonmetallic_minerals,1989,5006.485431,785.8290070737328,864.0321628904356,785.8290070737328
Europe & Russia,nonmetallic_minerals,1990,4875.246284,791.1244883029634,905.2187364890925,791.1244883029634
Europe & Russia,nonmetallic_minerals,1991,4489.943794,657.0881780965841,946.5288163614464,657.0881780965841
Europe & Russia,nonmetallic_minerals,1992,4489.455244999999,508.4150192119681,987.0598218393487,508.4150192119681
Europe & Russia,nonmetallic_minerals,1993,4396.972967,340.4625090246663,1026.35829992929,340.4625090246663
Europe & Russia,nonmetallic_minerals,1994,4381.1836730000005,148.71211556291493,1067.2009647982557,148.71211556291493
Europe & Russia,nonmetallic_minerals,1995,4349.785393,101.68003665813767,1104.786858210098,101.68003665813767
Europe & Russia,nonmetallic_minerals,1996,4104.033687,35.14866973387957,1140.6393110070428,35.14866973387957
Europe & Russia,nonmetallic_minerals,1997,4156.856403,0,1173.7177887157984,0
Europe & Russia,nonmetallic_minerals,1998,4674.744948,0,1202.8675615954403,0
Europe & Russia,nonmetallic_minerals,1999,5033.457732,0,1232.6635765468118,0
Europe & Russia,nonmetallic_minerals,2000,5096.13317,0,1260.455506781939,0
Europe & Russia,nonmetallic_minerals,2001,4932.112809,0,1288.879968026643,0
Europe & Russia,nonmetallic_minerals,2002,4949.738616,0,1317.3403950105103,0
Europe & Russia,nonmetallic_minerals,2003,5095.038380999999,0,1346.4237707447353,0
Europe & Russia,nonmetallic_minerals,2004,5332.510025,0,1376.8208796674098,0
Europe & Russia,nonmetallic_minerals,2005,5530.690305,0,1408.4590863233825,0
Europe & Russia,nonmetallic_minerals,2006,5889.834664,0,1439.8122530172336,0
Europe & Russia,nonmetallic_minerals,2007,6230.0964859999995,0,1471.2354605262417,0
Europe & Russia,nonmetallic_minerals,2008,5894.957233,0,1502.9192431668096,0
Europe & Russia,nonmetallic_minerals,2009,5128.545843,0,1532.7553555072318,0
Europe & Russia,nonmetallic_minerals,2010,5307.933094999999,0,1558.8391276319192,0
Europe & Russia,nonmetallic_minerals,2011,5759.269423,0,1587.9127414384948,0
Europe & Russia,nonmetallic_minerals,2012,5360.9313440000005,0,1617.8981281311615,0
Europe & Russia,nonmetallic_minerals,2013,5467.55163,0,1646.6192817164874,0
Europe & Russia,nonmetallic_minerals,2014,5448.290752,0,1676.6318739001952,0
Europe & Russia,nonmetallic_minerals,2015,5548.5090709999995,0,1708.109537459238,0
Europe & Russia,nonmetallic_minerals,2016,5330.225813000001,0,1740.3071738734839,0
Europe & Russia,nonmetallic_minerals,2017,5129.03407,0,1740.3071738734839,0
Europe & Russia,nonmetallic_minerals,2018,5762.425878999999,0,1740.3071738734839,0
Europe & Russia,nonmetallic_minerals,2019,5758.125406,0,1740.3071738734839,0
Europe & Russia,nonmetallic_minerals,2020,5746.047062,0,1740.3071738734839,0
Europe & Russia,nonmetallic_minerals,2021,6215.929285,0,1740.3071738734839,0
Europe & Russia,nonmetallic_minerals,2022,6314.561632,0,1740.3071738734839,0
Europe & Russia,nonmetallic_minerals,2023,6483.9791860000005,0,1740.3071738734839,0
Europe & Russia,nonmetallic_minerals,2024,6752.700374999999,0,1740.3071738734839,0
Latin America,nonmetallic_minerals,1970,338.288481,19.169443709130892,20.558377215495636,19.169443709130892
Latin America,nonmetallic_minerals,1971,361.562565,20.766298783394266,22.182097737794827,20.766298783394266
Latin America,nonmetallic_minerals,1972,363.848982,22.48996609201617,24.23204449465193,22.48996609201617
Latin America,nonmetallic_minerals,1973,403.119507,24.62276063845714,26.460797973499034,24.62276063845714
Latin America,nonmetallic_minerals,1974,431.679464,26.949849104913596,29.021802872032232,26.949849104913596
Latin America,nonmetallic_minerals,1975,468.080622,29.200925885346905,31.792176524947692,29.200925885346905
Latin America,nonmetallic_minerals,1976,575.2830299999999,31.71884312412856,34.407337943954424,31.71884312412856
Latin America,nonmetallic_minerals,1977,602.292225,34.365064136941875,37.480626719283805,34.365064136941875
Latin America,nonmetallic_minerals,1978,744.8442180000001,37.23493085897573,40.45308451362045,37.23493085897573
Latin America,nonmetallic_minerals,1979,752.308617,40.15573168367414,43.80339095243386,40.15573168367414
Latin America,nonmetallic_minerals,1980,843.279099,43.4566045602508,47.30537835660057,43.4566045602508
Latin America,nonmetallic_minerals,1981,898.894675,47.014673751748866,51.200042621217975,47.014673751748866
Latin America,nonmetallic_minerals,1982,823.0864159999999,50.675278404221075,54.881156186053076,50.675278404221075
Latin America,nonmetallic_minerals,1983,702.325994,54.746431274911096,58.680012234637765,54.746431274911096
Latin America,nonmetallic_minerals,1984,703.379348,59.109546874851254,63.0310115377293,59.109546874851254
Latin America,nonmetallic_minerals,1985,764.0808300000001,63.56688312913456,67.70562220129065,63.56688312913456
Latin America,nonmetallic_minerals,1986,837.5565770000001,67.92210707979537,72.31696674565458,67.92210707979537
Latin America,nonmetallic_minerals,1987,896.276582,72.25311043823709,76.25849616253781,72.25311043823709
Latin America,nonmetallic_minerals,1988,910.887604,76.34809972789164,80.53390433239008,76.34809972789164
Latin America,nonmetallic_minerals,1989,880.324375,65.29677750410077,84.45672558734964,65.29677750410077
Latin America,nonmetallic_minerals,1990,955.991907,35.52631527955762,88.69493703561629,35.52631527955762
Latin America,nonmetallic_minerals,1991,988.578758,0,92.50849826767666,0
Latin America,nonmetallic_minerals,1992,1074.459796,0,96.82029739690836,0
Latin America,nonmetallic_minerals,1993,1083.265009,0,100.99742128116397,0
Latin America,nonmetallic_minerals,1994,1157.709629,0,105.84963666723273,0
Latin America,nonmetallic_minerals,1995,1119.441217,0,110.80362551235716,0
Latin America,nonmetallic_minerals,1996,1224.6549850000001,0,115.9440105751842,0
Latin America,nonmetallic_minerals,1997,1305.323654,0,121.39545549363991,0
Latin America,nonmetallic_minerals,1998,1380.1846819999998,0,126.52239716504369,0
Latin America,nonmetallic_minerals,1999,1382.990439,0,131.55124949258845,0
Latin America,nonmetallic_minerals,2000,1408.4205729999999,0,136.39034986368006,0
Latin America,nonmetallic_minerals,2001,1382.560058,0,141.35819349212952,0
Latin America,nonmetallic_minerals,2002,1353.390522,0,146.62121320454892,0
Latin America,nonmetallic_minerals,2003,1297.752196,0,152.11401904399267,0
Latin America,nonmetallic_minerals,2004,1419.986901,0,156.76776672091574,0
Latin America,nonmetallic_minerals,2005,1531.261409,0,162.204152312035,0
Latin America,nonmetallic_minerals,2006,1626.097115,0,166.55085419982555,0
Latin America,nonmetallic_minerals,2007,1752.50503,0,170.99795048689268,0
Latin America,nonmetallic_minerals,2008,1780.7144380000002,0,175.52907053203663,0
Latin America,nonmetallic_minerals,2009,1713.10885,0,179.731199629709,0
Latin America,nonmetallic_minerals,2010,1839.86886,0,183.8679493326062,0
Latin America,nonmetallic_minerals,2011,2316.282887,0,189.02749361678028,0
Latin America,nonmetallic_minerals,2012,2526.143991,0,194.36939675016427,0
Latin America,nonmetallic_minerals,2013,2542.325706,0,200.10820013700632,0
Latin America,nonmetallic_minerals,2014,2374.902373,0,206.14953183096392,0
Latin America,nonmetallic_minerals,2015,2285.890794,0,212.79221025029278,0
Latin America,nonmetallic_minerals,2016,2229.811777,0,219.64473378730858,0
Latin America,nonmetallic_minerals,2017,2224.844835,0,219.64473378730858,0
Latin America,nonmetallic_minerals,2018,2270.012049,0,219.64473378730858,0
Latin America,nonmetallic_minerals,2019,2327.8086670000002,0,219.64473378730858,0
Latin America,nonmetallic_minerals,2020,2265.907255,0,219.64473378730858,0
Latin America,nonmetallic_minerals,2021,2445.284946,0,219.64473378730858,0
Latin America,nonmetallic_minerals,2022,2530.159542,0,219.64473378730858,0
Latin America,nonmetallic_minerals,2023,2623.587517,0,219.64473378730858,0
Latin America,nonmetallic_minerals,2024,2699.313769,0,219.64473378730858,0
Middle East & North Africa,nonmetallic_minerals,1970,191.503073,21.974581182261222,22.918442315499565,21.974581182261222
Middle East & North Africa,nonmetallic_minerals,1971,213.653051,22.78208464423442,23.826443065509093,22.78208464423442
Middle East & North Africa,nonmetallic_minerals,1972,256.946141,23.733473658180618,24.84870876063308,23.733473658180618
Middle East & North Africa,nonmetallic_minerals,1973,277.216513,24.7478168591367,25.97784855352385,24.7478168591367
Middle East & North Africa,nonmetallic_minerals,1974,335.23686000000004,25.841258842508825,27.22029369872662,25.841258842508825
Middle East & North Africa,nonmetallic_minerals,1975,380.24716,27.047589759157727,28.524257228696946,27.047589759157727
Middle East & North Africa,nonmetallic_minerals,1976,470.23630899999995,28.25226747739557,29.866521096560852,28.25226747739557
Middle East & North Africa,nonmetallic_minerals,1977,515.4329829999999,29.44691898078124,31.262682064965194,29.44691898078124
Middle East & North Africa,nonmetallic_minerals,1978,665.493104,30.740219749456866,32.660903929750184,30.740219749456866
Middle East & North Africa,nonmetallic_minerals,1979,697.4413179999999,32.07045225433663,34.048649536386804,32.07045225433663
Middle East & North Africa,nonmetallic_minerals,1980,705.1710360000001,33.37294621532228,35.43961547070472,33.37294621532228
Middle East & North Africa,nonmetallic_minerals,1981,753.170243,34.743658494965764,36.863976669160145,34.743658494965764
Middle East & North Africa,nonmetallic_minerals,1982,823.775008,36.11238739811497,38.180185924412456,36.11238739811497
Middle East & North Africa,nonmetallic_minerals,1983,953.583942,37.491212745287605,39.58574436172491,37.491212745287605
Middle East & North Africa,nonmetallic_minerals,1984,974.851733,38.88751579421765,40.98410356577781,38.88751579421765
Middle East & North Africa,nonmetallic_minerals,1985,940.838151,40.265364798434085,42.51064696587749,40.265364798434085
Middle East & North Africa,nonmetallic_minerals,1986,856.7142289999999,41.79653037716841,44.079844455202625,41.79653037716841
Middle East & North Africa,nonmetallic_minerals,1987,900.017157,43.56084642275133,45.75673458640175,43.56084642275133
Middle East & North Africa,nonmetallic_minerals,1988,891.861299,45.44824554288135,47.74532211860879,45.44824554288135
Middle East & North Africa,nonmetallic_minerals,1989,916.374509,47.58380543179853,49.971727924342694,47.58380543179853
Middle East & North Africa,nonmetallic_minerals,1990,991.7171930000001,50.07167921907777,52.48228109352557,50.07167921907777
Middle East & North Africa,nonmetallic_minerals,1991,999.563096,52.841315477350165,55.355783750968826,52.841315477350165
Middle East & North Africa,nonmetallic_minerals,1992,1102.535712,55.94554374003995,58.48281316545934,55.94554374003995
Middle East & North Africa,nonmetallic_minerals,1993,1168.8057000000001,59.37208635013887,61.89034309609035,59.37208635013887
Middle East & North Africa,nonmetallic_minerals,1994,1146.837969,63.0751064010967,65.71704750184944,63.0751064010967
Middle East & North Africa,nonmetallic_minerals,1995,1186.448958,67.13145782054066,69.73831540870336,67.13145782054066
Middle East & North Africa,nonmetallic_minerals,1996,1264.1386989999999,71.45307694535751,74.12638673873327,71.45307694535751
Middle East & North Africa,nonmetallic_minerals,1997,1255.670772,75.94481023964936,78.71135210479885,75.94481023964936
Middle East & North Africa,nonmetallic_minerals,1998,1323.1490589999999,80.62519290245524,83.40252425835567,80.62519290245524
Middle East & North Africa,nonmetallic_minerals,1999,1365.844217,85.40079131874553,88.22732937189728,85.40079131874553
Middle East & North Africa,nonmetallic_minerals,2000,1412.73868,90.15256698254632,93.04258228063637,90.15256698254632
Middle East & North Africa,nonmetallic_minerals,2001,1502.508278,74.57165166448159,97.93480310639126,74.57165166448159
Middle East & North Africa,nonmetallic_minerals,2002,1700.0793720000001,51.941192803239495,102.80733769330806,51.941192803239495
Middle East & North Africa,nonmetallic_minerals,2003,1776.4951230000001,32.52508226238967,107.69208946252475,32.52508226238967
Middle East & North Africa,nonmetallic_minerals,2004,1859.0055240000002,14.464752675650184,112.83861108514004,14.464752675650184
Middle East & North Africa,nonmetallic_minerals,2005,1976.72482,28.98842253811659,118.14748661984916,28.98842253811659
Middle East & North Africa,nonmetallic_minerals,2006,2185.009983,61.42576197647957,123.84083897979725,61.42576197647957
Middle East & North Africa,nonmetallic_minerals,2007,2353.002414,79.97548461213535,130.03687809923008,79.97548461213535
Middle East & North Africa,nonmetallic_minerals,2008,2557.392093,106.78212870655148,136.601045920832,106.78212870655148
Middle East & North Africa,nonmetallic_minerals,2009,2635.620394,132.0276966987475,143.65559776889975,132.0276966987475
Middle East & North Africa,nonmetallic_minerals,2010,2646.1197169999996,147.49427527978128,151.2409029554134,147.49427527978128
Middle East & North Africa,nonmetallic_minerals,2011,2655.0693109999997,155.4356567148242,159.08836761580883,155.4356567148242
Middle East & North Africa,nonmetallic_minerals,2012,2722.806113,163.73956150502144,167.3446953473442,163.73956150502144
Middle East & North Africa,nonmetallic_minerals,2013,2601.77051,172.30979252030986,175.90251903268077,172.30979252030986
Middle East & North Africa,nonmetallic_minerals,2014,2591.822521,181.27901820343948,184.85381700165215,181.27901820343948
Middle East & North Africa,nonmetallic_minerals,2015,2598.231909,190.66780466326406,194.33725331931424,190.66780466326406
Middle East & North Africa,nonmetallic_minerals,2016,2717.329888,200.4591794171729,204.29947160342857,200.4591794171729
Middle East & North Africa,nonmetallic_minerals,2017,2855.933333,200.4591794171729,204.29947160342857,200.4591794171729
Middle East & North Africa,nonmetallic_minerals,2018,2916.978775,200.4591794171729,204.29947160342857,200.4591794171729
Middle East & North Africa,nonmetallic_minerals,2019,2988.845482,200.4591794171729,204.29947160342857,200.4591794171729
Middle East & North Africa,nonmetallic_minerals,2020,2953.9129430000003,200.4591794171729,204.29947160342857,200.4591794171729
Middle East & North Africa,nonmetallic_minerals,2021,3128.1931839999997,200.4591794171729,204.29947160342857,200.4591794171729
Middle East & North Africa,nonmetallic_minerals,2022,3371.2255609999997,200.4591794171729,204.29947160342857,200.4591794171729
Middle East & North Africa,nonmetallic_minerals,2023,3512.5917609999997,200.4591794171729,204.29947160342857,200.4591794171729
Middle East & North Africa,nonmetallic_minerals,2024,3687.7478570000003,200.4591794171729,204.29947160342857,200.4591794171729
North America,nonmetallic_minerals,1970,2860.624912,0,274.57904437298544,0
North America,nonmetallic_minerals,1971,3003.54587,0,286.9847677968526,0
North America,nonmetallic_minerals,1972,3103.06004,0,299.52054194584844,0
North America,nonmetallic_minerals,1973,3355.908555,0,312.88896604604486,0
North America,nonmetallic_minerals,1974,3362.7332340000003,0,326.3794588608755,0
North America,nonmetallic_minerals,1975,2928.34637,0,339.29367538982734,0
North America,nonmetallic_minerals,1976,2914.3317070000003,0,353.05030843383315,0
North America,nonmetallic_minerals,1977,3169.582031,0,367.2599725829109,0
North America,nonmetallic_minerals,1978,3506.5936990000005,0,381.36368894276393,0
North America,nonmetallic_minerals,1979,3508.7380460000004,0,397.15239270159617,0
North America,nonmetallic_minerals,1980,3096.656692,0,412.41031385650894,0
North America,nonmetallic_minerals,1981,2759.944194,0,428.9297317813636,0
North America,nonmetallic_minerals,1982,2534.446431,0,445.9303930238132,0
North America,nonmetallic_minerals,1983,2773.735088,0,463.80643677906454,0
North America,nonmetallic_minerals,1984,2999.895617,0,482.70077255591747,0
North America,nonmetallic_minerals,1985,3311.036893,0,502.62017309373664,0
North America,nonmetallic_minerals,1986,3379.6926519999997,0,522.7785992326646,0
North America,nonmetallic_minerals,1987,3695.7204890000003,0,543.3809624963438,0
North America,nonmetallic_minerals,1988,3781.5683259999996,0,563.461638684945,0
North America,nonmetallic_minerals,1989,3569.137183,0,584.0309413630131,0
North America,nonmetallic_minerals,1990,3615.2982169999996,0,603.3221220955253,0
North America,nonmetallic_minerals,1991,3287.994176,0,621.2954168720532,0
North America,nonmetallic_minerals,1992,3337.20571,0,637.86694942041,0
North America,nonmetallic_minerals,1993,3533.890432,0,653.4591707618155,0
North America,nonmetallic_minerals,1994,3739.3031650000003,0,667.6403000730783,0
North America,nonmetallic_minerals,1995,3827.1344689999996,0,679.6109910313005,0
North America,nonmetallic_minerals,1996,3798.6583800000003,0,690.4994651265048,0
North America,nonmetallic_minerals,1997,4066.503259,0,700.5507679858237,0
North America,nonmetallic_minerals,1998,4235.21215,0,711.515706088461,0
North America,nonmetallic_minerals,1999,4379.503057,0,723.3835857420991,0
North America,nonmetallic_minerals,2000,4446.868113,0,736.8664323666292,0
North America,nonmetallic_minerals,2001,4322.139273,0,752.0942234591048,0
North America,nonmetallic_minerals,2002,4269.290989,0,769.4096296684608,0
North America,nonmetallic_minerals,2003,4233.220274,0,789.0852898002181,0
North America,nonmetallic_minerals,2004,4565.090279000001,0,809.868601862228,0
North America,nonmetallic_minerals,2005,4841.836619,0,832.3234632831764,0
North America,nonmetallic_minerals,2006,4718.338787,0,855.7573315057903,0
North America,nonmetallic_minerals,2007,4288.481079,0,879.867999398001,0
North America,nonmetallic_minerals,2008,3847.675423,0,904.817880905228,0
North America,nonmetallic_minerals,2009,3162.937755,0,929.8521585353673,0
North America,nonmetallic_minerals,2010,3285.7457529999997,0,955.7934878773888,0
North America,nonmetallic_minerals,2011,3308.766433,0,981.8983356775623,0
North America,nonmetallic_minerals,2012,3422.488241,0,1008.6457656486723,0
North America,nonmetallic_minerals,2013,3405.438309,0,1035.51389935598,0
North America,nonmetallic_minerals,2014,3465.9096680000002,0,1062.4989607647885,0
North America,nonmetallic_minerals,2015,3632.607833,0,1089.5216052668366,0
North America,nonmetallic_minerals,2016,3716.386462,0,1116.6146209109002,0
North America,nonmetallic_minerals,2017,3780.27522,0,1116.6146209109002,0
North America,nonmetallic_minerals,2018,3796.689562,0,1116.6146209109002,0
North America,nonmetallic_minerals,2019,3724.117942,0,1116.6146209109002,0
North America,nonmetallic_minerals,2020,3682.8041539999995,0,1116.6146209109002,0
North America,nonmetallic_minerals,2021,3796.213331,0,1116.6146209109002,0
North America,nonmetallic_minerals,2022,3895.344173,0,1116.6146209109002,0
North America,nonmetallic_minerals,2023,3962.7158830000003,0,1116.6146209109002,0
North America,nonmetallic_minerals,2024,4005.2712279999996,0,1116.6146209109002,0
Oceania,nonmetallic_minerals,1970,142.160193,0,6.5001347158692635,0
Oceania,nonmetallic_minerals,1971,145.01937800000002,0,6.873591069316182,0
Oceania,nonmetallic_minerals,1972,149.583494,0,7.243682474992258,0
Oceania,nonmetallic_minerals,1973,157.910596,0,7.714924444966651,0
Oceania,nonmetallic_minerals,1974,169.080317,0,8.223660605536827,0
Oceania,nonmetallic_minerals,1975,163.702802,0,8.644835846811977,0
Oceania,nonmetallic_minerals,1976,158.493976,0,9.154792781478452,0
Oceania,nonmetallic_minerals,1977,158.818905,0,9.704592279384398,0
Oceania,nonmetallic_minerals,1978,159.453744,0,10.185248386349164,0
Oceania,nonmetallic_minerals,1979,166.119716,0,10.819704510145414,0
Oceania,nonmetallic_minerals,1980,196.995457,0,11.314885674639251,0
Oceania,nonmetallic_minerals,1981,192.793919,0,11.887097753379956,0
Oceania,nonmetallic_minerals,1982,195.244264,0,12.410165203798664,0
Oceania,nonmetallic_minerals,1983,196.809188,0,12.929777935130058,0
Oceania,nonmetallic_minerals,1984,219.77909300000002,0,13.455279403039233,0
Oceania,nonmetallic_minerals,1985,207.50374399999998,0,14.00512506667552,0
Oceania,nonmetallic_minerals,1986,180.046794,0,14.493679984572362,0
Oceania,nonmetallic_minerals,1987,177.820314,0,15.002407403402193,0
Oceania,nonmetallic_minerals,1988,174.13012700000002,0,15.463769057352275,0
Oceania,nonmetallic_minerals,1989,179.19746600000002,0,16.057764764303666,0
Oceania,nonmetallic_minerals,1990,180.93655099999998,0,16.59691029575206,0
Oceania,nonmetallic_minerals,1991,178.91241699999998,0,17.125638574194937,0
Oceania,nonmetallic_minerals,1992,180.989222,0,17.62098648250346,0
Oceania,nonmetallic_minerals,1993,194.834727,0,18.212759631123696,0
Oceania,nonmetallic_minerals,1994,192.60329099999998,0,18.842299386101505,0
Oceania,nonmetallic_minerals,1995,197.651512,0,19.381847569558143,0
Oceania,nonmetallic_minerals,1996,199.735402,0,19.943008917397915,0
Oceania,nonmetallic_minerals,1997,202.36703400000002,0,20.467788615073324,0
Oceania,nonmetallic_minerals,1998,201.27472699999998,0,21.12508032954784,0
Oceania,nonmetallic_minerals,1999,201.387292,0,21.78713278989115,0
Oceania,nonmetallic_minerals,2000,201.365611,0,22.483905556157428,0
Oceania,nonmetallic_minerals,2001,214.45254,0,23.265188671518867,0
Oceania,nonmetallic_minerals,2002,209.645085,0,24.055219190500672,0
Oceania,nonmetallic_minerals,2003,218.539524,0,24.87754902587457,0
Oceania,nonmetallic_minerals,2004,241.74677499999999,0,25.6374225374066,0
Oceania,nonmetallic_minerals,2005,235.23168600000002,0,26.568573323306207,0
Oceania,nonmetallic_minerals,2006,241.90780900000001,0,27.501298575557236,0
Oceania,nonmetallic_minerals,2007,263.03951,0,28.45940935194133,0
Oceania,nonmetallic_minerals,2008,255.8752,0,29.479255979293026,0
Oceania,nonmetallic_minerals,2009,281.622201,0,30.510154587015442,0
Oceania,nonmetallic_minerals,2010,237.829894,0,31.497407770501077,0
Oceania,nonmetallic_minerals,2011,253.16246900000002,0,32.58451565319871,0
Oceania,nonmetallic_minerals,2012,247.428598,0,33.63002489158818,0
Oceania,nonmetallic_minerals,2013,245.984969,0,34.704320141955165,0
Oceania,nonmetallic_minerals,2014,322.010085,0,35.8624658854355,0
Oceania,nonmetallic_minerals,2015,305.153152,0,37.04852995918513,0
Oceania,nonmetallic_minerals,2016,275.790782,0,38.32231577358001,0
Oceania,nonmetallic_minerals,2017,312.71025099999997,0,38.32231577358001,0
Oceania,nonmetallic_minerals,2018,328.842782,0,38.32231577358001,0
Oceania,nonmetallic_minerals,2019,333.896123,0,38.32231577358001,0
Oceania,nonmetallic_minerals,2020,334.70948500000003,0,38.32231577358001,0
Oceania,nonmetallic_minerals,2021,343.625233,0,38.32231577358001,0
Oceania,nonmetallic_minerals,2022,355.095539,0,38.32231577358001,0
Oceania,nonmetallic_minerals,2023,363.61239900000004,0,38.32231577358001,0
Oceania,nonmetallic_minerals,2024,372.177146,0,38.32231577358001,0
South Asia,nonmetallic_minerals,1970,448.779788,0,123.0949720851382,0
South Asia,nonmetallic_minerals,1971,457.689838,0,124.06037879166873,0
South Asia,nonmetallic_minerals,1972,471.31743300000005,0,125.02835127079952,0
South Asia,nonmetallic_minerals,1973,479.398844,0,126.01081463394866,0
South Asia,nonmetallic_minerals,1974,472.19273899999996,0,127.01614586026923,0
South Asia,nonmetallic_minerals,1975,482.334811,0,128.05265982042883,0
South Asia,nonmetallic_minerals,1976,510.79273900000004,0,129.09218964412386,0
South Asia,nonmetallic_minerals,1977,532.936118,0,130.19486157158482,0
South Asia,nonmetallic_minerals,1978,554.920103,0,131.3140137561024,0
South Asia,nonmetallic_minerals,1979,562.82093,0,132.52512166235817,0
South Asia,nonmetallic_minerals,1980,572.4388869999999,0,133.73335074781338,0
South Asia,nonmetallic_minerals,1981,604.761454,0,134.97397154027095,0
South Asia,nonmetallic_minerals,1982,628.3561019999999,0,136.24266005749257,0
South Asia,nonmetallic_minerals,1983,641.925488,0,137.62350968747657,0
South Asia,nonmetallic_minerals,1984,671.234052,0,139.06593202011047,0
South Asia,nonmetallic_minerals,1985,714.780262,0,140.3196478537062,0
South Asia,nonmetallic_minerals,1986,753.6847650000001,0,141.9378086928053,0
South Asia,nonmetallic_minerals,1987,770.806918,0,143.60381498596973,0
South Asia,nonmetallic_minerals,1988,823.9519120000001,0,145.3913443363214,0
South Asia,nonmetallic_minerals,1989,873.467677,0,147.25578187874717,0
South Asia,nonmetallic_minerals,1990,899.117624,0,149.2246178576875,0
South Asia,nonmetallic_minerals,1991,931.725113,0,151.28164278209272,0
South Asia,nonmetallic_minerals,1992,951.949713,0,153.47774790226077,0
South Asia,nonmetallic_minerals,1993,983.2528570000001,10.239167114094737,155.76069054796284,10.239167114094737
South Asia,nonmetallic_minerals,1994,1021.84201,10.069610270185708,158.2051613916554,10.069610270185708
South Asia,nonmetallic_minerals,1995,1085.311509,10.382555085841188,160.7240734737582,10.382555085841188
South Asia,nonmetallic_minerals,1996,1183.388327,6.614906155424327,163.379923169911,6.614906155424327
South Asia,nonmetallic_minerals,1997,1223.11379,15.66182397080895,166.09546439200238,15.66182397080895
South Asia,nonmetallic_minerals,1998,1304.404108,21.70096652995039,169.04163585459517,21.70096652995039
South Asia,nonmetallic_minerals,1999,1344.3897650000001,23.629194664928477,172.07867160061232,23.629194664928477
South Asia,nonmetallic_minerals,2000,1383.289853,19.21495331262874,175.26836629448752,19.21495331262874
South Asia,nonmetallic_minerals,2001,1455.17271,23.648264908332294,178.56638130483174,23.648264908332294
South Asia,nonmetallic_minerals,2002,1557.54966,14.18163238920392,181.97466984033977,14.18163238920392
South Asia,nonmetallic_minerals,2003,1617.3441639999999,0,185.56387117875357,0
South Asia,nonmetallic_minerals,2004,1683.572888,0,189.292308528256,0
South Asia,nonmetallic_minerals,2005,1827.068959,11.45604671733241,193.1649072502527,11.45604671733241
South Asia,nonmetallic_minerals,2006,1975.3592159999998,28.645218836514587,197.16721341626447,28.645218836514587
South Asia,nonmetallic_minerals,2007,2095.470272,41.376115526817216,201.24780430025666,41.376115526817216
South Asia,nonmetallic_minerals,2008,2237.533108,63.15142500044411,205.53074222247733,63.15142500044411
South Asia,nonmetallic_minerals,2009,2397.095437,69.0203064235301,209.9935229375237,69.0203064235301
South Asia,nonmetallic_minerals,2010,2514.321664,58.349486642690906,214.7823066183885,58.349486642690906
South Asia,nonmetallic_minerals,2011,2885.73758,57.99001009870642,219.72411868338295,57.99001009870642
South Asia,nonmetallic_minerals,2012,3074.5852029999996,120.54048037191788,224.83541214086998,120.54048037191788
South Asia,nonmetallic_minerals,2013,3100.98596,144.60897400444438,230.23581067192657,144.60897400444438
South Asia,nonmetallic_minerals,2014,2742.487524,157.54762182398613,235.91921221295414,157.54762182398613
South Asia,nonmetallic_minerals,2015,2976.575471,238.3438954760742,241.928888693533,238.3438954760742
South Asia,nonmetallic_minerals,2016,3251.3362070000003,197.49906179666556,248.10966268702495,197.49906179666556
South Asia,nonmetallic_minerals,2017,3322.088281,197.49906179666556,248.10966268702495,197.49906179666556
South Asia,nonmetallic_minerals,2018,3476.408127,197.49906179666556,248.10966268702495,197.49906179666556
South Asia,nonmetallic_minerals,2019,3598.108022,197.49906179666556,248.10966268702495,197.49906179666556
South Asia,nonmetallic_minerals,2020,3443.4289009999998,197.49906179666556,248.10966268702495,197.49906179666556
South Asia,nonmetallic_minerals,2021,3680.1968349999997,197.49906179666556,248.10966268702495,197.49906179666556
South Asia,nonmetallic_minerals,2022,3942.614678,197.49906179666556,248.10966268702495,197.49906179666556
South Asia,nonmetallic_minerals,2023,4187.136525,197.49906179666556,248.10966268702495,197.49906179666556
South Asia,nonmetallic_minerals,2024,4455.4052440000005,197.49906179666556,248.10966268702495,197.49906179666556
Sub-Saharan Africa,nonmetallic_minerals,1970,196.27003,0,11.369746387237193,0
Sub-Saharan Africa,nonmetallic_minerals,1971,206.23537,0,11.66572533146799,0
Sub-Saharan Africa,nonmetallic_minerals,1972,213.322438,0,12.011949733458813,0
Sub-Saharan Africa,nonmetallic_minerals,1973,226.060273,0,12.302519490664254,0
Sub-Saharan Africa,nonmetallic_minerals,1974,228.390691,0,12.780265710583146,0
Sub-Saharan Africa,nonmetallic_minerals,1975,231.475804,0,12.851310194959307,0
Sub-Saharan Africa,nonmetallic_minerals,1976,230.82822700000003,0,13.070175692421474,0
Sub-Saharan Africa,nonmetallic_minerals,1977,252.449706,0,13.292946794172353,0
Sub-Saharan Africa,nonmetallic_minerals,1978,259.024871,0,13.619463472437257,0
Sub-Saharan Africa,nonmetallic_minerals,1979,268.316489,0,14.135319371141362,0
Sub-Saharan Africa,nonmetallic_minerals,1980,282.236542,0,14.525586607902657,0
Sub-Saharan Africa,nonmetallic_minerals,1981,297.020132,0,15.088301863510042,0
Sub-Saharan Africa,nonmetallic_minerals,1982,308.444052,0,16.01427310253653,0
Sub-Saharan Africa,nonmetallic_minerals,1983,309.56094,0,16.55850998287629,0
Sub-Saharan Africa,nonmetallic_minerals,1984,305.439716,0,17.22035069885505,0
Sub-Saharan Africa,nonmetallic_minerals,1985,294.69022,0,17.52907611454555,0
Sub-Saharan Africa,nonmetallic_minerals,1986,303.780465,0,18.13613318983183,0
Sub-Saharan Africa,nonmetallic_minerals,1987,307.93241,0,18.83524908335423,0
Sub-Saharan Africa,nonmetallic_minerals,1988,319.520893,0,19.360479845031975,0
Sub-Saharan Africa,nonmetallic_minerals,1989,310.89464,0,19.969099352453426,0
Sub-Saharan Africa,nonmetallic_minerals,1990,316.428307,0,20.673180847739584,0
Sub-Saharan Africa,nonmetallic_minerals,1991,318.246824,0,21.426302659146884,0
Sub-Saharan Africa,nonmetallic_minerals,1992,316.439414,0,22.169206260269476,0
Sub-Saharan Africa,nonmetallic_minerals,1993,327.412134,0,22.853495246677916,0
Sub-Saharan Africa,nonmetallic_minerals,1994,330.26412500000004,0,23.745947271383372,0
Sub-Saharan Africa,nonmetallic_minerals,1995,370.901048,0,24.667418995587205,0
Sub-Saharan Africa,nonmetallic_minerals,1996,385.314031,0,25.716159283231658,0
Sub-Saharan Africa,nonmetallic_minerals,1997,396.44949299999996,0,26.649959780817156,0
Sub-Saharan Africa,nonmetallic_minerals,1998,455.12579999999997,0,27.67980758437547,0
Sub-Saharan Africa,nonmetallic_minerals,1999,426.31558099999995,0,28.73784753832658,0
Sub-Saharan Africa,nonmetallic_minerals,2000,424.881623,0,29.757565628869564,0
Sub-Saharan Africa,nonmetallic_minerals,2001,464.15797599999996,0,30.885415532115672,0
Sub-Saharan Africa,nonmetallic_minerals,2002,485.88955200000004,0,32.11909673641841,0
Sub-Saharan Africa,nonmetallic_minerals,2003,496.116128,0,33.47086137191742,0
Sub-Saharan Africa,nonmetallic_minerals,2004,534.8899670000001,0,34.83988645716129,0
Sub-Saharan Africa,nonmetallic_minerals,2005,589.827852,0,36.26777006333319,0
Sub-Saharan Africa,nonmetallic_minerals,2006,653.928894,0,37.74429374339086,0
Sub-Saharan Africa,nonmetallic_minerals,2007,701.852089,0,39.29309680093282,0
Sub-Saharan Africa,nonmetallic_minerals,2008,723.9317940000001,4.436094117674267,41.00995727446932,4.436094117674267
Sub-Saharan Africa,nonmetallic_minerals,2009,657.366988,28.415370818938136,42.67585658610732,28.415370818938136
Sub-Saharan Africa,nonmetallic_minerals,2010,699.972743,36.32791459460744,44.79249091426403,36.32791459460744
Sub-Saharan Africa,nonmetallic_minerals,2011,743.966451,40.28099433497717,46.64446946718918,40.28099433497717
Sub-Saharan Africa,nonmetallic_minerals,2012,935.173841,46.65865027919943,48.593354732425766,46.65865027919943
Sub-Saharan Africa,nonmetallic_minerals,2013,999.103372,48.667535990461495,50.648201050112355,48.667535990461495
Sub-Saharan Africa,nonmetallic_minerals,2014,971.278325,50.83135076848305,52.74794995498963,50.83135076848305
Sub-Saharan Africa,nonmetallic_minerals,2015,1005.408031,53.07827687379464,55.034155011475406,53.07827687379464
Sub-Saharan Africa,nonmetallic_minerals,2016,896.9047029999999,55.67191878268379,57.45911524305447,55.67191878268379
Sub-Saharan Africa,nonmetallic_minerals,2017,812.919378,55.67191878268379,57.45911524305447,55.67191878268379
Sub-Saharan Africa,nonmetallic_minerals,2018,1086.066413,55.67191878268379,57.45911524305447,55.67191878268379
Sub-Saharan Africa,nonmetallic_minerals,2019,1095.557421,55.67191878268379,57.45911524305447,55.67191878268379
Sub-Saharan Africa,nonmetallic_minerals,2020,1038.790861,55.67191878268379,57.45911524305447,55.67191878268379
Sub-Saharan Africa,nonmetallic_minerals,2021,1096.661599,55.67191878268379,57.45911524305447,55.67191878268379
Sub-Saharan Africa,nonmetallic_minerals,2022,1135.410274,55.67191878268379,57.45911524305447,55.67191878268379
Sub-Saharan Africa,nonmetallic_minerals,2023,1157.644546,55.67191878268379,57.45911524305447,55.67191878268379
Sub-Saharan Africa,nonmetallic_minerals,2024,1209.8552410000002,55.67191878268379,57.45911524305447,55.67191878268379
