"Region","material","inflow_Mt","primary_metal_Mt","s_2024"
"East Asia","Metal_Fe",923.460964253239,1005.7313412,-0.0890891766207891
"Europe & Russia","Metal_Fe",323.821650929734,111.1605588,0.656722895208385
"Latin America","Metal_Fe",38.0028245747779,29.3658608,0.227271627080849
"Middle East & North Africa","Metal_Fe",150.413565576231,61.9407484,0.588197060798963
"North America","Metal_Fe",128.165877798913,38.7628268,0.69755735718662
"Oceania","Metal_Fe",60.3615272501687,35.2072332,0.416727263144231
"South Asia","Metal_Fe",152.363953945879,91.5853892,0.398903829756664
"Sub-Saharan Africa","Metal_Fe",0,-1.8368192,NA
"East Asia","Metal_NonFe",31.0188878754808,33.782335056,-0.0890891766207893
"Europe & Russia","Metal_NonFe",24.8881398052641,8.543528576,0.656722895208385
"Latin America","Metal_NonFe",44.4705103271721,34.363625088,0.227271627080849
"Middle East & North Africa","Metal_NonFe",6.33124238758089,2.607224224,0.588197060798963
"North America","Metal_NonFe",43.7955804802735,13.245651104,0.69755735718662
"Oceania","Metal_NonFe",11.2560197402531,6.56532944,0.416727263144231
"South Asia","Metal_NonFe",1.68019551279315,1.009959088,0.398903829756664
"Sub-Saharan Africa","Metal_NonFe",30.9353880506823,15.21859,0.508052396980863
