Region,year,GDP_2015USD
East Asia,1970,2061385655973.2402
East Asia,1971,2175524026466.148
East Asia,1972,2343969112702.8467
East Asia,1973,2541898043494.4395
East Asia,1974,2552924548765.7607
East Asia,1975,2656200060150.8804
East Asia,1976,2776034765675.0825
East Asia,1977,2933787361810.0684
East Asia,1978,3128531021761.3555
East Asia,1979,3324277567879.0527
East Asia,1980,3453618967809.7437
East Asia,1981,3619454348068.2993
East Asia,1982,3776852255430.6
East Asia,1983,3977353293312.022
East Asia,1984,4231818206965.5225
East Asia,1985,4486005475080.566
East Asia,1986,4718433163095.033
East Asia,1987,5076836645362.992
East Asia,1988,5482922210662.236
East Asia,1989,5774505678127.09
East Asia,1990,6178599966913.754
East Asia,1991,6500555339958.018
East Asia,1992,6787181824648.523
East Asia,1993,7059962191009.819
East Asia,1994,7420603598344.784
East Asia,1995,7845733890327.754
East Asia,1996,8299989012174.364
East Asia,1997,8642633017652.52
East Asia,1998,8652917049935.632
East Asia,1999,8971737796030.39
East Asia,2000,9480292586615.059
East Asia,2001,9813032407511.047
East Asia,2002,10256967058988.848
East Asia,2003,10790556598752.93
East Asia,2004,11449392595159.637
East Asia,2005,12167905539236.322
East Asia,2006,13005640155479.396
East Asia,2007,14028351488825.73
East Asia,2008,14670456066205.07
East Asia,2009,15068976308897.17
East Asia,2010,16290073248464.773
East Asia,2011,17225825880439.34
East Asia,2012,18145076177873.684
East Asia,2013,19144942357002.43
East Asia,2014,20096021219193.715
East Asia,2015,21076303720379.35
East Asia,2016,22080226022912.95
East Asia,2017,23238082339324.484
East Asia,2018,24382591952355.867
East Asia,2019,25404239111420.91
East Asia,2020,25391553264023.223
East Asia,2021,27069887616222.57
East Asia,2022,27867903691817.4
East Asia,2023,29062402999822.11
East Asia,2024,30219179143537.055
Europe & Russia,1970,7806309876409.77
Europe & Russia,1971,8077176917095.74
Europe & Russia,1972,8445390797540.139
Europe & Russia,1973,8951545359316.406
Europe & Russia,1974,9159252555452.9375
Europe & Russia,1975,9096514907053.395
Europe & Russia,1976,9495499328808.53
Europe & Russia,1977,9767969546211.285
Europe & Russia,1978,10059361598396.883
Europe & Russia,1979,10417696150603.014
Europe & Russia,1980,10570380626244.16
Europe & Russia,1981,10616175165149.03
Europe & Russia,1982,10718395403044.982
Europe & Russia,1983,10917466763297.744
Europe & Russia,1984,11215193362300.766
Europe & Russia,1985,11508952312966.736
Europe & Russia,1986,11838981789573.094
Europe & Russia,1987,12153455178909.053
Europe & Russia,1988,12648853069868.955
Europe & Russia,1989,13092830312395.44
Europe & Russia,1990,13273170817060.367
Europe & Russia,1991,13311710706004.643
Europe & Russia,1992,13257771873051.486
Europe & Russia,1993,13188405530464.094
Europe & Russia,1994,13392659911167.58
Europe & Russia,1995,13714331941559.24
Europe & Russia,1996,13962806288914.941
Europe & Russia,1997,14395150505973.205
Europe & Russia,1998,14766997060591.48
Europe & Russia,1999,15193624468144.559
Europe & Russia,2000,15860375460713.096
Europe & Russia,2001,16203723441365.678
Europe & Russia,2002,16448165505719.406
Europe & Russia,2003,16738580554343.236
Europe & Russia,2004,17260951014006.53
Europe & Russia,2005,17715747290380.547
Europe & Russia,2006,18386125468223.863
Europe & Russia,2007,19046288566387.066
Europe & Russia,2008,19227685468385.33
Europe & Russia,2009,18353985816471.004
Europe & Russia,2010,18825521093573.363
Europe & Russia,2011,19251123040024.863
Europe & Russia,2012,19295204078127.688
Europe & Russia,2013,19442681185834.984
Europe & Russia,2014,19806844185201.34
Europe & Russia,2015,20214589168555.832
Europe & Russia,2016,20598522949536.637
Europe & Russia,2017,21203620289745.45
Europe & Russia,2018,21652153642571.33
Europe & Russia,2019,22032520521479.113
Europe & Russia,2020,20827399101065.42
Europe & Russia,2021,22248486498215.45
Europe & Russia,2022,22994303116188.668
Europe & Russia,2023,23213799694340.598
Europe & Russia,2024,23555395388313.504
Latin America,1970,1245059136915.206
Latin America,1971,1327804995644.9724
Latin America,1972,1419938700715.981
Latin America,1973,1532865006767.7913
Latin America,1974,1625840949081.7402
Latin America,1975,1684206889097.1663
Latin America,1976,1776920201103.4878
Latin America,1977,1864339509260.533
Latin America,1978,1947266513308.681
Latin America,1979,2086410718624.131
Latin America,1980,2217058689847.591
Latin America,1981,2242566543354.881
Latin America,1982,2240621016421.941
Latin America,1983,2184071277060.9688
Latin America,1984,2269694254574.4053
Latin America,1985,2338786758854.8506
Latin America,1986,2421839794981.1465
Latin America,1987,2502789644716.0283
Latin America,1988,2522707412662.2734
Latin America,1989,2553335247789.2764
Latin America,1990,2548726649870.2866
Latin America,1991,2629815779671.106
Latin America,1992,2700215543663.9644
Latin America,1993,2815453987421.6226
Latin America,1994,2957305225288.118
Latin America,1995,2985337280160.0664
Latin America,1996,3101691284136.1675
Latin America,1997,3271171103530.546
Latin America,1998,3366894681289.6094
Latin America,1999,3384904001008.6836
Latin America,2000,3507688633929.3364
Latin America,2001,3526334240011.6826
Latin America,2002,3533889214212.5044
Latin America,2003,3612004868342.935
Latin America,2004,3818690961691.9434
Latin America,2005,3975105662293.183
Latin America,2006,4184267349636.1265
Latin America,2007,4405476467591.077
Latin America,2008,4568072565555.12
Latin America,2009,4462729674758.817
Latin America,2010,4737753656500.884
Latin America,2011,4946051556371.061
Latin America,2012,5076825930636.231
Latin America,2013,5214701785543.504
Latin America,2014,5277043973631.758
Latin America,2015,5289615626446.623
Latin America,2016,5251012055327.774
Latin America,2017,5332575619822.815
Latin America,2018,5397521762017.828
Latin America,2019,5414366311242.314
Latin America,2020,5042906452648.467
Latin America,2021,5399139510357.723
Latin America,2022,5619688802310.531
Latin America,2023,5746106067940.249
Latin America,2024,5875603254876.282
Middle East & North Africa,1970,592789476489.6951
Middle East & North Africa,1971,648508742586.3372
Middle East & North Africa,1972,740265729280.9479
Middle East & North Africa,1973,823913114926.6025
Middle East & North Africa,1974,897632289446.4464
Middle East & North Africa,1975,897562029089.9396
Middle East & North Africa,1976,1024703869723.8994
Middle East & North Africa,1977,1063764054897.9972
Middle East & North Africa,1978,1058001670229.1858
Middle East & North Africa,1979,1118431908688.2861
Middle East & North Africa,1980,1130228773549.8047
Middle East & North Africa,1981,1132605738638.5637
Middle East & North Africa,1982,1113661017639.2837
Middle East & North Africa,1983,1105137556991.4478
Middle East & North Africa,1984,1103825453138.2915
Middle East & North Africa,1985,1105896882072.8167
Middle East & North Africa,1986,1081691214584.8257
Middle East & North Africa,1987,1087623984776.1881
Middle East & North Africa,1988,1108193077343.427
Middle East & North Africa,1989,1147564407281.6228
Middle East & North Africa,1990,1271991045171.092
Middle East & North Africa,1991,1291546443148.8416
Middle East & North Africa,1992,1355774158168.2034
Middle East & North Africa,1993,1383230901048.7793
Middle East & North Africa,1994,1421579152921.1848
Middle East & North Africa,1995,1463332385472.061
Middle East & North Africa,1996,1538362646312.4133
Middle East & North Africa,1997,1606861656719.2312
Middle East & North Africa,1998,1676756884265.544
Middle East & North Africa,1999,1722584490739.421
Middle East & North Africa,2000,1828776544045.2512
Middle East & North Africa,2001,1864260308709.3577
Middle East & North Africa,2002,1902448863623.4558
Middle East & North Africa,2003,1992120145925.711
Middle East & North Africa,2004,2151741368101.0881
Middle East & North Africa,2005,2266190628918.133
Middle East & North Africa,2006,2409293645439.213
Middle East & North Africa,2007,2543853800208.03
Middle East & North Africa,2008,2662862682985.291
Middle East & North Africa,2009,2686426088701.3657
Middle East & North Africa,2010,2822330501294.2227
Middle East & North Africa,2011,2932404466801.88
Middle East & North Africa,2012,3058409763530.1953
Middle East & North Africa,2013,3128372513969.9604
Middle East & North Africa,2014,3222951438808.9873
Middle East & North Africa,2015,3306831271734.062
Middle East & North Africa,2016,3445211680607.978
Middle East & North Africa,2017,3507892266029.4717
Middle East & North Africa,2018,3579620495793.2827
Middle East & North Africa,2019,3634394714576.324
Middle East & North Africa,2020,3494132931115.843
Middle East & North Africa,2021,3670283920751.5605
Middle East & North Africa,2022,3916686186392.255
Middle East & North Africa,2023,4016010064335.409
Middle East & North Africa,2024,4115695093636.7983
North America,1970,5608627112927.971
North America,1971,5796626218223.306
North America,1972,6102411403140.145
North America,1973,6452227446369.249
North America,1974,6438265318562.235
North America,1975,6434849956242.963
North America,1976,6784503142918.295
North America,1977,7091799433089.584
North America,1978,7473096957110.597
North America,1979,7713225387967.688
North America,1980,7709896627781.109
North America,1981,7911484980022.533
North America,1982,7759131427109.198
North America,1983,8100971431672.99
North America,1984,8677585246526.632
North America,1985,9043308781797.902
North America,1986,9346243173294.973
North America,1987,9673998966817.297
North America,1988,10079991607004.688
North America,1989,10438560768757.666
North America,1990,10620588710859.701
North America,1991,10591504568134.297
North America,1992,10941791340537.725
North America,1993,11242083930781.6
North America,1994,11698994920650.459
North America,1995,12013114623535.225
North America,1996,12446376489797.637
North America,1997,12998269548611.367
North America,1998,13574987667975.19
North America,1999,14228641959087.006
North America,2000,14820887932751.533
North America,2001,14973625898933.514
North America,2002,15243405854615.24
North America,2003,15657521254322.344
North America,2004,16250487833700.621
North America,2005,16812946958191.889
North America,2006,17279383266701.23
North America,2007,17626370919530.125
North America,2008,17658438696446.49
North America,2009,17198483323608.504
North America,2010,17666985250493.367
North America,2011,17964984770574.59
North America,2012,18367970473186.25
North America,2013,18759863487807.992
North America,2014,19238157900174.035
North America,2015,19769184098217.14
North America,2016,20116555214296.844
North America,2017,20620082381951.844
North America,2018,21227923096076.625
North America,2019,21765016109606
North America,2020,21245132511861.855
North America,2021,22529760234493.867
North America,2022,23124677205086.406
North America,2023,23768392810821.496
North America,2024,24410122957734.543
Oceania,1970,397919557493.8854
Oceania,1971,413769236496.9957
Oceania,1972,430717297615.75824
Oceania,1973,445560890141.1239
Oceania,1974,465137823376.53436
Oceania,1975,469075411836.874
Oceania,1976,479964612270.88525
Oceania,1977,491700223886.1088
Oceania,1978,495737361276.5054
Oceania,1979,514998455443.8281
Oceania,1980,529642069121.8094
Oceania,1981,548539838663.73236
Oceania,1982,564660550933.5663
Oceania,1983,556539976250.5854
Oceania,1984,582158085598.2158
Oceania,1985,609514424290.1451
Oceania,1986,632700125309.6208
Oceania,1987,647270638051.6571
Oceania,1988,678963088247.9645
Oceania,1989,702074320151.4165
Oceania,1990,724162186724.2377
Oceania,1991,720748369708.2891
Oceania,1992,724672703556.3136
Oceania,1993,755933015405.3939
Oceania,1994,787121069688.9738
Oceania,1995,818588838865.095
Oceania,1996,849916839146.6901
Oceania,1997,880926977047.3711
Oceania,1998,917766487753.0732
Oceania,1999,964247564059.723
Oceania,2000,1000438602127.6329
Oceania,2001,1022330274879.3079
Oceania,2002,1063522715130.6661
Oceania,2003,1098428809344.2391
Oceania,2004,1144577212161.769
Oceania,2005,1180919720497.497
Oceania,2006,1213624814049.4883
Oceania,2007,1258249302461.7417
Oceania,2008,1296586352495.9019
Oceania,2009,1318708732607.578
Oceania,2010,1346818949854.3496
Oceania,2011,1378721485948.2932
Oceania,2012,1430477951473.3743
Oceania,2013,1468392909756.7515
Oceania,2014,1508698092833.272
Oceania,2015,1544135929284.1016
Oceania,2016,1588598626132.157
Oceania,2017,1627190363284.1343
Oceania,2018,1675083942140.2217
Oceania,2019,1711972944958.8496
Oceania,2020,1708303499647.6199
Oceania,2021,1747260461218.9526
Oceania,2022,1820351185237.0845
Oceania,2023,1881131702476.3596
Oceania,2024,1906179059126.7163
South Asia,1970,286773421557.73425
South Asia,1971,288549834170.41644
South Asia,1972,283476683434.0223
South Asia,1973,294480432080.68604
South Asia,1974,301782492229.28723
South Asia,1975,322539396829.1856
South Asia,1976,330947865192.1123
South Asia,1977,351549002000.4
South Asia,1978,373145716793.913
South Asia,1979,363723530779.0153
South Asia,1980,387448339888.3627
South Asia,1981,412418676691.44763
South Asia,1982,428323123801.24194
South Asia,1983,456888853717.25903
South Asia,1984,476316196217.94025
South Asia,1985,502401424805.8011
South Asia,1986,526689792359.0864
South Asia,1987,549176535902.3686
South Asia,1988,595131824695.4799
South Asia,1989,627167392009.3069
South Asia,1990,661014987094.1726
South Asia,1991,674947390171.2133
South Asia,1992,714139461729.7351
South Asia,1993,744749030707.1064
South Asia,1994,788824911331.3743
South Asia,1995,842652871682.161
South Asia,1996,899179749135.9314
South Asia,1997,932400109053.2513
South Asia,1998,983170936842.085
South Asia,1999,1057034000523.0991
South Asia,2000,1106710096698.8474
South Asia,2001,1154954831753.794
South Asia,2002,1197931919742.3137
South Asia,2003,1283896467769.368
South Asia,2004,1380817142604.704
South Asia,2005,1485936821649.634
South Asia,2006,1599143592278.7363
South Asia,2007,1713310461358.8933
South Asia,2008,1769816480138.1333
South Asia,2009,1892812382792.5588
South Asia,2010,2032235802933.0032
South Asia,2011,2135305311375.2993
South Asia,2012,2250213010648.449
South Asia,2013,2385421117064.4844
South Asia,2014,2548776199882.1494
South Asia,2015,2733601204663.884
South Asia,2016,2946167572854.998
South Asia,2017,3137712289588.8345
South Asia,2018,3336474047365.5166
South Asia,2019,3467390947560.9897
South Asia,2020,3308500215207.3584
South Asia,2021,3598440502138.1514
South Asia,2022,3842917203757.571
South Asia,2023,4133111410840.486
South Asia,2024,4361373480189.216
Sub-Saharan Africa,1970,404793146312.2899
Sub-Saharan Africa,1971,436008180050.44885
Sub-Saharan Africa,1972,448874810689.8367
Sub-Saharan Africa,1973,468159267290.7192
Sub-Saharan Africa,1974,503415270001.95654
Sub-Saharan Africa,1975,502258032123.50433
Sub-Saharan Africa,1976,528243411860.4699
Sub-Saharan Africa,1977,542847749120.39374
Sub-Saharan Africa,1978,541893752135.91644
Sub-Saharan Africa,1979,563221826569.9921
Sub-Saharan Africa,1980,584153873559.9349
Sub-Saharan Africa,1981,579400159510.8953
Sub-Saharan Africa,1982,572430923704.3948
Sub-Saharan Africa,1983,557890489302.1902
Sub-Saharan Africa,1984,570466773968.4003
Sub-Saharan Africa,1985,581918812633.3104
Sub-Saharan Africa,1986,592797402825.4917
Sub-Saharan Africa,1987,610189075320.7828
Sub-Saharan Africa,1988,637479081340.1227
Sub-Saharan Africa,1989,652115134604.9908
Sub-Saharan Africa,1990,666858386178.4254
Sub-Saharan Africa,1991,669442791699.1588
Sub-Saharan Africa,1992,666144128084.4497
Sub-Saharan Africa,1993,659203947476.4194
Sub-Saharan Africa,1994,665972922087.7825
Sub-Saharan Africa,1995,688132510626.8594
Sub-Saharan Africa,1996,723531534879.6185
Sub-Saharan Africa,1997,752982982547.2988
Sub-Saharan Africa,1998,771944977216.9192
Sub-Saharan Africa,1999,788763304366.0488
Sub-Saharan Africa,2000,815874035642.3888
Sub-Saharan Africa,2001,850252079213.8163
Sub-Saharan Africa,2002,904613494976.7322
Sub-Saharan Africa,2003,941889898969.5752
Sub-Saharan Africa,2004,1004850153092.7372
Sub-Saharan Africa,2005,1065236363481.1389
Sub-Saharan Africa,2006,1129676696845.2249
Sub-Saharan Africa,2007,1199247321252.234
Sub-Saharan Africa,2008,1261598072360.4785
Sub-Saharan Africa,2009,1301307485720.6873
Sub-Saharan Africa,2010,1380052085614.397
Sub-Saharan Africa,2011,1441486888704.249
Sub-Saharan Africa,2012,1489570034685.0054
Sub-Saharan Africa,2013,1565862847744.1663
Sub-Saharan Africa,2014,1639917247897.283
Sub-Saharan Africa,2015,1688024093175.4858
Sub-Saharan Africa,2016,1708920026611.314
Sub-Saharan Africa,2017,1751705380186.832
Sub-Saharan Africa,2018,1800683055755.8882
Sub-Saharan Africa,2019,1847508952625.6035
Sub-Saharan Africa,2020,1787715645906.0518
Sub-Saharan Africa,2021,1853015617869.2854
Sub-Saharan Africa,2022,1928274134270.7446
Sub-Saharan Africa,2023,1980645836013.8884
Sub-Saharan Africa,2024,2051896267179.912
