region,material_group,mat_key,ssp,ratio_min,ratio_max,weight_covered
East Asia,fossil_fuels,coal,SSP1,3.8534960020961795e-4,0.16257699103386716,1
East Asia,fossil_fuels,coal,SSP2,4.173178089914348e-4,0.32963811933617404,1
East Asia,fossil_fuels,coal,SSP3,0.049340232105547735,0.7146045188476774,1
East Asia,fossil_fuels,coal,SSP5,0.05607145629287606,0.6218443276174603,1
East Asia,biomass,crops,SSP1,0.2244800725018913,0.9873513059132226,1
East Asia,biomass,crops,SSP2,0.27181090671182834,1.2516459974120198,1
East Asia,biomass,crops,SSP3,0.5598650720606915,1.1965296218388186,1
East Asia,biomass,crops,SSP5,0.26303233985071667,0.5203815932025848,1
East Asia,fossil_fuels,gas,SSP1,0.010833755887672087,0.36070213601325857,1
East Asia,fossil_fuels,gas,SSP2,0.02824047839903971,0.7552687606756651,1
East Asia,fossil_fuels,gas,SSP3,0.09461209070126612,0.739719156525103,1
East Asia,fossil_fuels,gas,SSP5,0.0458117718292325,0.7655390562902835,1
East Asia,biomass,grazed_biomass,SSP1,0.22235305106436734,0.4527398889593599,1
East Asia,biomass,grazed_biomass,SSP2,0.27432578458966594,0.6480689140775646,1
East Asia,biomass,grazed_biomass,SSP3,0.6012412059498411,0.8659161988882965,1
East Asia,biomass,grazed_biomass,SSP5,0.2923861364089491,0.4698056007334298,1
East Asia,fossil_fuels,oil,SSP1,7.730021893632014e-4,0.32599543685204546,1
East Asia,fossil_fuels,oil,SSP2,0.00930341883988205,2.916421138921359,1
East Asia,fossil_fuels,oil,SSP3,0.31373039189067803,4.735917845489138,1
East Asia,fossil_fuels,oil,SSP5,0.0702396623366819,4.584151801927382,1
East Asia,biomass,wood,SSP1,0.23336352997042226,0.5040074163545546,1
East Asia,biomass,wood,SSP2,0.2764435599107557,0.6595469633535248,1
East Asia,biomass,wood,SSP3,0.3927425433634997,0.7976315247398683,1
East Asia,biomass,wood,SSP5,0.20217491294154438,0.44993724278777436,1
Europe & Russia,fossil_fuels,coal,SSP1,4.5653652735468816e-5,0.12006665071833848,1
Europe & Russia,fossil_fuels,coal,SSP2,5.94861559704825e-7,0.9694596305027674,1
Europe & Russia,fossil_fuels,coal,SSP3,0.05641401900712474,3.844755540500741,1
Europe & Russia,fossil_fuels,coal,SSP5,0.05164128793364172,1.0830599654809896,1
Europe & Russia,biomass,crops,SSP1,0.36681474362243793,0.7188957272403343,1
Europe & Russia,biomass,crops,SSP2,0.4176591737579285,1.390537295696833,1
Europe & Russia,biomass,crops,SSP3,0.6784241519819648,1.4756816994259097,1
Europe & Russia,biomass,crops,SSP5,0.41270829595389996,0.8537966845216468,1
Europe & Russia,fossil_fuels,gas,SSP1,0.016867878597711196,0.45720433672123795,1
Europe & Russia,fossil_fuels,gas,SSP2,0.03763277382472773,1.1724672883341958,1
Europe & Russia,fossil_fuels,gas,SSP3,0.20971781861943825,2.335224047710617,1
Europe & Russia,fossil_fuels,gas,SSP5,0.1282740157490328,1.4910688174702704,1
Europe & Russia,biomass,grazed_biomass,SSP1,0.30720649997245886,0.5498638311327375,1
Europe & Russia,biomass,grazed_biomass,SSP2,0.2857679370029056,0.8956459076171382,1
Europe & Russia,biomass,grazed_biomass,SSP3,0.709983967317954,0.968976029360928,1
Europe & Russia,biomass,grazed_biomass,SSP5,0.4749319425994705,0.8793310895905754,1
Europe & Russia,fossil_fuels,oil,SSP1,0.02881214587073638,0.39306950318506784,1
Europe & Russia,fossil_fuels,oil,SSP2,0.032736509093712014,4.637183641459427,1
Europe & Russia,fossil_fuels,oil,SSP3,0.301897061685983,4.630067927860563,1
Europe & Russia,fossil_fuels,oil,SSP5,0.07665063883224897,4.135543951273977,1
Europe & Russia,biomass,wood,SSP1,0.3626605357735397,0.7525926647208132,1
Europe & Russia,biomass,wood,SSP2,0.40396212625273914,0.8705284909208287,1
Europe & Russia,biomass,wood,SSP3,0.5939072375654282,0.7189352832685941,1
Europe & Russia,biomass,wood,SSP5,0.2993579594017221,0.42853196275253486,1
Latin America,fossil_fuels,coal,SSP1,1.63351183936245e-5,0.25109481792013627,1
Latin America,fossil_fuels,coal,SSP2,8.030412362023276e-6,0.5894886391579647,1
Latin America,fossil_fuels,coal,SSP3,0.1465269556932044,0.9279937640874676,1
Latin America,fossil_fuels,coal,SSP5,0.05614122370400443,0.621736501093841,1
Latin America,biomass,crops,SSP1,0.22078042800783593,0.5817780522432312,1
Latin America,biomass,crops,SSP2,0.28004970690170655,0.9129660637349296,1
Latin America,biomass,crops,SSP3,0.4981657868346768,0.802500570153279,1
Latin America,biomass,crops,SSP5,0.27557548242447316,0.4366275700315775,1
Latin America,fossil_fuels,gas,SSP1,0.01728926495758285,0.31177776952545333,1
Latin America,fossil_fuels,gas,SSP2,0.02092491529610061,1.0813526554230155,1
Latin America,fossil_fuels,gas,SSP3,0.24394554027389825,1.96179144041701,1
Latin America,fossil_fuels,gas,SSP5,0.15918224482172671,1.2445129934929933,1
Latin America,biomass,grazed_biomass,SSP1,0.18341602168222884,0.542108670313087,1
Latin America,biomass,grazed_biomass,SSP2,0.2158600856126262,0.6410103793446434,1
Latin America,biomass,grazed_biomass,SSP3,0.5689518281975838,0.8558353178712954,1
Latin America,biomass,grazed_biomass,SSP5,0.2850770472565322,0.5004823370062089,1
Latin America,fossil_fuels,oil,SSP1,0.01039983544342759,0.2786175379028209,1
Latin America,fossil_fuels,oil,SSP2,0.00488879819661273,2.769655140843886,1
Latin America,fossil_fuels,oil,SSP3,0.31696447383857645,4.764846921401621,1
Latin America,fossil_fuels,oil,SSP5,0.08381896880563976,4.501106510333384,1
Latin America,biomass,wood,SSP1,0.20974585610749075,0.3900245391402648,1
Latin America,biomass,wood,SSP2,0.2376685113663097,0.46979377162091607,1
Latin America,biomass,wood,SSP3,0.31685553419356366,0.5367417928903992,1
Latin America,biomass,wood,SSP5,0.17218490159422714,0.32235965079544715,1
Middle East & North Africa,fossil_fuels,coal,SSP1,1.1254556725135738e-5,0.39673614904321935,1
Middle East & North Africa,fossil_fuels,coal,SSP2,7.456060753483302e-7,0.8995466101825059,1
Middle East & North Africa,fossil_fuels,coal,SSP3,0.05898775802164768,2.4649484418620413,1
Middle East & North Africa,fossil_fuels,coal,SSP5,0.04585326435593024,0.7760664905106731,1
Middle East & North Africa,biomass,crops,SSP1,0.2032423212343816,0.7179513218844593,1
Middle East & North Africa,biomass,crops,SSP2,0.261935460690309,0.8399907636348912,1
Middle East & North Africa,biomass,crops,SSP3,0.49612993179772674,0.8708832629413311,1
Middle East & North Africa,biomass,crops,SSP5,0.16368735029585724,0.5093503296968015,1
Middle East & North Africa,fossil_fuels,gas,SSP1,0.034354957257089105,0.523853729746857,1
Middle East & North Africa,fossil_fuels,gas,SSP2,0.04043276252100509,0.9947706281243396,1
Middle East & North Africa,fossil_fuels,gas,SSP3,0.5761791174244495,1.738841154627025,1
Middle East & North Africa,fossil_fuels,gas,SSP5,0.2004011751730887,1.4072348539683708,1
Middle East & North Africa,biomass,grazed_biomass,SSP1,0.20877011295419465,0.7002444549628016,1
Middle East & North Africa,biomass,grazed_biomass,SSP2,0.2676871874924062,0.745158418076189,1
Middle East & North Africa,biomass,grazed_biomass,SSP3,0.5708622846788212,0.9634306769024777,1
Middle East & North Africa,biomass,grazed_biomass,SSP5,0.21832679527217339,0.5114559682330522,1
Middle East & North Africa,fossil_fuels,oil,SSP1,0.02608757989164872,0.309858429741566,1
Middle East & North Africa,fossil_fuels,oil,SSP2,0.033359948914417875,1.0238882369833207,1
Middle East & North Africa,fossil_fuels,oil,SSP3,0.1757752736509623,1.78141209697546,1
Middle East & North Africa,fossil_fuels,oil,SSP5,0.05652997341254303,1.5301452411176593,1
Middle East & North Africa,biomass,wood,SSP1,0.04797777625321961,0.9101268608078927,1
Middle East & North Africa,biomass,wood,SSP2,0.05800109537581825,0.5505814652687528,1
Middle East & North Africa,biomass,wood,SSP3,0.12358560241612163,0.6084781402294305,1
Middle East & North Africa,biomass,wood,SSP5,0.13146985234186792,0.34617299131653984,1
North America,fossil_fuels,coal,SSP1,3.7126058650305976e-4,1.161989503434115,1
North America,fossil_fuels,coal,SSP2,9.829493696794444e-5,2.302215187069539,1
North America,fossil_fuels,coal,SSP3,0.17476765374330838,1.273617468691412,1
North America,fossil_fuels,coal,SSP5,0.06327840573264681,0.6508330373029164,1
North America,biomass,crops,SSP1,0.37858912108611087,1.3227523656755644,1
North America,biomass,crops,SSP2,0.4286273032488523,1.969963807991577,1
North America,biomass,crops,SSP3,0.7040943252552114,1.5857512300244323,1
North America,biomass,crops,SSP5,0.41095646446574113,0.7517658443927626,1
North America,fossil_fuels,gas,SSP1,5.0890720222883e-7,0.207645077830813,1
North America,fossil_fuels,gas,SSP2,5.543992393134865e-7,0.5385225578240287,1
North America,fossil_fuels,gas,SSP3,0.0879499557104382,0.7444952721387198,1
North America,fossil_fuels,gas,SSP5,0.074669690037831,0.7288264225928247,1
North America,biomass,grazed_biomass,SSP1,0.2798655782334124,0.5175459751302696,1
North America,biomass,grazed_biomass,SSP2,0.25038140611197424,0.7665798735723667,1
North America,biomass,grazed_biomass,SSP3,0.7264446793890416,1.1297031881688535,1
North America,biomass,grazed_biomass,SSP5,0.4092350220552547,0.6122743277670648,1
North America,fossil_fuels,oil,SSP1,3.579041723779176e-4,0.2256516208980077,1
North America,fossil_fuels,oil,SSP2,0.00303678586925023,1.7570284122148143,1
North America,fossil_fuels,oil,SSP3,0.1930798450884039,2.910895527140832,1
North America,fossil_fuels,oil,SSP5,0.09654790975040124,2.83676006158978,1
North America,biomass,wood,SSP1,0.4624863454351445,0.6225837645056056,1
North America,biomass,wood,SSP2,0.5151213920652327,0.8006470762263272,1
North America,biomass,wood,SSP3,0.6393841223036495,0.8550670470480642,1
North America,biomass,wood,SSP5,0.383793851456144,0.58811980703769,1
Oceania,fossil_fuels,coal,SSP1,0.0023381320047787496,0.20457422121190522,1
Oceania,fossil_fuels,coal,SSP2,0.002581859399020653,0.5188233731187076,1
Oceania,fossil_fuels,coal,SSP3,0.17087757452032254,1.2582904398261014,1
Oceania,fossil_fuels,coal,SSP5,0.0590805225813788,1.8333193546521949,1
Oceania,biomass,crops,SSP1,0.3418363167520537,3.173020228792571,1
Oceania,biomass,crops,SSP2,0.3896114722314463,3.158463444369308,1
Oceania,biomass,crops,SSP3,0.8701460670597176,2.80150126456531,1
Oceania,biomass,crops,SSP5,0.38141987259204874,1.0529609057012996,1
Oceania,fossil_fuels,gas,SSP1,0.05170146689520427,0.6106385018879755,1
Oceania,fossil_fuels,gas,SSP2,0.083877076443722845,0.9288599504167867,1
Oceania,fossil_fuels,gas,SSP3,0.28304767593980856,0.7667242547774523,1
Oceania,fossil_fuels,gas,SSP5,0.1020013034248936,0.9106516193386991,1
Oceania,biomass,grazed_biomass,SSP1,0.28258391601738064,0.5698927467038376,1
Oceania,biomass,grazed_biomass,SSP2,0.36322410921590226,0.7982441099295692,1
Oceania,biomass,grazed_biomass,SSP3,0.7835010045488717,1.2218513633027308,1
Oceania,biomass,grazed_biomass,SSP5,0.3288401019245244,0.650691510071774,1
Oceania,fossil_fuels,oil,SSP1,1.0474576389867203e-6,0.7249936262464441,1
Oceania,fossil_fuels,oil,SSP2,0.051741440167434725,2.6969968465048786,1
Oceania,fossil_fuels,oil,SSP3,0.3166019077922651,4.759421068058458,1
Oceania,fossil_fuels,oil,SSP5,0.07876403720911367,4.257181118083395,1
Oceania,biomass,wood,SSP1,0.39605222853271593,0.6743630604181466,1
Oceania,biomass,wood,SSP2,0.4960138231762962,0.7854891431049296,1
Oceania,biomass,wood,SSP3,0.7717435787734863,1.0803103157021645,1
Oceania,biomass,wood,SSP5,0.3334896348018176,0.5931786804143725,1
South Asia,fossil_fuels,coal,SSP1,1.0478433311244517e-6,0.10111761693368922,1
South Asia,fossil_fuels,coal,SSP2,6.439190979163153e-7,0.44048833080294486,1
South Asia,fossil_fuels,coal,SSP3,0.2164848922461408,0.9945013399617916,1
South Asia,fossil_fuels,coal,SSP5,0.02603291231974872,0.3392011962029209,1
South Asia,biomass,crops,SSP1,0.11220057704569264,0.3909525765213375,1
South Asia,biomass,crops,SSP2,0.1506882373492513,0.5184252812179386,1
South Asia,biomass,crops,SSP3,0.3639890775943217,0.6099841178406918,1
South Asia,biomass,crops,SSP5,0.1121975626309418,0.26574163701431613,1
South Asia,fossil_fuels,gas,SSP1,2.604605231431674e-6,0.39875459651892303,1
South Asia,fossil_fuels,gas,SSP2,2.9555038604977004e-6,1.4384371769740871,1
South Asia,fossil_fuels,gas,SSP3,0.359808736950562,1.83787239600108,1
South Asia,fossil_fuels,gas,SSP5,0.08629721798098126,1.5405367400410692,1
South Asia,biomass,grazed_biomass,SSP1,0.11462540740294648,0.41755375558692864,1
South Asia,biomass,grazed_biomass,SSP2,0.15465471717261897,0.5605987783725943,1
South Asia,biomass,grazed_biomass,SSP3,0.4041454369509793,0.7267628527197951,1
South Asia,biomass,grazed_biomass,SSP5,0.12118243381767832,0.31838166825073577,1
South Asia,fossil_fuels,oil,SSP1,0,0.12113011570156708,1
South Asia,fossil_fuels,oil,SSP2,0,2.061247763875903,1
South Asia,fossil_fuels,oil,SSP3,0.03089183723710848,3.8877175452623134,1
South Asia,fossil_fuels,oil,SSP5,0.00450938863841662,3.213905316211465,1
South Asia,biomass,wood,SSP1,0.06484674116745849,0.19359856611070136,1
South Asia,biomass,wood,SSP2,0.097825605484627,0.364444725825162,1
South Asia,biomass,wood,SSP3,0.2129811742309159,0.4591501253999152,1
South Asia,biomass,wood,SSP5,0.07193912759780478,0.25212317811075335,1
Sub-Saharan Africa,fossil_fuels,coal,SSP1,2.1258249707922377e-6,0.33016259346340965,1
Sub-Saharan Africa,fossil_fuels,coal,SSP2,2.416920481055333e-6,0.9360596208191836,1
Sub-Saharan Africa,fossil_fuels,coal,SSP3,0.0997994045068706,1.2510061646433897,1
Sub-Saharan Africa,fossil_fuels,coal,SSP5,0.02185456216143305,1.4427063785912475,1
Sub-Saharan Africa,biomass,crops,SSP1,0.13322269615936772,0.6516373712592233,1
Sub-Saharan Africa,biomass,crops,SSP2,0.20185019486121333,0.7535210371246399,1
Sub-Saharan Africa,biomass,crops,SSP3,0.4472847364828868,0.7972375151292125,1
Sub-Saharan Africa,biomass,crops,SSP5,0.12733318386892206,0.3656705443516717,1
Sub-Saharan Africa,fossil_fuels,gas,SSP1,0.03308672851834355,0.5944347834867058,1
Sub-Saharan Africa,fossil_fuels,gas,SSP2,0.02797670332481993,1.216892132423897,1
Sub-Saharan Africa,fossil_fuels,gas,SSP3,0.5602266494938406,3.447658536136696,1
Sub-Saharan Africa,fossil_fuels,gas,SSP5,0.31568546830792277,3.571008029845694,1
Sub-Saharan Africa,biomass,grazed_biomass,SSP1,0.14216260566836403,0.7763042670605167,1
Sub-Saharan Africa,biomass,grazed_biomass,SSP2,0.2088521603048957,0.8275600213430743,1
Sub-Saharan Africa,biomass,grazed_biomass,SSP3,0.4689443795719073,0.9818224478421296,1
Sub-Saharan Africa,biomass,grazed_biomass,SSP5,0.158301195049896,0.4220903566904164,1
Sub-Saharan Africa,fossil_fuels,oil,SSP1,0.00290545463852383,0.22427827022088204,1
Sub-Saharan Africa,fossil_fuels,oil,SSP2,0.00678358261569351,1.5242695740412746,1
Sub-Saharan Africa,fossil_fuels,oil,SSP3,0.10305650072436684,2.955640295677587,1
Sub-Saharan Africa,fossil_fuels,oil,SSP5,0.03313274470769324,2.3404241668838908,1
Sub-Saharan Africa,biomass,wood,SSP1,0.02493336479828657,0.24189321230222643,1
Sub-Saharan Africa,biomass,wood,SSP2,0.03547561716552444,0.3794230930839126,1
Sub-Saharan Africa,biomass,wood,SSP3,0.23281174742907348,0.43501622213874086,1
Sub-Saharan Africa,biomass,wood,SSP5,0.07057334655717074,0.17417412003030786,1
