region,fuel,energy_PJ,share,world_weight
East Asia,coal,130452.55532519998,0.6002210568099854,0.4106358092011951
East Asia,gas,28656.067296,0.13184850962517405,0.4106358092011951
East Asia,oil,58232.2284621,0.2679304335648405,0.4106358092011951
Europe & Russia,coal,21182.5553982,0.22843242072807013,0.1752007917533815
Europe & Russia,gas,32487.775056,0.3503477725233151,0.1752007917533815
Europe & Russia,oil,39059.7440715,0.42121980674861476,0.1752007917533815
Latin America,coal,1447.8975738000001,0.06992394724563637,0.039122568491918065
Latin America,gas,8589.819744,0.4148319007487667,0.039122568491918065
Latin America,oil,10669.0309542,0.5152441520055969,0.039122568491918065
Middle East & North Africa,coal,1312.2120456,0.023235177568728307,0.10670222606177894
Middle East & North Africa,gas,25468.49592,0.45096753005269957,0.10670222606177894
Middle East & North Africa,oil,29694.5241138,0.5257972923785722,0.10670222606177894
North America,coal,11772.324699,0.13892310944335165,0.16010437236128297
North America,gas,32611.866144,0.38484683062298586,0.16010437236128297
North America,oil,40355.6681061,0.47623005993366246,0.16010437236128297
Oceania,coal,2474.1314028,0.48967649596479107,0.009546165479841232
Oceania,gas,1673.462544,0.3312092776264264,0.009546165479841232
Oceania,oil,904.9895918999998,0.1791142264087826,0.009546165479841232
South Asia,coal,29459.407938599998,0.6628078637172207,0.08397534903881329
South Asia,gas,3458.388912,0.07781036779298484,0.08397534903881329
South Asia,oil,11528.579771100001,0.25938176848979444,0.08397534903881329
Sub-Saharan Africa,coal,4549.949866800001,0.5842909608035054,0.014712717611789045
Sub-Saharan Africa,gas,1138.386912,0.14618824427760516,0.014712717611789045
Sub-Saharan Africa,oil,2098.7935586999997,0.2695207949188894,0.014712717611789045
