scen_id,model,family,ssp,marker,fossil_index_world,t_2060
AIM 3.0 | High | SSP3,AIM 3.0,High,SSP3,FALSE,0.3872131501126658,2.2104
AIM 3.0 | High | SSP5,AIM 3.0,High,SSP5,FALSE,0.35709073414208226,2.4014
AIM 3.0 | Low | SSP2,AIM 3.0,Low,SSP2,FALSE,0.11051480995296604,1.849
AIM 3.0 | Low-to-Negative | SSP2,AIM 3.0,Low-to-Negative,SSP2,TRUE,0.10840044165566982,1.8594
AIM 3.0 | Medium | SSP1,AIM 3.0,Medium,SSP1,FALSE,0.17432487116530626,2.0593
AIM 3.0 | Medium | SSP2,AIM 3.0,Medium,SSP2,FALSE,0.23568490097391795,2.226
AIM 3.0 | Medium-to-Low | SSP2,AIM 3.0,Medium-to-Low,SSP2,FALSE,0.21486581272647026,2.1971
AIM 3.0 | Very Low | SSP1,AIM 3.0,Very Low,SSP1,FALSE,0.06355471781939685,1.6157
AIM 3.0 | Very Low | SSP2,AIM 3.0,Very Low,SSP2,FALSE,0.07341856354847787,1.6294
GCAM 8s | High | SSP3,GCAM 8s,High,SSP3,TRUE,1.8589759812450353,2.2908
GCAM 8s | High | SSP5,GCAM 8s,High,SSP5,FALSE,1.681593858729186,2.3354
GCAM 8s | High-to-Low | SSP5,GCAM 8s,High-to-Low,SSP5,FALSE,1.681593858729186,2.335
GCAM 8s | Low | SSP2,GCAM 8s,Low,SSP2,FALSE,0.29215700609593814,1.7741
GCAM 8s | Low-to-Negative | SSP2,GCAM 8s,Low-to-Negative,SSP2,FALSE,0.2306159283603563,1.7119
GCAM 8s | Medium | SSP2,GCAM 8s,Medium,SSP2,FALSE,1.27052493983179,2.0689
GCAM 8s | Medium-to-Low | SSP2,GCAM 8s,Medium-to-Low,SSP2,FALSE,0.501047643804545,2.0065
MESSAGEix-GLOBIOM-GAINS 2.1-M-R12 | High | SSP3,MESSAGEix-GLOBIOM-GAINS 2.1-M-R12,High,SSP3,FALSE,0.6322496147535444,2.2006
MESSAGEix-GLOBIOM-GAINS 2.1-M-R12 | High | SSP5,MESSAGEix-GLOBIOM-GAINS 2.1-M-R12,High,SSP5,FALSE,0.34472760242967443,2.3355
MESSAGEix-GLOBIOM-GAINS 2.1-M-R12 | High-to-Low | SSP3,MESSAGEix-GLOBIOM-GAINS 2.1-M-R12,High-to-Low,SSP3,FALSE,0.6322496147535444,2.1971
MESSAGEix-GLOBIOM-GAINS 2.1-M-R12 | High-to-Low | SSP5,MESSAGEix-GLOBIOM-GAINS 2.1-M-R12,High-to-Low,SSP5,FALSE,0.34472760242967443,2.3334
MESSAGEix-GLOBIOM-GAINS 2.1-M-R12 | Low | SSP1,MESSAGEix-GLOBIOM-GAINS 2.1-M-R12,Low,SSP1,FALSE,0.06398209990214701,1.8512
MESSAGEix-GLOBIOM-GAINS 2.1-M-R12 | Low | SSP2,MESSAGEix-GLOBIOM-GAINS 2.1-M-R12,Low,SSP2,TRUE,0.11048771670396201,1.8011
MESSAGEix-GLOBIOM-GAINS 2.1-M-R12 | Low-to-Negative | SSP2,MESSAGEix-GLOBIOM-GAINS 2.1-M-R12,Low-to-Negative,SSP2,FALSE,0.09433751446295674,1.8303
MESSAGEix-GLOBIOM-GAINS 2.1-M-R12 | Low-to-Negative | SSP4,MESSAGEix-GLOBIOM-GAINS 2.1-M-R12,Low-to-Negative,SSP4,FALSE,0.17757139756688106,1.8909
MESSAGEix-GLOBIOM-GAINS 2.1-M-R12 | Low-to-Negative | SSP5,MESSAGEix-GLOBIOM-GAINS 2.1-M-R12,Low-to-Negative,SSP5,FALSE,0.11484560520561649,1.9241
MESSAGEix-GLOBIOM-GAINS 2.1-M-R12 | Medium | SSP2,MESSAGEix-GLOBIOM-GAINS 2.1-M-R12,Medium,SSP2,FALSE,0.21713826371226752,2.0741
MESSAGEix-GLOBIOM-GAINS 2.1-M-R12 | Medium-to-Low | SSP2,MESSAGEix-GLOBIOM-GAINS 2.1-M-R12,Medium-to-Low,SSP2,FALSE,0.19235196904278776,2.0058
MESSAGEix-GLOBIOM-GAINS 2.1-M-R12 | Very Low | SSP1,MESSAGEix-GLOBIOM-GAINS 2.1-M-R12,Very Low,SSP1,FALSE,0.04119994883793673,1.6655
MESSAGEix-GLOBIOM-GAINS 2.1-M-R12 | Very Low | SSP2,MESSAGEix-GLOBIOM-GAINS 2.1-M-R12,Very Low,SSP2,FALSE,0.03880190342964004,1.6509
REMIND-MAgPIE 3.5-4.11 | High | SSP2,REMIND-MAgPIE 3.5-4.11,High,SSP2,FALSE,0.5499015528467021,2.2358
REMIND-MAgPIE 3.5-4.11 | High | SSP3,REMIND-MAgPIE 3.5-4.11,High,SSP3,FALSE,0.8347546526097144,2.3014
REMIND-MAgPIE 3.5-4.11 | Low | SSP1,REMIND-MAgPIE 3.5-4.11,Low,SSP1,FALSE,0.11653392819099338,1.8007
REMIND-MAgPIE 3.5-4.11 | Low | SSP2,REMIND-MAgPIE 3.5-4.11,Low,SSP2,FALSE,0.12791838180120543,1.7868
REMIND-MAgPIE 3.5-4.11 | Low-to-Negative | SSP2,REMIND-MAgPIE 3.5-4.11,Low-to-Negative,SSP2,FALSE,0.17013225929907966,1.8596
REMIND-MAgPIE 3.5-4.11 | Medium | SSP1,REMIND-MAgPIE 3.5-4.11,Medium,SSP1,FALSE,0.22322374623629154,1.9354
REMIND-MAgPIE 3.5-4.11 | Medium | SSP2,REMIND-MAgPIE 3.5-4.11,Medium,SSP2,FALSE,0.3388753249899661,2.029
REMIND-MAgPIE 3.5-4.11 | Medium | SSP3,REMIND-MAgPIE 3.5-4.11,Medium,SSP3,FALSE,0.551361014071738,2.1519
REMIND-MAgPIE 3.5-4.11 | Medium-to-Low | SSP1,REMIND-MAgPIE 3.5-4.11,Medium-to-Low,SSP1,FALSE,0.1779039914105124,1.9234
REMIND-MAgPIE 3.5-4.11 | Medium-to-Low | SSP2,REMIND-MAgPIE 3.5-4.11,Medium-to-Low,SSP2,FALSE,0.24686035861998476,1.9868
REMIND-MAgPIE 3.5-4.11 | Medium-to-Low | SSP3,REMIND-MAgPIE 3.5-4.11,Medium-to-Low,SSP3,FALSE,0.3127842403476436,2.0844
REMIND-MAgPIE 3.5-4.11 | Very Low | SSP1,REMIND-MAgPIE 3.5-4.11,Very Low,SSP1,TRUE,0.012673898520768091,1.6249
REMIND-MAgPIE 3.5-4.11 | Very Low | SSP2,REMIND-MAgPIE 3.5-4.11,Very Low,SSP2,FALSE,0.0300827002784757,1.633
WITCH 6.0 | High | SSP5,WITCH 6.0,High,SSP5,FALSE,0.44189371351287476,2.3215
WITCH 6.0 | High-to-Low | SSP5,WITCH 6.0,High-to-Low,SSP5,TRUE,0.44189371351287476,2.3216
WITCH 6.0 | Low | SSP2,WITCH 6.0,Low,SSP2,FALSE,0.17748159901145893,1.7169
WITCH 6.0 | Low-to-Negative | SSP1,WITCH 6.0,Low-to-Negative,SSP1,FALSE,0.12324526510177686,1.7816
WITCH 6.0 | Medium | SSP2,WITCH 6.0,Medium,SSP2,FALSE,0.5171684106001073,2.0283
WITCH 6.0 | Medium-to-Low | SSP2,WITCH 6.0,Medium-to-Low,SSP2,FALSE,0.3950540915476262,1.9354
WITCH 6.0 | Very Low | SSP2,WITCH 6.0,Very Low,SSP2,FALSE,0.09285637595812785,1.551
