material,region,sub_use,carve_Mt,stock_Mt,remaining_Mt,carve_share
Metal_Fe,East Asia,civil_engineering,316.6018719736283,3778.404678635454,3461.8028066618253,0.08379247298835311
Metal_NonFe,East Asia,civil_engineering,40.81829457694283,148.7130088476225,107.89471427067966,0.27447695997306426
Non-metallic minerals,East Asia,civil_engineering,5529.391914040254,80886.569368946,75357.17745490574,0.06835982731347115
Metal_Fe,Europe & Russia,civil_engineering,137.1982793554268,1976.2038800799469,1839.00560072452,0.06942516444703897
Metal_NonFe,Europe & Russia,civil_engineering,14.958249472865534,303.3934154433101,288.4351659704446,0.04930314473374101
Non-metallic minerals,Europe & Russia,civil_engineering,2528.8780255406937,99291.87553111326,96762.99750557257,0.025469133421175693
Metal_Fe,Latin America,civil_engineering,40.346537729632,299.7185036188656,259.3719658892336,0.13461477100172073
Metal_NonFe,Latin America,civil_engineering,4.1442588297016005,183.41219624003415,179.26793741033254,0.02259532852590648
Non-metallic minerals,Latin America,civil_engineering,1885.665540804777,19423.12877974377,17537.46323893899,0.09708351121943459
Metal_Fe,Middle East & North Africa,civil_engineering,36.969174255086784,430.6619566271566,393.6927823720698,0.08584267471550235
Metal_NonFe,Middle East & North Africa,civil_engineering,3.0326085301554975,19.24821692557443,16.215608395418933,0.15755269913475348
Non-metallic minerals,Middle East & North Africa,civil_engineering,434.6086542992357,22962.178409191427,22527.569754892193,0.01892715257909799
Metal_Fe,North America,civil_engineering,95.32631294958465,659.148504705363,563.8221917557784,0.1446203886819028
Metal_NonFe,North America,civil_engineering,10.020745262833135,371.8561299749973,361.83538471216417,0.02694790929897244
Non-metallic minerals,North America,civil_engineering,1534.9440710958386,66028.30308668897,64493.35901559314,0.0232467593341086
Metal_Fe,Oceania,civil_engineering,8.03001272625432,60.331519750569875,52.301507024315555,0.13309813443210122
Metal_NonFe,Oceania,civil_engineering,1.4110878549927681,26.283624863730275,24.872537008737506,0.05368695765171947
Non-metallic minerals,Oceania,civil_engineering,118.56622482272809,2160.345997586365,2041.7797727636366,0.05488297937237627
Metal_Fe,South Asia,civil_engineering,36.48992058432416,326.72504883420817,290.235128249884,0.11168387827784956
Metal_NonFe,South Asia,civil_engineering,4.8733125089986205,6.146565265921856,1.2732527569232355,0.7928513402464825
Non-metallic minerals,South Asia,civil_engineering,555.6312832594004,16503.855192420826,15948.223909161425,0.03366675705653105
Metal_Fe,Sub-Saharan Africa,civil_engineering,7.008792239983338,64.99372317027814,57.98493093029481,0.10783798647172259
Metal_NonFe,Sub-Saharan Africa,civil_engineering,0.5016540136562357,97.46168166877344,96.9600276551172,0.005147192261273744
Non-metallic minerals,Sub-Saharan Africa,civil_engineering,208.0622732637626,5665.366429860771,5457.304156597008,0.03672529850269117
