colour_by,group,panel,unit,key,N,end_min,end_max,delta_min,delta_max,pct_peak_15,pct_peak_20
ssp,forcing,33rd percentile,W/m²,All Runs,68,2.7379,4.7564,-0.04970000000000008,1.9595000000000002,NA,NA
ssp,forcing,33rd percentile,W/m²,SSP1,15,2.7379,3.9553,-0.04970000000000008,1.1442999999999999,NA,NA
ssp,forcing,33rd percentile,W/m²,SSP2,34,2.8048,4.382,0.03160000000000007,1.6103999999999998,NA,NA
ssp,forcing,33rd percentile,W/m²,SSP3,8,4.0017,4.7256,1.2316999999999996,1.9527999999999999,NA,NA
ssp,forcing,33rd percentile,W/m²,SSP4,1,3.5303,3.5303,0.7061000000000002,0.7061000000000002,NA,NA
ssp,forcing,33rd percentile,W/m²,SSP5,10,3.5945,4.7564,0.7683,1.9595000000000002,NA,NA
ssp,forcing,Median,W/m²,All Runs,68,2.8534,4.8975,-0.05719999999999992,1.9907000000000004,NA,NA
ssp,forcing,Median,W/m²,SSP1,15,2.8534,4.0962,-0.05719999999999992,1.1658999999999997,NA,NA
ssp,forcing,Median,W/m²,SSP2,34,2.9218,4.5266,0.022299999999999986,1.6327000000000003,NA,NA
ssp,forcing,Median,W/m²,SSP3,8,4.1314,4.8878,1.2387000000000001,1.9907000000000004,NA,NA
ssp,forcing,Median,W/m²,SSP4,1,3.65,3.65,0.7098999999999998,0.7098999999999998,NA,NA
ssp,forcing,Median,W/m²,SSP5,10,3.7245,4.8975,0.7826999999999997,1.9787,NA,NA
ssp,forcing,67th percentile,W/m²,All Runs,68,2.968,5.0943,-0.0838000000000001,2.0548999999999995,NA,NA
ssp,forcing,67th percentile,W/m²,SSP1,15,2.968,4.2248,-0.0838000000000001,1.1602000000000001,NA,NA
ssp,forcing,67th percentile,W/m²,SSP2,34,3.0283,4.6805,-0.0038999999999997925,1.6424000000000003,NA,NA
ssp,forcing,67th percentile,W/m²,SSP3,8,4.2556,5.0943,1.2188000000000003,2.0548999999999995,NA,NA
ssp,forcing,67th percentile,W/m²,SSP4,1,3.7598,3.7598,0.6882999999999999,0.6882999999999999,NA,NA
ssp,forcing,67th percentile,W/m²,SSP5,10,3.8389,5.0606,0.7663000000000002,2.005,NA,NA
ssp,temperature,33rd percentile,°C vs 1850–1900,All Runs,68,1.4097,2.2431,0.1511,0.9852000000000001,100,27.941176470588236
ssp,temperature,33rd percentile,°C vs 1850–1900,SSP1,15,1.4097,1.9106,0.1511,0.6492,100,0
ssp,temperature,33rd percentile,°C vs 1850–1900,SSP2,34,1.4277,2.0824,0.17320000000000002,0.8263999999999998,100,8.823529411764707
ssp,temperature,33rd percentile,°C vs 1850–1900,SSP3,8,1.9346,2.2371,0.6788000000000001,0.9806999999999999,100,87.5
ssp,temperature,33rd percentile,°C vs 1850–1900,SSP4,1,1.7514,1.7514,0.4883000000000002,0.4883000000000002,100,0
ssp,temperature,33rd percentile,°C vs 1850–1900,SSP5,10,1.7697,2.2431,0.5061,0.9852000000000001,100,90
ssp,temperature,Median,°C vs 1850–1900,All Runs,68,1.5344,2.4181,0.21700000000000008,1.1014,100,47.05882352941176
ssp,temperature,Median,°C vs 1850–1900,SSP1,15,1.5344,2.0593,0.21700000000000008,0.7378,100,13.333333333333334
ssp,temperature,Median,°C vs 1850–1900,SSP2,34,1.551,2.2358,0.23529999999999984,0.9208999999999998,100,38.23529411764706
ssp,temperature,Median,°C vs 1850–1900,SSP3,8,2.0844,2.3837,0.7696000000000001,1.0685000000000002,100,100
ssp,temperature,Median,°C vs 1850–1900,SSP4,1,1.8909,1.8909,0.5669,0.5669,100,0
ssp,temperature,Median,°C vs 1850–1900,SSP5,10,1.9241,2.4181,0.5994999999999999,1.1014,100,90
ssp,temperature,67th percentile,°C vs 1850–1900,All Runs,68,1.6656,2.5989,0.27760000000000007,1.2114,100,61.76470588235294
ssp,temperature,67th percentile,°C vs 1850–1900,SSP1,15,1.6656,2.2152,0.27760000000000007,0.8225999999999998,100,40
ssp,temperature,67th percentile,°C vs 1850–1900,SSP2,34,1.6834,2.4017,0.2994000000000001,1.017,100,50
ssp,temperature,67th percentile,°C vs 1850–1900,SSP3,8,2.2476,2.56,0.8629999999999998,1.1742000000000001,100,100
ssp,temperature,67th percentile,°C vs 1850–1900,SSP4,1,2.0373,2.0373,0.6411,0.6411,100,100
ssp,temperature,67th percentile,°C vs 1850–1900,SSP5,10,2.0758,2.5989,0.6789000000000001,1.2114,100,100
ssp,emissions,CO₂,Gt CO₂/yr,All Runs,68,-7.26596111968462,63.689003886514094,-51.02742787638621,21.27376914202968,NA,NA
ssp,emissions,CO₂,Gt CO₂/yr,SSP1,15,-5.074392609343624,26.027913322712806,-48.539411750648064,-17.725308735453332,NA,NA
ssp,emissions,CO₂,Gt CO₂/yr,SSP2,34,-7.26596111968462,46.53765377520649,-51.02742787638621,4.122419030722078,NA,NA
ssp,emissions,CO₂,Gt CO₂/yr,SSP3,8,20.905795291178265,63.689003886514094,-21.50943945330615,21.27376914202968,NA,NA
ssp,emissions,CO₂,Gt CO₂/yr,SSP4,1,2.925592280944533,2.925592280944533,-39.81576482460757,-39.81576482460757,NA,NA
ssp,emissions,CO₂,Gt CO₂/yr,SSP5,10,6.349680634215531,59.58703495340715,-36.36380137348475,16.859958987881406,NA,NA
ssp,emissions,CH₄,Mt CH₄/yr,All Runs,68,104.0456579003115,583.7312436040495,-261.13082505156194,221.3217343437073,NA,NA
ssp,emissions,CH₄,Mt CH₄/yr,SSP1,15,104.0456579003115,359.5230736199878,-261.13082505156194,-13.359560190018101,NA,NA
ssp,emissions,CH₄,Mt CH₄/yr,SSP2,34,123.813240500703,438.5640359415215,-238.48854334142072,65.01527638095195,NA,NA
ssp,emissions,CH₄,Mt CH₄/yr,SSP3,8,247.2424024652135,525.1156715662332,-115.80120176638695,161.2689455473377,NA,NA
ssp,emissions,CH₄,Mt CH₄/yr,SSP4,1,264.829666684412,264.829666684412,-98.71641783554048,-98.71641783554048,NA,NA
ssp,emissions,CH₄,Mt CH₄/yr,SSP5,10,239.93362990043855,583.7312436040495,-123.9310661731154,221.3217343437073,NA,NA
ssp,emissions,N₂O,kt N₂O/yr,All Runs,68,4880.482459292976,17835.58699628585,-6654.704934145375,6300.399602847498,NA,NA
ssp,emissions,N₂O,kt N₂O/yr,SSP1,15,4880.482459292976,13863.736758022866,-6654.704934145375,2447.8500804929154,NA,NA
ssp,emissions,N₂O,kt N₂O/yr,SSP2,34,5081.631806687589,14490.177970451205,-6453.555586750762,2954.9905770128535,NA,NA
ssp,emissions,N₂O,kt N₂O/yr,SSP3,8,12800.511375180424,17835.58699628585,1385.6906729146594,6300.399602847498,NA,NA
ssp,emissions,N₂O,kt N₂O/yr,SSP4,1,10213.6209167437,10213.6209167437,-1201.599907742695,-1201.599907742695,NA,NA
ssp,emissions,N₂O,kt N₂O/yr,SSP5,10,9559.97074652495,16017.047475945496,-1836.8757875265092,4586.963169548955,NA,NA
ssp,emissions,Kyoto gases (AR6 GWP100),Gt CO₂-eq/yr,All Runs,68,-0.8672624406194734,83.77447478676314,-59.983689980180245,26.04056247431398,NA,NA
ssp,emissions,Kyoto gases (AR6 GWP100),Gt CO₂-eq/yr,SSP1,15,1.891684556943992,43.30228965658827,-56.835333933365106,-15.9633358596827,NA,NA
ssp,emissions,Kyoto gases (AR6 GWP100),Gt CO₂-eq/yr,SSP2,34,-0.8672624406194734,64.10954961866464,-59.983689980180245,6.434448899392912,NA,NA
ssp,emissions,Kyoto gases (AR6 GWP100),Gt CO₂-eq/yr,SSP3,8,32.34909170642186,83.77447478676314,-25.31390282643931,26.04056247431398,NA,NA
ssp,emissions,Kyoto gases (AR6 GWP100),Gt CO₂-eq/yr,SSP4,1,14.604773462500903,14.604773462500903,-43.432418144171024,-43.432418144171024,NA,NA
ssp,emissions,Kyoto gases (AR6 GWP100),Gt CO₂-eq/yr,SSP5,10,17.67079351056534,81.51403984085297,-40.34123180140447,23.496343175882245,NA,NA
family,forcing,33rd percentile,W/m²,All Runs,68,2.7379,4.7564,-0.04970000000000008,1.9595000000000002,NA,NA
family,forcing,33rd percentile,W/m²,Very Low,11,2.7379,3.0458,-0.04970000000000008,0.23819999999999997,NA,NA
family,forcing,33rd percentile,W/m²,Low-to-Negative,10,3.1345,3.5945,0.3229000000000002,0.7683,NA,NA
family,forcing,33rd percentile,W/m²,Low,10,3.1534,3.4447,0.37219999999999986,0.6265000000000001,NA,NA
family,forcing,33rd percentile,W/m²,Medium-to-Low,10,3.6239,4.2867,0.8556999999999997,1.5107999999999997,NA,NA
family,forcing,33rd percentile,W/m²,Medium,11,3.6756,4.3534,0.9074,1.5668999999999995,NA,NA
family,forcing,33rd percentile,W/m²,High-to-Low,5,4.2891,4.703,1.4687000000000006,1.9200000000000004,NA,NA
family,forcing,33rd percentile,W/m²,High,11,4.2925,4.7564,1.4720000000000004,1.9595000000000002,NA,NA
family,forcing,Median,W/m²,All Runs,68,2.8534,4.8975,-0.05719999999999992,1.9907000000000004,NA,NA
family,forcing,Median,W/m²,Very Low,11,2.8534,3.1613,-0.05719999999999992,0.2301000000000002,NA,NA
family,forcing,Median,W/m²,Low-to-Negative,10,3.2595,3.7245,0.3246000000000002,0.7826999999999997,NA,NA
family,forcing,Median,W/m²,Low,10,3.2892,3.572,0.38450000000000006,0.6289000000000002,NA,NA
family,forcing,Median,W/m²,Medium-to-Low,10,3.7286,4.4071,0.8379000000000003,1.5072999999999999,NA,NA
family,forcing,Median,W/m²,Medium,11,3.7761,4.4781,0.8854000000000002,1.5672000000000006,NA,NA
family,forcing,Median,W/m²,High-to-Low,5,4.4474,4.8573,1.5108000000000001,1.9512000000000005,NA,NA
family,forcing,Median,W/m²,High,11,4.4525,4.8975,1.5157999999999996,1.9907000000000004,NA,NA
family,forcing,67th percentile,W/m²,All Runs,68,2.968,5.0943,-0.0838000000000001,2.0548999999999995,NA,NA
family,forcing,67th percentile,W/m²,Very Low,11,2.968,3.2686,-0.0838000000000001,0.1987000000000001,NA,NA
family,forcing,67th percentile,W/m²,Low-to-Negative,10,3.3797,3.8389,0.30810000000000004,0.7663000000000002,NA,NA
family,forcing,67th percentile,W/m²,Low,10,3.412,3.6853,0.36529999999999996,0.6145999999999998,NA,NA
family,forcing,67th percentile,W/m²,Medium-to-Low,10,3.8611,4.5388,0.8260000000000001,1.4975,NA,NA
family,forcing,67th percentile,W/m²,Medium,11,3.9121,4.6239,0.8770000000000002,1.5756000000000001,NA,NA
family,forcing,67th percentile,W/m²,High-to-Low,5,4.6061,5.0132,1.5385999999999997,1.9648000000000003,NA,NA
family,forcing,67th percentile,W/m²,High,11,4.6106,5.0943,1.5429,2.0548999999999995,NA,NA
family,temperature,33rd percentile,°C vs 1850–1900,All Runs,68,1.4097,2.2431,0.1511,0.9852000000000001,100,27.941176470588236
family,temperature,33rd percentile,°C vs 1850–1900,Very Low,11,1.4097,1.5356,0.1511,0.27300000000000013,100,0
family,temperature,33rd percentile,°C vs 1850–1900,Low-to-Negative,10,1.5793,1.7697,0.31699999999999995,0.5061,100,0
family,temperature,33rd percentile,°C vs 1850–1900,Low,10,1.5887,1.7054,0.33099999999999996,0.44290000000000007,100,0
family,temperature,33rd percentile,°C vs 1850–1900,Medium-to-Low,10,1.7658,2.0398,0.5103,0.7843,100,10
family,temperature,33rd percentile,°C vs 1850–1900,Medium,11,1.7825,2.0661,0.5269999999999999,0.8089999999999999,100,18.181818181818183
family,temperature,33rd percentile,°C vs 1850–1900,High-to-Low,5,2.0534,2.2302,0.7907,0.9723999999999999,100,100
family,temperature,33rd percentile,°C vs 1850–1900,High,11,2.056,2.2431,0.7933000000000001,0.9852000000000001,100,100
family,temperature,Median,°C vs 1850–1900,All Runs,68,1.5344,2.4181,0.21700000000000008,1.1014,100,47.05882352941176
family,temperature,Median,°C vs 1850–1900,Very Low,11,1.5344,1.668,0.21700000000000008,0.3457999999999999,100,0
family,temperature,Median,°C vs 1850–1900,Low-to-Negative,10,1.7119,1.9241,0.3891,0.5994999999999999,100,0
family,temperature,Median,°C vs 1850–1900,Low,10,1.7167,1.8512,0.4001999999999999,0.5267,100,0
family,temperature,Median,°C vs 1850–1900,Medium-to-Low,10,1.9234,2.1971,0.6088,0.8813999999999997,100,60
family,temperature,Median,°C vs 1850–1900,Medium,11,1.9354,2.226,0.6208,0.9085000000000001,100,90.9090909090909
family,temperature,Median,°C vs 1850–1900,High-to-Low,5,2.1971,2.4061,0.8735999999999999,1.0894,100,100
family,temperature,Median,°C vs 1850–1900,High,11,2.2006,2.4181,0.877,1.1014,100,100
family,temperature,67th percentile,°C vs 1850–1900,All Runs,68,1.6656,2.5989,0.27760000000000007,1.2114,100,61.76470588235294
family,temperature,67th percentile,°C vs 1850–1900,Very Low,11,1.6656,1.8064,0.27760000000000007,0.41000000000000014,100,0
family,temperature,67th percentile,°C vs 1850–1900,Low-to-Negative,10,1.8547,2.0758,0.4599,0.6789000000000001,100,50
family,temperature,67th percentile,°C vs 1850–1900,Low,10,1.8564,1.9953,0.4728000000000001,0.5988,100,0
family,temperature,67th percentile,°C vs 1850–1900,Medium-to-Low,10,2.0664,2.3692,0.6821999999999997,0.9834000000000003,100,100
family,temperature,67th percentile,°C vs 1850–1900,Medium,11,2.0812,2.3942,0.6969999999999998,1.0070000000000001,100,100
family,temperature,67th percentile,°C vs 1850–1900,High-to-Low,5,2.3542,2.5873,0.9591000000000001,1.1998,100,100
family,temperature,67th percentile,°C vs 1850–1900,High,11,2.3602,2.5989,0.9649999999999999,1.2114,100,100
family,emissions,CO₂,Gt CO₂/yr,All Runs,68,-7.26596111968462,63.689003886514094,-51.02742787638621,21.27376914202968,NA,NA
family,emissions,CO₂,Gt CO₂/yr,Very Low,11,-7.26596111968462,-0.7762078735742203,-51.02742787638621,-44.168480970181605,NA,NA
family,emissions,CO₂,Gt CO₂/yr,Low-to-Negative,10,-6.128966508283384,6.349680634215531,-49.616425558034784,-36.36380137348475,NA,NA
family,emissions,CO₂,Gt CO₂/yr,Low,10,0.9040651391210786,10.549626245597352,-42.582809803902066,-32.4345395770272,NA,NA
family,emissions,CO₂,Gt CO₂/yr,Medium-to-Low,10,13.670092522193492,34.30085266405635,-29.787907554789996,-9.460502091315853,NA,NA
family,emissions,CO₂,Gt CO₂/yr,Medium,11,19.398076009765045,47.031358183311255,-24.088649357268853,4.61612343882684,NA,NA
family,emissions,CO₂,Gt CO₂/yr,High-to-Low,5,46.27403816843002,59.58703495340715,2.589435571273583,16.711573705260406,NA,NA
family,emissions,CO₂,Gt CO₂/yr,High,11,42.214951503123814,63.689003886514094,-1.5364981092011476,21.27376914202968,NA,NA
family,emissions,CH₄,Mt CH₄/yr,All Runs,68,104.0456579003115,583.7312436040495,-261.13082505156194,221.3217343437073,NA,NA
family,emissions,CH₄,Mt CH₄/yr,Very Low,11,104.0456579003115,209.4721270600252,-261.13082505156194,-148.54684118213075,NA,NA
family,emissions,CH₄,Mt CH₄/yr,Low-to-Negative,10,153.82155750223887,264.829666684412,-211.2348676554804,-98.71641783554048,NA,NA
family,emissions,CH₄,Mt CH₄/yr,Low,10,165.17363567397024,232.0342787457292,-200.04258734435285,-125.87089341958469,NA,NA
family,emissions,CH₄,Mt CH₄/yr,Medium-to-Low,10,212.61918294961512,350.170602760451,-150.42442128198533,-23.57412436436755,NA,NA
family,emissions,CH₄,Mt CH₄/yr,Medium,11,257.59982231973447,438.5640359415215,-105.44378191186598,65.01527638095195,NA,NA
family,emissions,CH₄,Mt CH₄/yr,High-to-Low,5,410.29591103686425,583.1752122516186,40.96523180529175,220.71795541341982,NA,NA
family,emissions,CH₄,Mt CH₄/yr,High,11,350.52387754510096,583.7312436040495,-12.519726686499496,221.3217343437073,NA,NA
family,emissions,N₂O,kt N₂O/yr,All Runs,68,4880.482459292976,17835.58699628585,-6654.704934145375,6300.399602847498,NA,NA
family,emissions,N₂O,kt N₂O/yr,Very Low,11,4880.482459292976,11561.877865760598,-6654.704934145375,254.38337539882195,NA,NA
family,emissions,N₂O,kt N₂O/yr,Low-to-Negative,10,7499.413981188214,10701.461005448597,-3852.2723122410916,-823.4793378079339,NA,NA
family,emissions,N₂O,kt N₂O/yr,Low,10,7055.150589108906,11338.139087942276,-4480.036804329445,-186.34594404899508,NA,NA
family,emissions,N₂O,kt N₂O/yr,Medium-to-Low,10,7933.249361133881,13272.762801859812,-3601.9380323044697,1748.9907101644676,NA,NA
family,emissions,N₂O,kt N₂O/yr,Medium,11,9504.20716901536,17103.977912689345,-2030.9802244229904,5568.790519250993,NA,NA
family,emissions,N₂O,kt N₂O/yr,High-to-Low,5,12261.528247587095,15886.357464638506,864.6817135356359,4323.441375071807,NA,NA
family,emissions,N₂O,kt N₂O/yr,High,11,12476.879855195117,17835.58699628585,1080.0333211436573,6300.399602847498,NA,NA
family,emissions,Kyoto gases (AR6 GWP100),Gt CO₂-eq/yr,All Runs,68,-0.8672624406194734,83.77447478676314,-59.983689980180245,26.04056247431398,NA,NA
family,emissions,Kyoto gases (AR6 GWP100),Gt CO₂-eq/yr,Very Low,11,-0.8672624406194734,6.110611031431862,-59.983689980180245,-52.17424197336601,NA,NA
family,emissions,Kyoto gases (AR6 GWP100),Gt CO₂-eq/yr,Low-to-Negative,10,1.891684556943992,17.67079351056534,-56.835333933365106,-40.34123180140447,NA,NA
family,emissions,Kyoto gases (AR6 GWP100),Gt CO₂-eq/yr,Low,10,10.388650940305311,19.557144022567684,-47.89128273058658,-38.96784947893896,NA,NA
family,emissions,Kyoto gases (AR6 GWP100),Gt CO₂-eq/yr,Medium-to-Low,10,23.756047284807785,48.14808514327259,-34.963964146314424,-11.104332992918025,NA,NA
family,emissions,Kyoto gases (AR6 GWP100),Gt CO₂-eq/yr,Medium,11,31.984962506476613,64.79139165191796,-26.768710326957702,7.11629093264623,NA,NA
family,emissions,Kyoto gases (AR6 GWP100),Gt CO₂-eq/yr,High-to-Low,5,66.38779074584261,81.30117125223138,7.996484391663941,23.286202938400564,NA,NA
family,emissions,Kyoto gases (AR6 GWP100),Gt CO₂-eq/yr,High,11,62.43496200633479,83.77447478676314,3.1842395272182884,26.04056247431398,NA,NA
