"year","group","g"
1970,"Ferrous",0.607155053527005
1970,"Non-ferrous",0.0211520773192476
1971,"Ferrous",0.607155053527005
1971,"Non-ferrous",0.0211520773192476
1972,"Ferrous",0.649981264891892
1972,"Non-ferrous",0.0213075414250564
1973,"Ferrous",0.657592294515092
1973,"Non-ferrous",0.0230948743743579
1974,"Ferrous",0.62621801756421
1974,"Non-ferrous",0.0232610479243612
1975,"Ferrous",0.564580918257136
1975,"Non-ferrous",0.02160003501944
1976,"Ferrous",0.587891282759173
1976,"Non-ferrous",0.0217182833733092
1977,"Ferrous",0.620675067564469
1977,"Non-ferrous",0.0215850322993857
1978,"Ferrous",0.686520241268376
1978,"Non-ferrous",0.0226502506742775
1979,"Ferrous",0.667999188386643
1979,"Non-ferrous",0.0232271638343314
1980,"Ferrous",0.612760566751001
1980,"Non-ferrous",0.0212097837485123
1981,"Ferrous",0.645302174021529
1981,"Non-ferrous",0.0195820256493893
1982,"Ferrous",0.58087049785508
1982,"Non-ferrous",0.016808577398164
1983,"Ferrous",0.637031463625395
1983,"Non-ferrous",0.016602490267569
1984,"Ferrous",0.591485785582146
1984,"Non-ferrous",0.0169423721367002
1985,"Ferrous",0.581247130795739
1985,"Non-ferrous",0.0169480962311498
1986,"Ferrous",0.547277198536785
1986,"Non-ferrous",0.015866052842853
1987,"Ferrous",0.513823382764587
1987,"Non-ferrous",0.0148308464995683
1988,"Ferrous",0.547819605547361
1988,"Non-ferrous",0.0147980979585248
1989,"Ferrous",0.533641657925698
1989,"Non-ferrous",0.0140768519064783
1990,"Ferrous",0.534491117306832
1990,"Non-ferrous",0.0130394085932604
1991,"Ferrous",0.500894704601612
1991,"Non-ferrous",0.0119991750211533
1992,"Ferrous",0.501789677920544
1992,"Non-ferrous",0.0107839746355395
1993,"Ferrous",0.501414296739304
1993,"Non-ferrous",0.0111882718381076
1994,"Ferrous",0.479307700815942
1994,"Non-ferrous",0.0113793889780289
1995,"Ferrous",0.476583107348677
1995,"Non-ferrous",0.0112905613775942
1996,"Ferrous",0.522525603644663
1996,"Non-ferrous",0.01134911868278
1997,"Ferrous",0.530928930470493
1997,"Non-ferrous",0.0112000315420145
1998,"Ferrous",0.512455443421426
1998,"Non-ferrous",0.0100665695682115
1999,"Ferrous",0.538542502398926
1999,"Non-ferrous",0.0099096514427305
2000,"Ferrous",0.53348326200988
2000,"Non-ferrous",0.0100721017587013
2001,"Ferrous",0.555027843317054
2001,"Non-ferrous",0.00978602779035932
2002,"Ferrous",0.574470755917076
2002,"Non-ferrous",0.0107369158132447
2003,"Ferrous",0.550797963243865
2003,"Non-ferrous",0.0117722557045379
2004,"Ferrous",0.540244795838975
2004,"Non-ferrous",0.0128799806236899
2005,"Ferrous",0.531226884929785
2005,"Non-ferrous",0.0141605079078804
2006,"Ferrous",0.48378721662416
2006,"Non-ferrous",0.0155971930862594
2007,"Ferrous",0.466377931746171
2007,"Non-ferrous",0.0167836064180461
2008,"Ferrous",0.430642892626206
2008,"Non-ferrous",0.016433450181376
2009,"Ferrous",0.389147522581475
2009,"Non-ferrous",0.0143396481746016
2010,"Ferrous",0.402569734559527
2010,"Non-ferrous",0.0166476373699153
2011,"Ferrous",0.366911753276732
2011,"Non-ferrous",0.017624375136214
2012,"Ferrous",0.37365386584686
2012,"Non-ferrous",0.016971407024728
2013,"Ferrous",0.378317416067403
2013,"Non-ferrous",0.0170944085540744
2014,"Ferrous",0.347126906928265
2014,"Non-ferrous",0.0169861968078677
2015,"Ferrous",0.34658414082154
2015,"Non-ferrous",0.0155904379426492
2016,"Ferrous",0.362365617690721
2016,"Non-ferrous",0.0154531457806489
